budget_ms,seed,policy,display_name,mean_psnr,final_psnr,delta_q_vs_noop,mean_ssim,mean_actual_opt_ms,mean_n_selected,mean_fraction_selected,opt_violation_rate_pct,frame_violation_rate_pct
15.0,42,no_op,No-Op (Pass-through),12.348568233950385,12.139074802398682,0.0,0.5157214660069038,0.0,0.0,0.0,0.0,100.0
15.0,42,random,Random Selection,12.353886859170322,12.164232730865479,0.00531862521993709,0.5147714584038176,8.907655189777243,1.0344827586206897,0.02332456392242833,3.4482758620689653,100.0
15.0,42,error_only,Error-Only Heuristic,12.344280070271985,12.15455412864685,-0.00428816367839957,0.5140484571456909,8.83552123760355,1.0344827586206897,0.02331921563715379,3.4482758620689653,100.0
15.0,42,ours,Ours (Adaptive Marginal Utility),12.338194312720463,12.141588926315308,-0.01037392122992209,0.5148046499696272,10.269033497777478,0.8275862068965517,0.017717968114220117,10.344827586206897,100.0
15.0,42,full,Full Optimization (Ref. Bound),12.363363545516442,12.184364795684814,0.014795311566057734,0.515585642436455,467.643639137005,4529.862068965517,100.0,0.0,0.0
15.0,43,no_op,No-Op (Pass-through),12.345900042303677,12.161511182785034,0.0,0.5146451921298586,0.0,0.0,0.0,0.0,100.0
15.0,43,random,Random Selection,12.345492716493277,12.134897708892822,-0.0004073258104000388,0.5151635562551433,0.0,0.0,0.0,0.0,100.0
15.0,43,error_only,Error-Only Heuristic,12.33835117570285,12.149627208709717,-0.007548866600826543,0.5140403786609913,0.0,0.0,0.0,0.0,100.0
15.0,43,ours,Ours (Adaptive Marginal Utility),12.342781856142242,12.13104248046875,-0.0031181861614353323,0.5152476378555956,0.0,0.0,0.0,0.0,100.0
5.0,42,no_op,No-Op (Pass-through),12.348568233950385,12.139074802398682,0.0,0.5157214660069038,0.0,0.0,0.0,0.0,100.0
5.0,42,full,Full Optimization (Ref. Bound),12.363363545516442,12.184364795684814,0.014795311566057734,0.515585642436455,467.643639137005,4529.862068965517,100.0,0.0,0.0
5.0,42,random,Random Selection,12.34130674395068,12.12678074836731,-0.007261489999704551,0.5148222055928461,0.0,0.0,0.0,0.0,100.0
5.0,42,error_only,Error-Only Heuristic,12.342002638455096,12.153513431549072,-0.00656559549528879,0.5140745516481071,0.0,0.0,0.0,0.0,100.0
5.0,42,ours,Ours (Adaptive Marginal Utility),12.346075855452439,12.144410610198975,-0.002492378497946035,0.5149973764501768,0.0,0.0,0.0,0.0,100.0
5.0,43,no_op,No-Op (Pass-through),12.345900042303677,12.161511182785034,0.0,0.5146451921298586,0.0,0.0,0.0,0.0,100.0
5.0,43,random,Random Selection,12.346292734146118,12.167870998382568,0.0003926918424408399,0.5148224758690801,0.0,0.0,0.0,0.0,100.0
5.0,43,error_only,Error-Only Heuristic,12.332254237142102,12.14725375175476,-0.013645805161575097,0.5141194061986332,0.0,0.0,0.0,0.0,100.0
5.0,43,ours,Ours (Adaptive Marginal Utility),12.342034290576803,12.156674861907959,-0.0038657517268738673,0.5144920338844431,0.0,0.0,0.0,0.0,100.0
10.0,42,no_op,No-Op (Pass-through),12.348568233950385,12.139074802398682,0.0,0.5157214660069038,0.0,0.0,0.0,0.0,100.0
10.0,42,full,Full Optimization (Ref. Bound),12.363363545516442,12.184364795684814,0.014795311566057734,0.515585642436455,467.643639137005,4529.862068965517,100.0,0.0,0.0
10.0,42,random,Random Selection,12.357937179762741,12.17615008354187,0.0093689458123567,0.5154073793312599,8.819908931337554,1.0,0.02238625900324559,6.896551724137931,100.0
10.0,42,error_only,Error-Only Heuristic,12.36124901935972,12.168023586273193,0.012680785409335371,0.5158456337863001,7.913507264235924,1.0,0.02243756228936625,6.896551724137931,100.0
10.0,42,ours,Ours (Adaptive Marginal Utility),12.342556180625126,12.141467332839966,-0.006012053325259004,0.514612054002696,6.313167769333412,0.6206896551724138,0.012859240889025774,27.586206896551722,100.0
10.0,43,no_op,No-Op (Pass-through),12.345900042303677,12.161511182785034,0.0,0.5146451921298586,0.0,0.0,0.0,0.0,100.0
10.0,43,random,Random Selection,12.35122458688144,12.134740352630615,0.005324544577762325,0.5150092367468209,0.0,0.0,0.0,0.0,100.0
10.0,43,error_only,Error-Only Heuristic,12.350816850004525,12.166941165924072,0.004916807700848125,0.5154412327141598,0.0,0.0,0.0,0.0,100.0
10.0,43,ours,Ours (Adaptive Marginal Utility),12.347839577444669,12.162359952926636,0.001939535140991211,0.5150014347043531,0.0,0.0,0.0,0.0,100.0
20.0,42,no_op,No-Op (Pass-through),12.348568233950385,12.139074802398682,0.0,0.5157214660069038,0.0,0.0,0.0,0.0,100.0
20.0,42,full,Full Optimization (Ref. Bound),12.363363545516442,12.184364795684814,0.014795311566057734,0.515585642436455,467.643639137005,4529.862068965517,100.0,0.0,0.0
20.0,42,random,Random Selection,12.341633048550836,12.141177654266357,-0.006935185399548516,0.5152342504468458,11.384955767927499,2.0,0.044784737709240026,3.4482758620689653,100.0
20.0,42,error_only,Error-Only Heuristic,12.351125232104597,12.151079177856445,0.0025569981542119535,0.5148660437814121,10.639766166950094,2.0,0.0446972669301878,0.0,100.0
20.0,42,ours,Ours (Adaptive Marginal Utility),12.35755834086188,12.166733741760254,0.008990106911495488,0.5158390916627029,10.04684382471545,0.896551724137931,0.019406617742371592,0.0,100.0
20.0,43,no_op,No-Op (Pass-through),12.345900042303677,12.161511182785034,0.0,0.5146451921298586,0.0,0.0,0.0,0.0,100.0
20.0,43,random,Random Selection,12.343259309900217,12.169032096862793,-0.0026407324034600776,0.5147133212665032,0.0,0.0,0.0,0.0,100.0
20.0,43,error_only,Error-Only Heuristic,12.333169312312686,12.135263681411743,-0.012730729990991563,0.514011554676911,0.0,0.0,0.0,0.0,100.0
20.0,43,ours,Ours (Adaptive Marginal Utility),12.338683481874137,12.149829864501953,-0.007216560429540664,0.5140915862445173,0.0,0.0,0.0,0.0,100.0
30.0,42,no_op,No-Op (Pass-through),12.348568233950385,12.139074802398682,0.0,0.5157214660069038,0.0,0.0,0.0,0.0,100.0
30.0,42,full,Full Optimization (Ref. Bound),12.363363545516442,12.184364795684814,0.014795311566057734,0.515585642436455,467.643639137005,4529.862068965517,100.0,0.0,0.0
30.0,42,random,Random Selection,12.36318929442044,12.152589559555054,0.014621060470055625,0.5155366844144361,14.311798687638907,3.0,0.06712613499456004,0.0,100.0
30.0,42,error_only,Error-Only Heuristic,12.345140596915936,12.137641906738281,-0.003427637034448594,0.514028787612915,13.817244562609442,3.0,0.06725408718053769,0.0,100.0
30.0,42,ours,Ours (Adaptive Marginal Utility),12.356911938765954,12.133824825286865,0.008343704815569453,0.5157936287337336,13.802026880198511,1.206896551724138,0.026402646791268428,0.0,100.0
30.0,43,no_op,No-Op (Pass-through),12.345900042303677,12.161511182785034,0.0,0.5146451921298586,0.0,0.0,0.0,0.0,100.0
30.0,43,random,Random Selection,12.35098596276908,12.161332368850708,0.005085920465402793,0.5149648004564745,0.0,0.0,0.0,0.0,100.0
30.0,43,error_only,Error-Only Heuristic,12.34259165566543,12.146521806716919,-0.003308386638247285,0.5154011732545393,0.0,0.0,0.0,0.0,100.0
30.0,43,ours,Ours (Adaptive Marginal Utility),12.333728321667376,12.132370471954346,-0.012171720636301231,0.5144062186109608,0.0,0.0,0.0,0.0,100.0
