scene,sensor,seed,frame,psnr_ours,psnr_error,delta_q,win
tum_fr2_xyz,Freiburg 2,42,1,13.464378118515015,13.465136289596558,-0.0007581710815429688,0
tum_fr2_xyz,Freiburg 2,42,2,13.425371646881104,13.42924952507019,-0.003877878189086914,0
tum_fr2_xyz,Freiburg 2,42,3,13.298478126525879,13.30426812171936,-0.005789995193481445,0
tum_fr2_xyz,Freiburg 2,42,4,13.113037347793579,13.130381107330322,-0.017343759536743164,0
tum_fr2_xyz,Freiburg 2,42,5,12.942581176757812,12.960329055786133,-0.017747879028320312,0
tum_fr2_xyz,Freiburg 2,42,6,12.881356477737427,12.89258599281311,-0.011229515075683594,0
tum_fr2_xyz,Freiburg 2,42,7,12.837859392166138,12.845547199249268,-0.007687807083129883,0
tum_fr2_xyz,Freiburg 2,42,8,12.837458848953247,12.834752798080444,0.0027060508728027344,1
tum_fr2_xyz,Freiburg 2,42,9,12.794569730758667,12.792786359786987,0.0017833709716796875,1
tum_fr2_xyz,Freiburg 2,42,10,12.720123529434204,12.715709209442139,0.00441431999206543,1
tum_fr2_xyz,Freiburg 2,42,11,12.641619443893433,12.641414403915405,0.00020503997802734375,1
tum_fr2_xyz,Freiburg 2,42,12,12.512990236282349,12.530635595321655,-0.01764535903930664,0
tum_fr2_xyz,Freiburg 2,42,13,12.33305811882019,12.357598543167114,-0.024540424346923828,0
tum_fr2_xyz,Freiburg 2,42,14,12.209975719451904,12.223317623138428,-0.013341903686523438,0
tum_fr2_xyz,Freiburg 2,42,15,12.075674533843994,12.083617448806763,-0.007942914962768555,0
tum_fr2_xyz,Freiburg 2,42,16,11.959278583526611,11.965585947036743,-0.006307363510131836,0
tum_fr2_xyz,Freiburg 2,42,17,11.91747784614563,11.91246747970581,0.005010366439819336,1
tum_fr2_xyz,Freiburg 2,42,18,11.795897483825684,11.787680387496948,0.008217096328735352,1
tum_fr2_xyz,Freiburg 2,42,19,11.72350525856018,11.717078685760498,0.006426572799682617,1
tum_fr2_xyz,Freiburg 2,42,20,11.710842847824097,11.703349351882935,0.007493495941162109,1
tum_fr2_xyz,Freiburg 2,42,21,11.644679307937622,11.641055345535278,0.00362396240234375,1
tum_fr2_xyz,Freiburg 2,42,22,11.624823808670044,11.62416934967041,0.0006544589996337891,1
tum_fr2_xyz,Freiburg 2,42,23,11.645581722259521,11.647698879241943,-0.002117156982421875,0
tum_fr2_xyz,Freiburg 2,42,24,11.739543676376343,11.745120286941528,-0.005576610565185547,0
tum_fr2_xyz,Freiburg 2,42,25,11.844984292984009,11.853880882263184,-0.008896589279174805,0
tum_fr2_xyz,Freiburg 2,42,26,11.867767572402954,11.882078647613525,-0.014311075210571289,0
tum_fr2_xyz,Freiburg 2,42,27,11.963245868682861,11.984233856201172,-0.020987987518310547,0
tum_fr2_xyz,Freiburg 2,42,28,12.139885425567627,12.15783953666687,-0.017954111099243164,0
tum_fr2_xyz,Freiburg 2,42,29,12.141588926315308,12.15455412864685,-0.012965202331542969,0
tum_fr2_xyz,Freiburg 2,43,1,13.458311557769775,13.458311557769775,0.0,1
tum_fr2_xyz,Freiburg 2,43,2,13.422921895980835,13.424530029296875,-0.001608133316040039,0
tum_fr2_xyz,Freiburg 2,43,3,13.296021223068237,13.297531604766846,-0.0015103816986083984,0
tum_fr2_xyz,Freiburg 2,43,4,13.116377592086792,13.118332624435425,-0.0019550323486328125,0
tum_fr2_xyz,Freiburg 2,43,5,12.947543859481812,12.947930097579956,-0.00038623809814453125,0
tum_fr2_xyz,Freiburg 2,43,6,12.878377437591553,12.877899408340454,0.0004780292510986328,1
tum_fr2_xyz,Freiburg 2,43,7,12.830860614776611,12.83291220664978,-0.0020515918731689453,0
tum_fr2_xyz,Freiburg 2,43,8,12.83229947090149,12.825977802276611,0.00632166862487793,1
tum_fr2_xyz,Freiburg 2,43,9,12.784770727157593,12.790800333023071,-0.006029605865478516,0
tum_fr2_xyz,Freiburg 2,43,10,12.717818021774292,12.70918607711792,0.00863194465637207,1
tum_fr2_xyz,Freiburg 2,43,11,12.645915746688843,12.639062404632568,0.006853342056274414,1
tum_fr2_xyz,Freiburg 2,43,12,12.526777982711792,12.518346309661865,0.008431673049926758,1
tum_fr2_xyz,Freiburg 2,43,13,12.350062131881714,12.340900897979736,0.009161233901977539,1
tum_fr2_xyz,Freiburg 2,43,14,12.223634719848633,12.211741209030151,0.011893510818481445,1
tum_fr2_xyz,Freiburg 2,43,15,12.096298933029175,12.074810266494751,0.021488666534423828,1
tum_fr2_xyz,Freiburg 2,43,16,11.987825632095337,11.966829299926758,0.0209963321685791,1
tum_fr2_xyz,Freiburg 2,43,17,11.936525106430054,11.917786598205566,0.018738508224487305,1
tum_fr2_xyz,Freiburg 2,43,18,11.811319589614868,11.793733835220337,0.01758575439453125,1
tum_fr2_xyz,Freiburg 2,43,19,11.746524572372437,11.720232963562012,0.026291608810424805,1
tum_fr2_xyz,Freiburg 2,43,20,11.725845336914062,11.70121431350708,0.024631023406982422,1
tum_fr2_xyz,Freiburg 2,43,21,11.654833555221558,11.631584167480469,0.023249387741088867,1
tum_fr2_xyz,Freiburg 2,43,22,11.63522481918335,11.614305973052979,0.020918846130371094,1
tum_fr2_xyz,Freiburg 2,43,23,11.657413244247437,11.641759872436523,0.015653371810913086,1
tum_fr2_xyz,Freiburg 2,43,24,11.742817163467407,11.742234230041504,0.0005829334259033203,1
tum_fr2_xyz,Freiburg 2,43,25,11.835938692092896,11.854467391967773,-0.01852869987487793,0
tum_fr2_xyz,Freiburg 2,43,26,11.85602068901062,11.881492137908936,-0.02547144889831543,0
tum_fr2_xyz,Freiburg 2,43,27,11.958378553390503,11.978306770324707,-0.0199282169342041,0
tum_fr2_xyz,Freiburg 2,43,28,12.132972478866577,12.150336503982544,-0.017364025115966797,0
tum_fr2_xyz,Freiburg 2,43,29,12.13104248046875,12.149627208709717,-0.018584728240966797,0
tum_fr2_xyz,Freiburg 2,44,1,13.458311557769775,13.458311557769775,0.0,1
tum_fr2_xyz,Freiburg 2,44,2,13.425942659378052,13.424005508422852,0.0019371509552001953,1
tum_fr2_xyz,Freiburg 2,44,3,13.295845985412598,13.296414613723755,-0.0005686283111572266,0
tum_fr2_xyz,Freiburg 2,44,4,13.118395805358887,13.114180564880371,0.004215240478515625,1
tum_fr2_xyz,Freiburg 2,44,5,12.948594093322754,12.945051193237305,0.0035429000854492188,1
tum_fr2_xyz,Freiburg 2,44,6,12.881799936294556,12.876927852630615,0.00487208366394043,1
tum_fr2_xyz,Freiburg 2,44,7,12.83875823020935,12.827428579330444,0.01132965087890625,1
tum_fr2_xyz,Freiburg 2,44,8,12.836744785308838,12.817931175231934,0.018813610076904297,1
tum_fr2_xyz,Freiburg 2,44,9,12.796037197113037,12.765451669692993,0.030585527420043945,1
tum_fr2_xyz,Freiburg 2,44,10,12.71578073501587,12.688212394714355,0.027568340301513672,1
tum_fr2_xyz,Freiburg 2,44,11,12.643581628799438,12.614428997039795,0.029152631759643555,1
tum_fr2_xyz,Freiburg 2,44,12,12.519932985305786,12.493948936462402,0.02598404884338379,1
tum_fr2_xyz,Freiburg 2,44,13,12.354040145874023,12.322360277175903,0.03167986869812012,1
tum_fr2_xyz,Freiburg 2,44,14,12.224303483963013,12.203280925750732,0.021022558212280273,1
tum_fr2_xyz,Freiburg 2,44,15,12.088470458984375,12.073428630828857,0.015041828155517578,1
tum_fr2_xyz,Freiburg 2,44,16,11.980379819869995,11.958643198013306,0.021736621856689453,1
tum_fr2_xyz,Freiburg 2,44,17,11.928950548171997,11.908588409423828,0.020362138748168945,1
tum_fr2_xyz,Freiburg 2,44,18,11.794930696487427,11.787530183792114,0.0074005126953125,1
tum_fr2_xyz,Freiburg 2,44,19,11.727781295776367,11.716614961624146,0.01116633415222168,1
tum_fr2_xyz,Freiburg 2,44,20,11.716289520263672,11.699787378311157,0.01650214195251465,1
tum_fr2_xyz,Freiburg 2,44,21,11.645485162734985,11.630743741989136,0.01474142074584961,1
tum_fr2_xyz,Freiburg 2,44,22,11.626213788986206,11.617816686630249,0.008397102355957031,1
tum_fr2_xyz,Freiburg 2,44,23,11.648998260498047,11.640713214874268,0.008285045623779297,1
tum_fr2_xyz,Freiburg 2,44,24,11.737806797027588,11.73368215560913,0.004124641418457031,1
tum_fr2_xyz,Freiburg 2,44,25,11.845825910568237,11.83426022529602,0.011565685272216797,1
tum_fr2_xyz,Freiburg 2,44,26,11.875,11.854963302612305,0.020036697387695312,1
tum_fr2_xyz,Freiburg 2,44,27,11.972705125808716,11.947177648544312,0.025527477264404297,1
tum_fr2_xyz,Freiburg 2,44,28,12.148550748825073,12.116249799728394,0.03230094909667969,1
tum_fr2_xyz,Freiburg 2,44,29,12.148722410202026,12.115421295166016,0.03330111503601074,1
tum_fr2_xyz,Freiburg 2,45,1,13.458311557769775,13.458311557769775,0.0,1
tum_fr2_xyz,Freiburg 2,45,2,13.427187204360962,13.425318002700806,0.00186920166015625,1
tum_fr2_xyz,Freiburg 2,45,3,13.298277854919434,13.299360275268555,-0.0010824203491210938,0
tum_fr2_xyz,Freiburg 2,45,4,13.119497299194336,13.116551637649536,0.0029456615447998047,1
tum_fr2_xyz,Freiburg 2,45,5,12.955516576766968,12.948037385940552,0.007479190826416016,1
tum_fr2_xyz,Freiburg 2,45,6,12.882269620895386,12.87523627281189,0.007033348083496094,1
tum_fr2_xyz,Freiburg 2,45,7,12.835240364074707,12.823044061660767,0.01219630241394043,1
tum_fr2_xyz,Freiburg 2,45,8,12.832520008087158,12.82782793045044,0.00469207763671875,1
tum_fr2_xyz,Freiburg 2,45,9,12.782199382781982,12.784035205841064,-0.0018358230590820312,0
tum_fr2_xyz,Freiburg 2,45,10,12.71302580833435,12.704710960388184,0.008314847946166992,1
tum_fr2_xyz,Freiburg 2,45,11,12.644164562225342,12.63155221939087,0.012612342834472656,1
tum_fr2_xyz,Freiburg 2,45,12,12.525935173034668,12.5082528591156,0.017682313919067383,1
tum_fr2_xyz,Freiburg 2,45,13,12.350232601165771,12.344211339950562,0.006021261215209961,1
tum_fr2_xyz,Freiburg 2,45,14,12.223854064941406,12.216503620147705,0.007350444793701172,1
tum_fr2_xyz,Freiburg 2,45,15,12.089841365814209,12.080109119415283,0.009732246398925781,1
tum_fr2_xyz,Freiburg 2,45,16,11.974178552627563,11.964782476425171,0.009396076202392578,1
tum_fr2_xyz,Freiburg 2,45,17,11.937025785446167,11.9102942943573,0.026731491088867188,1
tum_fr2_xyz,Freiburg 2,45,18,11.809958219528198,11.78583025932312,0.024127960205078125,1
tum_fr2_xyz,Freiburg 2,45,19,11.737536191940308,11.71646237373352,0.02107381820678711,1
tum_fr2_xyz,Freiburg 2,45,20,11.719930171966553,11.70253038406372,0.01739978790283203,1
tum_fr2_xyz,Freiburg 2,45,21,11.652665138244629,11.638566255569458,0.014098882675170898,1
tum_fr2_xyz,Freiburg 2,45,22,11.638853549957275,11.617101430892944,0.021752119064331055,1
tum_fr2_xyz,Freiburg 2,45,23,11.655116081237793,11.637474298477173,0.017641782760620117,1
tum_fr2_xyz,Freiburg 2,45,24,11.736602783203125,11.732858419418335,0.003744363784790039,1
tum_fr2_xyz,Freiburg 2,45,25,11.83911681175232,11.84499740600586,-0.005880594253540039,0
tum_fr2_xyz,Freiburg 2,45,26,11.868456602096558,11.870118379592896,-0.0016617774963378906,0
tum_fr2_xyz,Freiburg 2,45,27,11.97223424911499,11.9716477394104,0.0005865097045898438,1
tum_fr2_xyz,Freiburg 2,45,28,12.150472402572632,12.140308618545532,0.01016378402709961,1
tum_fr2_xyz,Freiburg 2,45,29,12.152512073516846,12.136878967285156,0.015633106231689453,1
tum_fr2_xyz,Freiburg 2,46,1,13.458311557769775,13.465389013290405,-0.007077455520629883,0
tum_fr2_xyz,Freiburg 2,46,2,13.421915769577026,13.430495262145996,-0.008579492568969727,0
tum_fr2_xyz,Freiburg 2,46,3,13.2928466796875,13.307348489761353,-0.014501810073852539,0
tum_fr2_xyz,Freiburg 2,46,4,13.10925006866455,13.128951787948608,-0.019701719284057617,0
tum_fr2_xyz,Freiburg 2,46,5,12.952322959899902,12.965902090072632,-0.013579130172729492,0
tum_fr2_xyz,Freiburg 2,46,6,12.887227535247803,12.901427745819092,-0.014200210571289062,0
tum_fr2_xyz,Freiburg 2,46,7,12.851438522338867,12.858326435089111,-0.006887912750244141,0
tum_fr2_xyz,Freiburg 2,46,8,12.84587025642395,12.848162651062012,-0.0022923946380615234,0
tum_fr2_xyz,Freiburg 2,46,9,12.8044593334198,12.803192138671875,0.0012671947479248047,1
tum_fr2_xyz,Freiburg 2,46,10,12.722461223602295,12.721046209335327,0.0014150142669677734,1
tum_fr2_xyz,Freiburg 2,46,11,12.647457122802734,12.656570672988892,-0.009113550186157227,0
tum_fr2_xyz,Freiburg 2,46,12,12.529170513153076,12.54050612449646,-0.011335611343383789,0
tum_fr2_xyz,Freiburg 2,46,13,12.36560583114624,12.362937927246094,0.0026679039001464844,1
tum_fr2_xyz,Freiburg 2,46,14,12.242987155914307,12.23088026046753,0.012106895446777344,1
tum_fr2_xyz,Freiburg 2,46,15,12.106328010559082,12.104864120483398,0.0014638900756835938,1
tum_fr2_xyz,Freiburg 2,46,16,11.988928318023682,11.999434232711792,-0.010505914688110352,0
tum_fr2_xyz,Freiburg 2,46,17,11.935957670211792,11.94919228553772,-0.013234615325927734,0
tum_fr2_xyz,Freiburg 2,46,18,11.813089847564697,11.826702356338501,-0.013612508773803711,0
tum_fr2_xyz,Freiburg 2,46,19,11.744495630264282,11.752737760543823,-0.008242130279541016,0
tum_fr2_xyz,Freiburg 2,46,20,11.73182487487793,11.73291563987732,-0.0010907649993896484,0
tum_fr2_xyz,Freiburg 2,46,21,11.659730672836304,11.666362285614014,-0.006631612777709961,0
tum_fr2_xyz,Freiburg 2,46,22,11.640625,11.646534204483032,-0.0059092044830322266,0
tum_fr2_xyz,Freiburg 2,46,23,11.664513349533081,11.666640043258667,-0.0021266937255859375,0
tum_fr2_xyz,Freiburg 2,46,24,11.765273809432983,11.755905151367188,0.009368658065795898,1
tum_fr2_xyz,Freiburg 2,46,25,11.87953233718872,11.857786178588867,0.021746158599853516,1
tum_fr2_xyz,Freiburg 2,46,26,11.910034418106079,11.882085800170898,0.027948617935180664,1
tum_fr2_xyz,Freiburg 2,46,27,12.008399963378906,11.97905421257019,0.02934575080871582,1
tum_fr2_xyz,Freiburg 2,46,28,12.179908752441406,12.148635387420654,0.03127336502075195,1
tum_fr2_xyz,Freiburg 2,46,29,12.181627750396729,12.148205041885376,0.03342270851135254,1
tum_fr1_rpy,Freiburg 1,42,1,9.833904504776001,9.8391854763031,-0.005280971527099609,0
tum_fr1_rpy,Freiburg 1,42,2,9.393589496612549,9.462409019470215,-0.06881952285766602,0
tum_fr1_rpy,Freiburg 1,42,3,8.838735222816467,8.917288780212402,-0.07855355739593506,0
tum_fr1_rpy,Freiburg 1,42,4,8.406689167022705,8.535542488098145,-0.12885332107543945,0
tum_fr1_rpy,Freiburg 1,42,5,8.169305324554443,8.270171284675598,-0.10086596012115479,0
tum_fr1_rpy,Freiburg 1,42,6,7.962613105773926,8.064517378807068,-0.10190427303314209,0
tum_fr1_rpy,Freiburg 1,42,7,7.695798873901367,7.814620137214661,-0.11882126331329346,0
tum_fr1_rpy,Freiburg 1,42,8,7.649288177490234,7.733969688415527,-0.08468151092529297,0
tum_fr1_rpy,Freiburg 1,42,9,7.401784062385559,7.447794079780579,-0.04601001739501953,0
tum_fr1_rpy,Freiburg 1,43,1,9.807338118553162,9.807338118553162,0.0,1
tum_fr1_rpy,Freiburg 1,43,2,9.391970038414001,9.38749074935913,0.0044792890548706055,1
tum_fr1_rpy,Freiburg 1,43,3,8.834527134895325,8.836026191711426,-0.0014990568161010742,0
tum_fr1_rpy,Freiburg 1,43,4,8.40685486793518,8.401594758033752,0.005260109901428223,1
tum_fr1_rpy,Freiburg 1,43,5,8.172175288200378,8.167756199836731,0.004419088363647461,1
tum_fr1_rpy,Freiburg 1,43,6,7.995630502700806,7.957620024681091,0.038010478019714355,1
tum_fr1_rpy,Freiburg 1,43,7,7.733495235443115,7.653375267982483,0.08011996746063232,1
tum_fr1_rpy,Freiburg 1,43,8,7.655017971992493,7.562112808227539,0.09290516376495361,1
tum_fr1_rpy,Freiburg 1,43,9,7.364138960838318,7.321481704711914,0.04265725612640381,1
tum_fr1_rpy,Freiburg 1,43,10,7.028114199638367,7.010336518287659,0.017777681350708008,1
tum_fr1_rpy,Freiburg 1,43,11,6.757035851478577,6.742527484893799,0.014508366584777832,1
tum_fr1_rpy,Freiburg 1,43,12,6.453790664672852,6.4487868547439575,0.005003809928894043,1
tum_fr1_rpy,Freiburg 1,43,13,6.915447115898132,6.892522573471069,0.02292454242706299,1
tum_fr1_rpy,Freiburg 1,43,14,7.4897366762161255,7.49373197555542,-0.003995299339294434,0
tum_fr1_rpy,Freiburg 1,43,15,7.2542983293533325,7.229211926460266,0.025086402893066406,1
tum_fr1_rpy,Freiburg 1,43,16,7.107954621315002,7.043671607971191,0.06428301334381104,1
tum_fr1_rpy,Freiburg 1,43,17,6.953626871109009,6.948907375335693,0.00471949577331543,1
tum_fr1_rpy,Freiburg 1,43,18,6.839463114738464,6.850462555885315,-0.010999441146850586,0
tum_fr1_rpy,Freiburg 1,43,19,6.7898935079574585,6.822706460952759,-0.03281295299530029,0
tum_fr1_rpy,Freiburg 1,44,1,9.807338118553162,9.807338118553162,0.0,1
tum_fr1_rpy,Freiburg 1,44,2,9.393070936203003,9.404242038726807,-0.011171102523803711,0
tum_fr1_rpy,Freiburg 1,44,3,8.859978318214417,8.853251934051514,0.006726384162902832,1
tum_fr1_rpy,Freiburg 1,44,4,8.427832126617432,8.436685800552368,-0.008853673934936523,0
tum_fr1_rpy,Freiburg 1,44,5,8.18453848361969,8.172679543495178,0.011858940124511719,1
tum_fr1_rpy,Freiburg 1,44,6,7.9928988218307495,7.9583317041397095,0.03456711769104004,1
tum_fr1_rpy,Freiburg 1,44,7,7.698904871940613,7.697722911834717,0.001181960105895996,1
tum_fr1_rpy,Freiburg 1,44,8,7.555033564567566,7.5983768701553345,-0.043343305587768555,0
tum_fr1_rpy,Freiburg 1,44,9,7.269051671028137,7.313753962516785,-0.04470229148864746,0
tum_fr1_rpy,Freiburg 1,44,10,6.934006214141846,6.939584016799927,-0.005577802658081055,0
tum_fr1_rpy,Freiburg 1,44,11,6.705847978591919,6.659393310546875,0.046454668045043945,1
tum_fr1_rpy,Freiburg 1,44,12,6.3739049434661865,6.385279893875122,-0.011374950408935547,0
tum_fr1_rpy,Freiburg 1,44,13,6.8783557415008545,6.856486201286316,0.021869540214538574,1
tum_fr1_rpy,Freiburg 1,44,14,7.481457591056824,7.450968623161316,0.030488967895507812,1
tum_fr1_rpy,Freiburg 1,44,15,7.227981686592102,7.278730869293213,-0.05074918270111084,0
tum_fr1_rpy,Freiburg 1,44,16,7.046087384223938,7.105951905250549,-0.05986452102661133,0
tum_fr1_rpy,Freiburg 1,44,17,6.943902969360352,6.995348930358887,-0.051445960998535156,0
tum_fr1_rpy,Freiburg 1,44,18,6.871216297149658,6.888830065727234,-0.017613768577575684,0
tum_fr1_rpy,Freiburg 1,44,19,6.846461892127991,6.896635293960571,-0.050173401832580566,0
tum_fr1_rpy,Freiburg 1,45,1,9.807338118553162,9.807338118553162,0.0,1
tum_fr1_rpy,Freiburg 1,45,2,9.402351379394531,9.3975168466568,0.004834532737731934,1
tum_fr1_rpy,Freiburg 1,45,3,8.85909616947174,8.846938014030457,0.01215815544128418,1
tum_fr1_rpy,Freiburg 1,45,4,8.41209888458252,8.436793684959412,-0.02469480037689209,0
tum_fr1_rpy,Freiburg 1,45,5,8.190609216690063,8.202089071273804,-0.011479854583740234,0
tum_fr1_rpy,Freiburg 1,45,6,7.943491339683533,7.967647910118103,-0.024156570434570312,0
tum_fr1_rpy,Freiburg 1,45,7,7.709287405014038,7.711697220802307,-0.002409815788269043,0
tum_fr1_rpy,Freiburg 1,45,8,7.629186511039734,7.605531215667725,0.023655295372009277,1
tum_fr1_rpy,Freiburg 1,45,9,7.309705018997192,7.3032450675964355,0.006459951400756836,1
tum_fr1_rpy,Freiburg 1,45,10,6.9459569454193115,6.9718921184539795,-0.02593517303466797,0
tum_fr1_rpy,Freiburg 1,45,11,6.6861748695373535,6.661096811294556,0.02507805824279785,1
tum_fr1_rpy,Freiburg 1,45,12,6.387105584144592,6.332893371582031,0.054212212562561035,1
tum_fr1_rpy,Freiburg 1,45,13,6.79524302482605,6.808938980102539,-0.013695955276489258,0
tum_fr1_rpy,Freiburg 1,45,14,7.40783154964447,7.406681776046753,0.0011497735977172852,1
tum_fr1_rpy,Freiburg 1,45,15,7.181897163391113,7.2173625230789185,-0.035465359687805176,0
tum_fr1_rpy,Freiburg 1,45,16,7.012429237365723,7.019573450088501,-0.00714421272277832,0
tum_fr1_rpy,Freiburg 1,45,17,6.9304656982421875,6.919658184051514,0.010807514190673828,1
tum_fr1_rpy,Freiburg 1,45,18,6.85759961605072,6.801961660385132,0.05563795566558838,1
tum_fr1_rpy,Freiburg 1,45,19,6.852985620498657,6.76550567150116,0.08747994899749756,1
tum_fr1_rpy,Freiburg 1,46,1,9.807338118553162,9.860432744026184,-0.05309462547302246,0
tum_fr1_rpy,Freiburg 1,46,2,9.391881227493286,9.443621039390564,-0.05173981189727783,0
tum_fr1_rpy,Freiburg 1,46,3,8.857070803642273,8.908559083938599,-0.051488280296325684,0
tum_fr1_rpy,Freiburg 1,46,4,8.44434380531311,8.506984114646912,-0.06264030933380127,0
tum_fr1_rpy,Freiburg 1,46,5,8.28309178352356,8.283148407936096,-5.6624412536621094e-05,0
tum_fr1_rpy,Freiburg 1,46,6,8.099911212921143,8.109009861946106,-0.009098649024963379,0
tum_fr1_rpy,Freiburg 1,46,7,7.831947207450867,7.852334976196289,-0.020387768745422363,0
tum_fr1_rpy,Freiburg 1,46,8,7.715781331062317,7.757807374000549,-0.04202604293823242,0
tum_fr1_rpy,Freiburg 1,46,9,7.46389627456665,7.4643319845199585,-0.00043570995330810547,0
tum_fr1_rpy,Freiburg 1,46,10,7.152055501937866,7.118119597434998,0.03393590450286865,1
tum_fr1_rpy,Freiburg 1,46,11,6.888185143470764,6.936880350112915,-0.04869520664215088,0
tum_fr1_rpy,Freiburg 1,46,12,6.589726209640503,6.651654243469238,-0.06192803382873535,0
tum_fr1_rpy,Freiburg 1,46,13,7.034808397293091,7.091119289398193,-0.05631089210510254,0
tum_fr1_rpy,Freiburg 1,46,14,7.55912721157074,7.685169577598572,-0.12604236602783203,0
tum_fr1_rpy,Freiburg 1,46,15,7.325257658958435,7.451540231704712,-0.12628257274627686,0
tum_fr1_rpy,Freiburg 1,46,16,7.119147777557373,7.271962761878967,-0.15281498432159424,0
tum_fr1_rpy,Freiburg 1,46,17,7.036383748054504,7.179407477378845,-0.14302372932434082,0
tum_fr1_rpy,Freiburg 1,46,18,6.927863359451294,7.026501893997192,-0.09863853454589844,0
tum_fr1_rpy,Freiburg 1,46,19,6.912839412689209,7.029796242713928,-0.11695683002471924,0
tum_fr1_xyz,Freiburg 1,42,1,12.273577451705933,12.280166149139404,-0.00658869743347168,0
tum_fr1_xyz,Freiburg 1,42,2,11.653989553451538,11.680128574371338,-0.026139020919799805,0
tum_fr1_xyz,Freiburg 1,42,3,11.142053604125977,11.16641640663147,-0.024362802505493164,0
tum_fr1_xyz,Freiburg 1,42,4,10.85496187210083,10.875874757766724,-0.020912885665893555,0
tum_fr1_xyz,Freiburg 1,42,5,10.783270597457886,10.793418884277344,-0.010148286819458008,0
tum_fr1_xyz,Freiburg 1,42,6,11.188308000564575,11.215311288833618,-0.02700328826904297,0
tum_fr1_xyz,Freiburg 1,42,7,11.241625547409058,11.258538961410522,-0.016913414001464844,0
tum_fr1_xyz,Freiburg 1,42,8,11.151936054229736,11.126331090927124,0.025604963302612305,1
tum_fr1_xyz,Freiburg 1,42,9,10.87726354598999,10.894743204116821,-0.017479658126831055,0
tum_fr1_xyz,Freiburg 1,42,10,10.829880237579346,10.861749649047852,-0.03186941146850586,0
tum_fr1_xyz,Freiburg 1,42,11,10.74887990951538,10.782324075698853,-0.03344416618347168,0
tum_fr1_xyz,Freiburg 1,42,12,11.282780170440674,11.283750534057617,-0.0009703636169433594,0
tum_fr1_xyz,Freiburg 1,42,13,11.560715436935425,11.609100103378296,-0.048384666442871094,0
tum_fr1_xyz,Freiburg 1,42,14,11.643472909927368,11.717386245727539,-0.0739133358001709,0
tum_fr1_xyz,Freiburg 1,42,15,11.716200113296509,11.795990467071533,-0.07979035377502441,0
tum_fr1_xyz,Freiburg 1,42,16,11.871058940887451,11.95441484451294,-0.08335590362548828,0
tum_fr1_xyz,Freiburg 1,42,17,11.949771642684937,12.06497073173523,-0.11519908905029297,0
tum_fr1_xyz,Freiburg 1,42,18,12.039974927902222,12.164748907089233,-0.12477397918701172,0
tum_fr1_xyz,Freiburg 1,42,19,12.138611078262329,12.232931852340698,-0.09432077407836914,0
tum_fr1_xyz,Freiburg 1,43,1,12.265809774398804,12.265809774398804,0.0,1
tum_fr1_xyz,Freiburg 1,43,2,11.662348508834839,11.658940315246582,0.003408193588256836,1
tum_fr1_xyz,Freiburg 1,43,3,11.138278245925903,11.132160425186157,0.006117820739746094,1
tum_fr1_xyz,Freiburg 1,43,4,10.863438844680786,10.855004787445068,0.008434057235717773,1
tum_fr1_xyz,Freiburg 1,43,5,10.779575109481812,10.762132406234741,0.017442703247070312,1
tum_fr1_xyz,Freiburg 1,43,6,11.192636489868164,11.18335485458374,0.009281635284423828,1
tum_fr1_xyz,Freiburg 1,43,7,11.235237121582031,11.199216842651367,0.03602027893066406,1
tum_fr1_xyz,Freiburg 1,43,8,11.098717451095581,11.08481764793396,0.013899803161621094,1
tum_fr1_xyz,Freiburg 1,43,9,10.84072232246399,10.829665660858154,0.011056661605834961,1
tum_fr1_xyz,Freiburg 1,43,10,10.78685998916626,10.804039239883423,-0.017179250717163086,0
tum_fr1_xyz,Freiburg 1,43,11,10.681384801864624,10.71028470993042,-0.0288999080657959,0
tum_fr1_xyz,Freiburg 1,43,12,11.206401586532593,11.206891536712646,-0.0004899501800537109,0
tum_fr1_xyz,Freiburg 1,43,13,11.535400152206421,11.50133490562439,0.03406524658203125,1
tum_fr1_xyz,Freiburg 1,43,14,11.613070964813232,11.597269773483276,0.015801191329956055,1
tum_fr1_xyz,Freiburg 1,43,15,11.64196252822876,11.65090799331665,-0.008945465087890625,0
tum_fr1_xyz,Freiburg 1,43,16,11.788934469223022,11.788949966430664,-1.5497207641601562e-05,0
tum_fr1_xyz,Freiburg 1,43,17,11.884359121322632,11.898047924041748,-0.013688802719116211,0
tum_fr1_xyz,Freiburg 1,43,18,11.965972185134888,11.981602907180786,-0.015630722045898438,0
tum_fr1_xyz,Freiburg 1,43,19,12.04985499382019,12.06167221069336,-0.011817216873168945,0
tum_fr1_xyz,Freiburg 1,44,1,12.265809774398804,12.265809774398804,0.0,1
tum_fr1_xyz,Freiburg 1,44,2,11.65766716003418,11.658751964569092,-0.0010848045349121094,0
tum_fr1_xyz,Freiburg 1,44,3,11.125566959381104,11.130740642547607,-0.005173683166503906,0
tum_fr1_xyz,Freiburg 1,44,4,10.842341184616089,10.841982364654541,0.00035881996154785156,1
tum_fr1_xyz,Freiburg 1,44,5,10.7564115524292,10.77053427696228,-0.014122724533081055,0
tum_fr1_xyz,Freiburg 1,44,6,11.155370473861694,11.162012815475464,-0.006642341613769531,0
tum_fr1_xyz,Freiburg 1,44,7,11.19832992553711,11.200846433639526,-0.002516508102416992,0
tum_fr1_xyz,Freiburg 1,44,8,11.067239046096802,11.068284511566162,-0.0010454654693603516,0
tum_fr1_xyz,Freiburg 1,44,9,10.816192626953125,10.809953212738037,0.006239414215087891,1
tum_fr1_xyz,Freiburg 1,44,10,10.792334079742432,10.812692642211914,-0.020358562469482422,0
tum_fr1_xyz,Freiburg 1,44,11,10.683591365814209,10.708515644073486,-0.024924278259277344,0
tum_fr1_xyz,Freiburg 1,44,12,11.223697662353516,11.228893995285034,-0.005196332931518555,0
tum_fr1_xyz,Freiburg 1,44,13,11.54572606086731,11.53073787689209,0.014988183975219727,1
tum_fr1_xyz,Freiburg 1,44,14,11.623715162277222,11.599217653274536,0.024497509002685547,1
tum_fr1_xyz,Freiburg 1,44,15,11.664425134658813,11.68040156364441,-0.015976428985595703,0
tum_fr1_xyz,Freiburg 1,44,16,11.827013492584229,11.863986253738403,-0.036972761154174805,0
tum_fr1_xyz,Freiburg 1,44,17,11.966830492019653,11.95145845413208,0.015372037887573242,1
tum_fr1_xyz,Freiburg 1,44,18,12.048474550247192,12.042282819747925,0.006191730499267578,1
tum_fr1_xyz,Freiburg 1,44,19,12.118446826934814,12.117716073989868,0.0007307529449462891,1
tum_fr1_xyz,Freiburg 1,45,1,12.265809774398804,12.265809774398804,0.0,1
tum_fr1_xyz,Freiburg 1,45,2,11.657087802886963,11.653910875320435,0.0031769275665283203,1
tum_fr1_xyz,Freiburg 1,45,3,11.133584976196289,11.133108139038086,0.000476837158203125,1
tum_fr1_xyz,Freiburg 1,45,4,10.85167407989502,10.840703248977661,0.010970830917358398,1
tum_fr1_xyz,Freiburg 1,45,5,10.773879289627075,10.754802227020264,0.019077062606811523,1
tum_fr1_xyz,Freiburg 1,45,6,11.191763877868652,11.171669960021973,0.020093917846679688,1
tum_fr1_xyz,Freiburg 1,45,7,11.224766969680786,11.242760419845581,-0.017993450164794922,0
tum_fr1_xyz,Freiburg 1,45,8,11.089403629302979,11.103677749633789,-0.014274120330810547,0
tum_fr1_xyz,Freiburg 1,45,9,10.84404706954956,10.825309753417969,0.018737316131591797,1
tum_fr1_xyz,Freiburg 1,45,10,10.810741186141968,10.788589715957642,0.022151470184326172,1
tum_fr1_xyz,Freiburg 1,45,11,10.746994018554688,10.677484273910522,0.06950974464416504,1
tum_fr1_xyz,Freiburg 1,45,12,11.264492273330688,11.228985786437988,0.035506486892700195,1
tum_fr1_xyz,Freiburg 1,45,13,11.55682921409607,11.544520854949951,0.012308359146118164,1
tum_fr1_xyz,Freiburg 1,45,14,11.62732481956482,11.635500192642212,-0.008175373077392578,0
tum_fr1_xyz,Freiburg 1,45,15,11.676201820373535,11.686017513275146,-0.009815692901611328,0
tum_fr1_xyz,Freiburg 1,45,16,11.791024208068848,11.852079629898071,-0.06105542182922363,0
tum_fr1_xyz,Freiburg 1,45,17,11.870118379592896,11.906553506851196,-0.03643512725830078,0
tum_fr1_xyz,Freiburg 1,45,18,11.923081874847412,11.96535587310791,-0.04227399826049805,0
tum_fr1_xyz,Freiburg 1,45,19,12.036508321762085,12.05198049545288,-0.015472173690795898,0
tum_fr1_xyz,Freiburg 1,46,1,12.265809774398804,12.277177572250366,-0.0113677978515625,0
tum_fr1_xyz,Freiburg 1,46,2,11.656148433685303,11.675680875778198,-0.019532442092895508,0
tum_fr1_xyz,Freiburg 1,46,3,11.125422716140747,11.14730954170227,-0.021886825561523438,0
tum_fr1_xyz,Freiburg 1,46,4,10.840336084365845,10.879229307174683,-0.03889322280883789,0
tum_fr1_xyz,Freiburg 1,46,5,10.78705906867981,10.809812545776367,-0.022753477096557617,0
tum_fr1_xyz,Freiburg 1,46,6,11.205041408538818,11.227505207061768,-0.02246379852294922,0
tum_fr1_xyz,Freiburg 1,46,7,11.254982948303223,11.260039806365967,-0.005056858062744141,0
tum_fr1_xyz,Freiburg 1,46,8,11.149368286132812,11.123772859573364,0.025595426559448242,1
tum_fr1_xyz,Freiburg 1,46,9,10.917701721191406,10.876752138137817,0.04094958305358887,1
tum_fr1_xyz,Freiburg 1,46,10,10.869985818862915,10.861483812332153,0.008502006530761719,1
tum_fr1_xyz,Freiburg 1,46,11,10.766767263412476,10.807269811630249,-0.04050254821777344,0
tum_fr1_xyz,Freiburg 1,46,12,11.268054246902466,11.347118616104126,-0.07906436920166016,0
tum_fr1_xyz,Freiburg 1,46,13,11.594792604446411,11.662355661392212,-0.06756305694580078,0
tum_fr1_xyz,Freiburg 1,46,14,11.698938608169556,11.736829280853271,-0.03789067268371582,0
tum_fr1_xyz,Freiburg 1,46,15,11.761051416397095,11.816860437393188,-0.05580902099609375,0
tum_fr1_xyz,Freiburg 1,46,16,11.904749870300293,11.970130205154419,-0.06538033485412598,0
tum_fr1_xyz,Freiburg 1,46,17,12.012548446655273,12.038551568984985,-0.026003122329711914,0
tum_fr1_xyz,Freiburg 1,46,18,12.0811927318573,12.102787494659424,-0.021594762802124023,0
tum_fr1_xyz,Freiburg 1,46,19,12.168717384338379,12.149332761764526,0.01938462257385254,1
tum_fr3_sitting_static,Freiburg 3,42,1,7.356544137001038,7.365865707397461,-0.00932157039642334,0
tum_fr3_sitting_static,Freiburg 3,42,2,7.1930307149887085,7.203978896141052,-0.01094818115234375,0
tum_fr3_sitting_static,Freiburg 3,42,3,7.136703133583069,7.1475279331207275,-0.010824799537658691,0
tum_fr3_sitting_static,Freiburg 3,42,4,7.029566764831543,7.043135762214661,-0.013568997383117676,0
tum_fr3_sitting_static,Freiburg 3,42,5,6.915715932846069,6.932820677757263,-0.017104744911193848,0
tum_fr3_sitting_static,Freiburg 3,42,6,6.916629076004028,6.939287781715393,-0.022658705711364746,0
tum_fr3_sitting_static,Freiburg 3,42,7,6.939250826835632,6.9501519203186035,-0.010901093482971191,0
tum_fr3_sitting_static,Freiburg 3,42,8,6.964282393455505,6.97828471660614,-0.014002323150634766,0
tum_fr3_sitting_static,Freiburg 3,42,9,6.982002854347229,6.995415091514587,-0.013412237167358398,0
tum_fr3_sitting_static,Freiburg 3,42,10,6.954303979873657,6.967839002609253,-0.013535022735595703,0
tum_fr3_sitting_static,Freiburg 3,42,11,6.9321829080581665,6.945452094078064,-0.013269186019897461,0
tum_fr3_sitting_static,Freiburg 3,42,12,6.976122260093689,6.99189305305481,-0.015770792961120605,0
tum_fr3_sitting_static,Freiburg 3,42,13,7.040046453475952,7.053045630455017,-0.012999176979064941,0
tum_fr3_sitting_static,Freiburg 3,42,14,7.069106101989746,7.0821380615234375,-0.013031959533691406,0
tum_fr3_sitting_static,Freiburg 3,42,15,7.134775519371033,7.146002650260925,-0.011227130889892578,0
tum_fr3_sitting_static,Freiburg 3,42,16,7.183437943458557,7.195649147033691,-0.012211203575134277,0
tum_fr3_sitting_static,Freiburg 3,42,17,7.252973914146423,7.264111042022705,-0.011137127876281738,0
tum_fr3_sitting_static,Freiburg 3,42,18,7.305955290794373,7.316063046455383,-0.010107755661010742,0
tum_fr3_sitting_static,Freiburg 3,42,19,7.337874174118042,7.340368032455444,-0.0024938583374023438,0
tum_fr3_sitting_static,Freiburg 3,43,1,7.356544137001038,7.356544137001038,0.0,1
tum_fr3_sitting_static,Freiburg 3,43,2,7.195071578025818,7.196096181869507,-0.0010246038436889648,0
tum_fr3_sitting_static,Freiburg 3,43,3,7.138815522193909,7.137971520423889,0.0008440017700195312,1
tum_fr3_sitting_static,Freiburg 3,43,4,7.032367587089539,7.032073736190796,0.0002938508987426758,1
tum_fr3_sitting_static,Freiburg 3,43,5,6.918434500694275,6.9202882051467896,-0.0018537044525146484,0
tum_fr3_sitting_static,Freiburg 3,43,6,6.922035217285156,6.923527121543884,-0.0014919042587280273,0
tum_fr3_sitting_static,Freiburg 3,43,7,6.927124857902527,6.936628222465515,-0.009503364562988281,0
tum_fr3_sitting_static,Freiburg 3,43,8,6.958739757537842,6.967379450798035,-0.008639693260192871,0
tum_fr3_sitting_static,Freiburg 3,43,9,6.973576545715332,6.987630128860474,-0.014053583145141602,0
tum_fr3_sitting_static,Freiburg 3,43,10,6.946079134941101,6.962226033210754,-0.01614689826965332,0
tum_fr3_sitting_static,Freiburg 3,43,11,6.922147274017334,6.937649250030518,-0.015501976013183594,0
tum_fr3_sitting_static,Freiburg 3,43,12,6.968444585800171,6.98125422000885,-0.0128096342086792,0
tum_fr3_sitting_static,Freiburg 3,43,13,7.032884955406189,7.040257453918457,-0.007372498512268066,0
tum_fr3_sitting_static,Freiburg 3,43,14,7.066017389297485,7.0712810754776,-0.005263686180114746,0
tum_fr3_sitting_static,Freiburg 3,43,15,7.127630710601807,7.130463123321533,-0.0028324127197265625,0
tum_fr3_sitting_static,Freiburg 3,43,16,7.175279855728149,7.179287672042847,-0.004007816314697266,0
tum_fr3_sitting_static,Freiburg 3,43,17,7.246484160423279,7.2505587339401245,-0.004074573516845703,0
tum_fr3_sitting_static,Freiburg 3,43,18,7.300386428833008,7.300760746002197,-0.0003743171691894531,0
tum_fr3_sitting_static,Freiburg 3,43,19,7.328624725341797,7.329233884811401,-0.0006091594696044922,0
tum_fr3_sitting_static,Freiburg 3,44,1,7.356544137001038,7.356544137001038,0.0,1
tum_fr3_sitting_static,Freiburg 3,44,2,7.194578647613525,7.192156910896301,0.002421736717224121,1
tum_fr3_sitting_static,Freiburg 3,44,3,7.141221761703491,7.136886715888977,0.00433504581451416,1
tum_fr3_sitting_static,Freiburg 3,44,4,7.031938433647156,7.02970027923584,0.002238154411315918,1
tum_fr3_sitting_static,Freiburg 3,44,5,6.918792724609375,6.917135119438171,0.0016576051712036133,1
tum_fr3_sitting_static,Freiburg 3,44,6,6.922358274459839,6.919118165969849,0.0032401084899902344,1
tum_fr3_sitting_static,Freiburg 3,44,7,6.92844033241272,6.927821636199951,0.0006186962127685547,1
tum_fr3_sitting_static,Freiburg 3,44,8,6.95954442024231,6.9598388671875,-0.0002944469451904297,0
tum_fr3_sitting_static,Freiburg 3,44,9,6.973739862442017,6.979089379310608,-0.005349516868591309,0
tum_fr3_sitting_static,Freiburg 3,44,10,6.943555474281311,6.948761343955994,-0.005205869674682617,0
tum_fr3_sitting_static,Freiburg 3,44,11,6.91916286945343,6.924387216567993,-0.005224347114562988,0
tum_fr3_sitting_static,Freiburg 3,44,12,6.965690851211548,6.971489191055298,-0.00579833984375,0
tum_fr3_sitting_static,Freiburg 3,44,13,7.031230926513672,7.0339953899383545,-0.002764463424682617,0
tum_fr3_sitting_static,Freiburg 3,44,14,7.060635685920715,7.06839382648468,-0.007758140563964844,0
tum_fr3_sitting_static,Freiburg 3,44,15,7.121395468711853,7.129990458488464,-0.008594989776611328,0
tum_fr3_sitting_static,Freiburg 3,44,16,7.174617052078247,7.179076671600342,-0.0044596195220947266,0
tum_fr3_sitting_static,Freiburg 3,44,17,7.2460126876831055,7.246445417404175,-0.00043272972106933594,0
tum_fr3_sitting_static,Freiburg 3,44,18,7.301802635192871,7.2940438985824585,0.007758736610412598,1
tum_fr3_sitting_static,Freiburg 3,44,19,7.335072755813599,7.325193285942078,0.009879469871520996,1
tum_fr3_sitting_static,Freiburg 3,45,1,7.356544137001038,7.356544137001038,0.0,1
tum_fr3_sitting_static,Freiburg 3,45,2,7.196478247642517,7.194573283195496,0.0019049644470214844,1
tum_fr3_sitting_static,Freiburg 3,45,3,7.140447497367859,7.142719030380249,-0.0022715330123901367,0
tum_fr3_sitting_static,Freiburg 3,45,4,7.031365633010864,7.035619020462036,-0.004253387451171875,0
tum_fr3_sitting_static,Freiburg 3,45,5,6.9179147481918335,6.920504570007324,-0.0025898218154907227,0
tum_fr3_sitting_static,Freiburg 3,45,6,6.923568248748779,6.92607045173645,-0.0025022029876708984,0
tum_fr3_sitting_static,Freiburg 3,45,7,6.935351490974426,6.932821869850159,0.002529621124267578,1
tum_fr3_sitting_static,Freiburg 3,45,8,6.9691914319992065,6.965610980987549,0.003580451011657715,1
tum_fr3_sitting_static,Freiburg 3,45,9,6.982155442237854,6.982595324516296,-0.0004398822784423828,0
tum_fr3_sitting_static,Freiburg 3,45,10,6.958191990852356,6.955505609512329,0.0026863813400268555,1
tum_fr3_sitting_static,Freiburg 3,45,11,6.933582425117493,6.925051808357239,0.008530616760253906,1
tum_fr3_sitting_static,Freiburg 3,45,12,6.977773904800415,6.970546841621399,0.007227063179016113,1
tum_fr3_sitting_static,Freiburg 3,45,13,7.038031816482544,7.036637663841248,0.0013941526412963867,1
tum_fr3_sitting_static,Freiburg 3,45,14,7.070799469947815,7.069798111915588,0.0010013580322265625,1
tum_fr3_sitting_static,Freiburg 3,45,15,7.134370803833008,7.133773565292358,0.0005972385406494141,1
tum_fr3_sitting_static,Freiburg 3,45,16,7.187732458114624,7.184749245643616,0.0029832124710083008,1
tum_fr3_sitting_static,Freiburg 3,45,17,7.255358695983887,7.254121899604797,0.0012367963790893555,1
tum_fr3_sitting_static,Freiburg 3,45,18,7.309315204620361,7.3101383447647095,-0.0008231401443481445,0
tum_fr3_sitting_static,Freiburg 3,45,19,7.337440848350525,7.337298393249512,0.0001424551010131836,1
tum_fr3_sitting_static,Freiburg 3,46,1,7.356544137001038,7.365783452987671,-0.0092393159866333,0
tum_fr3_sitting_static,Freiburg 3,46,2,7.1945202350616455,7.2021037340164185,-0.007583498954772949,0
tum_fr3_sitting_static,Freiburg 3,46,3,7.1362656354904175,7.14849591255188,-0.012230277061462402,0
tum_fr3_sitting_static,Freiburg 3,46,4,7.029756307601929,7.040571570396423,-0.010815262794494629,0
tum_fr3_sitting_static,Freiburg 3,46,5,6.92490816116333,6.9276100397109985,-0.002701878547668457,0
tum_fr3_sitting_static,Freiburg 3,46,6,6.925169825553894,6.926950812339783,-0.0017809867858886719,0
tum_fr3_sitting_static,Freiburg 3,46,7,6.934114098548889,6.935091018676758,-0.0009769201278686523,0
tum_fr3_sitting_static,Freiburg 3,46,8,6.964534521102905,6.971389651298523,-0.006855130195617676,0
tum_fr3_sitting_static,Freiburg 3,46,9,6.982709169387817,6.991152763366699,-0.008443593978881836,0
tum_fr3_sitting_static,Freiburg 3,46,10,6.953842639923096,6.959125399589539,-0.005282759666442871,0
tum_fr3_sitting_static,Freiburg 3,46,11,6.9285571575164795,6.936984658241272,-0.00842750072479248,0
tum_fr3_sitting_static,Freiburg 3,46,12,6.973868012428284,6.9806671142578125,-0.006799101829528809,0
tum_fr3_sitting_static,Freiburg 3,46,13,7.0401448011398315,7.0501697063446045,-0.01002490520477295,0
tum_fr3_sitting_static,Freiburg 3,46,14,7.074028253555298,7.080804109573364,-0.006775856018066406,0
tum_fr3_sitting_static,Freiburg 3,46,15,7.1396201848983765,7.142179012298584,-0.0025588274002075195,0
tum_fr3_sitting_static,Freiburg 3,46,16,7.191561460494995,7.197698950767517,-0.006137490272521973,0
tum_fr3_sitting_static,Freiburg 3,46,17,7.263815402984619,7.264285683631897,-0.00047028064727783203,0
tum_fr3_sitting_static,Freiburg 3,46,18,7.31303870677948,7.316506505012512,-0.0034677982330322266,0
tum_fr3_sitting_static,Freiburg 3,46,19,7.344488501548767,7.349227070808411,-0.004738569259643555,0
