seed,domain,method,n_candidates,spearman_rho,spearman_pval,pearson_r,ndcg_10pct,ndcg_20pct,ose_20pct,regret_20pct
42,fr1_desk_val,random,40,0.19924953095684808,0.21772153742293507,0.1396702229976654,0.09670268710240656,0.24995048716515786,0.2777172069199512,0.239924855530262
42,fr1_desk_val,error_only,40,0.20150093808630395,0.21246028409401735,0.02980341762304306,0.1950487239389785,0.24211835892193637,0.265695238803574,0.2439182624220848
42,fr1_desk_val,heuristic,40,0.14183864915572234,0.3826378645269708,0.15516865253448486,0.20759087654145345,0.24073120839185758,0.18314677309791258,0.2713388651609421
42,fr1_desk_val,learned,40,0.06116322701688557,0.7077235496671945,0.0009491834789514542,0.11882262507175771,0.24980193135507997,0.32346048764393504,0.22473004460334778
42,fr1_desk_val,oracle,40,1.0,0.0,0.9999999403953552,0.9983933071691563,0.9987014607768575,0.9999999698954591,0.0
42,fr2_xyz,random,40,-0.08874296435272047,0.5860709231306083,-0.00807932484894991,0.6872377077325397,0.6370236550887037,0.03689021207171044,0.13734998926520348
42,fr2_xyz,error_only,40,0.34709193245778613,0.028212762373335625,0.08057199418544769,0.5024923138014676,0.569376588221342,0.09464403364869939,0.1291136620566249
42,fr2_xyz,heuristic,40,0.3703564727954972,0.018652624901827286,0.06878688186407089,0.4328963602339428,0.517249646396197,0.04351327499673845,0.13640546798706055
42,fr2_xyz,learned,40,0.11181988742964354,0.49211764465533303,-0.06149715930223465,0.3753888541949716,0.4485213054862998,0.19310644489620649,0.1150718443095684
42,fr2_xyz,oracle,40,1.0,0.0,1.0,0.9978790041068186,0.9983887830049666,0.999999929879156,0.0
43,fr1_desk_val,random,40,0.052908067542213895,0.7457590575787085,-0.03125793859362602,0.11801292251041454,0.15850643255933752,0.5056263742846722,0.15960340201854706
43,fr1_desk_val,error_only,40,0.002439024390243903,0.9880827615009711,0.20763114094734192,0.2795745629995183,0.43626208415084766,0.33371516836140597,0.2151031568646431
43,fr1_desk_val,heuristic,40,0.13958724202626643,0.39031309590675867,0.2478032112121582,0.09652241642482214,0.2117664177274573,0.24129309200313695,0.24494066834449768
43,fr1_desk_val,learned,40,0.2527204502814259,0.11564437159799042,0.3295344114303589,0.2785042144302817,0.3528771096208533,0.4696728768202809,0.1712106168270111
43,fr1_desk_val,oracle,40,1.0,0.0,1.0,0.998739452264341,0.9989926246988766,0.9999999690248711,0.0
43,fr2_xyz,random,40,-0.2583489681050657,0.10748763205255979,-0.3037017285823822,0.12503826816188904,0.24424307493285272,0.8336366914190744,0.03167235851287842
43,fr2_xyz,error_only,40,0.2433395872420263,0.13026454283231093,0.14591042697429657,0.3705965139976613,0.48518813149237333,0.46653252334884626,0.10156191885471344
43,fr2_xyz,heuristic,40,0.3521575984990619,0.02584428475459989,0.1645350158214569,0.25746222031846716,0.3913183699502799,0.4485573525796613,0.10498404502868652
43,fr2_xyz,learned,40,0.23789868667917452,0.13935183135382934,0.4895048141479492,0.7819421223586845,0.7298930055112386,0.574245713927142,0.0810554027557373
43,fr2_xyz,oracle,40,1.0,0.0,0.9999998807907104,0.997325227775874,0.9978900566922727,0.9999999474736762,0.0
44,fr1_desk_val,random,40,-0.2041275797373359,0.20643436102044366,-0.11538822948932648,0.3073542394214146,0.3361920541003546,0.3262684097896011,0.14937013387680054
44,fr1_desk_val,error_only,40,0.35534709193245784,0.024439487654381344,0.3601338863372803,0.5599044283058002,0.5752072162938365,0.6017177092479914,0.08830145001411438
44,fr1_desk_val,heuristic,40,0.125703564727955,0.43959202171591494,0.19393323361873627,0.20904529622168372,0.26293433845276987,0.34540495287890555,0.14512745290994644
44,fr1_desk_val,learned,40,0.552157598499062,0.00022091577896039287,0.7197299599647522,0.7357378901634329,0.8845095607669621,0.9214342802867833,0.017418459057807922
44,fr1_desk_val,oracle,40,1.0,0.0,0.9999999403953552,0.9987098298417209,0.9989303534813568,0.9999999548951636,0.0
44,fr2_xyz,random,40,-0.07223264540337712,0.6578146430327496,-0.10041443258523941,0.1713413913425679,0.20751170479611017,0.29729288534583753,0.12127435579895973
44,fr2_xyz,error_only,40,0.11932457786116324,0.4633324698451453,0.13518565893173218,0.24800478062105988,0.4141967350558216,0.4081004643706033,0.10215099900960922
44,fr2_xyz,heuristic,40,0.10863039399624766,0.5046240984754595,0.06734711676836014,0.30465456060941265,0.42063997935855285,0.264032676108238,0.12701445817947388
44,fr2_xyz,learned,40,-0.09212007504690432,0.5718370440815266,0.14944083988666534,0.6531141942295541,0.5799235114985036,0.4258086543023948,0.09909489005804062
44,fr2_xyz,oracle,40,1.0,0.0,1.0,0.9938043951112087,0.9954589805414615,0.9999999420564182,0.0
45,fr1_desk_val,random,40,0.4101313320825517,0.008578715760213787,0.337349534034729,0.5378855251169207,0.5483167190281208,0.8389993812920974,0.09250009059906006
45,fr1_desk_val,error_only,40,0.4103189493433396,0.008545465680287629,0.11454468220472336,0.08243888055290675,0.24314864678572556,0.7401721844595082,0.14927953481674194
45,fr1_desk_val,heuristic,40,0.2031894934333959,0.20857264504404974,0.20102383196353912,0.1787037786736166,0.18856904922004186,0.4512801329308206,0.3152574300765991
45,fr1_desk_val,learned,40,0.2309568480300188,0.1516153573482492,0.5259987115859985,0.6776376674547963,0.6652824972412066,0.490844012816818,0.2925266921520233
45,fr1_desk_val,oracle,40,1.0,0.0,1.0,0.9990251264619687,0.9991654653415994,0.9999999825945466,0.0
45,fr2_xyz,random,40,0.14108818011257038,0.3851863497082968,0.11362576484680176,0.37413989844396245,0.46442112011266784,0.16984528719300968,0.14155661314725876
45,fr2_xyz,error_only,40,0.14183864915572234,0.3826378645269708,0.08619893342256546,0.44009685216576866,0.6234971571895229,0.30571244176303564,0.11838876828551292
45,fr2_xyz,heuristic,40,0.31144465290806755,0.05043588877182687,0.12446112930774689,0.7062938430626688,0.7541657990850705,0.6485899701020187,0.05992185324430466
45,fr2_xyz,learned,40,0.3388367729831145,0.03245543625449638,0.00307633844204247,0.26840745056701737,0.41713786014976306,0.23998394421513994,0.12959668412804604
45,fr2_xyz,oracle,40,1.0,0.0,1.0,0.9980391120055214,0.9984910206136076,0.9999999413552899,0.0
46,fr1_desk_val,random,40,-0.3527204502814259,0.025591622446301407,-0.3609924614429474,0.0522779154172672,0.06704539732910814,0.10051486485661541,0.31670545786619186
46,fr1_desk_val,error_only,40,0.1953095684803002,0.22714366743395184,-0.0719878152012825,0.08163338567673288,0.1183932023159261,0.1879989093742797,0.28590264171361923
46,fr1_desk_val,heuristic,40,0.3135084427767355,0.048849272358329476,0.1706433892250061,0.07110204168151285,0.11292562286029416,0.21342960361614052,0.27694858610630035
46,fr1_desk_val,learned,40,-0.04033771106941839,0.8048085483321273,-0.046176664531230927,0.18139007961637246,0.27169375505537463,0.33546675245772545,0.2339797466993332
46,fr1_desk_val,oracle,40,1.0,0.0,0.9999999403953552,0.9984623971260483,0.9986885061940112,0.9999999715986863,0.0
46,fr2_xyz,random,40,-0.10150093808630396,0.5331498572495244,-0.2560671269893646,0.17310901140291549,0.2096836223249126,0.5542940171157716,0.042509183287620544
46,fr2_xyz,error_only,40,0.6975609756097563,5.67015218389054e-07,0.6058419942855835,0.589955018614085,0.7771953164743368,1.2348354030371025,-0.02239742875099182
46,fr2_xyz,heuristic,40,0.554033771106942,0.00020810062928033042,0.5428141355514526,0.40810376256195413,0.5454396274663112,0.8787429132991247,0.011564880609512329
46,fr2_xyz,learned,40,0.27636022514071296,0.08430609206298531,-0.028469257056713104,0.14534609471719517,0.2410952766721629,0.8568074589436689,0.013656973838806152
46,fr2_xyz,oracle,40,1.0,0.0,1.0,0.9924659735661565,0.9940912817771745,0.9999998951506843,0.0
