seed,domain,method,budget_fraction,regret,oracle_delta_q,realized_delta_q,budget_regret
42,tum_fr1_desk_val,random,0.1,0.2219375018030405,0.2411363124847412,0.019198810681700706,0.19994617253541946
42,tum_fr1_desk_val,random,0.2,0.239924855530262,0.3321757912635803,0.09225093573331833,0.2179335281252861
42,tum_fr1_desk_val,random,0.4,0.13564449548721313,0.4303746223449707,0.29473012685775757,0.13270124793052673
42,tum_fr1_desk_val,random,0.6,0.1471695899963379,0.5066201090812683,0.3594505190849304,0.10479038953781128
42,tum_fr1_desk_val,random,0.8,0.05947071313858032,0.5387634038925171,0.47929269075393677,0.056403517723083496
42,tum_fr1_desk_val,error_only,0.1,0.1909492090344429,0.2411363124847412,0.05018710345029831,0.1909492090344429
42,tum_fr1_desk_val,error_only,0.2,0.2439182624220848,0.3321757912635803,0.08825752884149551,0.23860953748226166
42,tum_fr1_desk_val,error_only,0.4,0.25072623789310455,0.4303746223449707,0.17964838445186615,0.19346050918102264
42,tum_fr1_desk_val,error_only,0.6,0.2617752403020859,0.5066201090812683,0.24484486877918243,0.25205719470977783
42,tum_fr1_desk_val,error_only,0.8,0.12375974655151367,0.5387634038925171,0.4150036573410034,0.11315792798995972
42,tum_fr1_desk_val,heuristic,0.1,0.20528464391827583,0.2411363124847412,0.03585166856646538,0.22160418145358562
42,tum_fr1_desk_val,heuristic,0.2,0.2713388651609421,0.3321757912635803,0.060836926102638245,0.3121859170496464
42,tum_fr1_desk_val,heuristic,0.4,0.2740454077720642,0.4303746223449707,0.1563292145729065,0.28105947375297546
42,tum_fr1_desk_val,heuristic,0.6,0.10878336429595947,0.5066201090812683,0.39783674478530884,0.10878333449363708
42,tum_fr1_desk_val,heuristic,0.8,0.11939924955368042,0.5387634038925171,0.41936415433883667,0.1263885498046875
42,tum_fr1_desk_val,learned,0.1,0.23711396008729935,0.2411363124847412,0.004022352397441864,0.13084500283002853
42,tum_fr1_desk_val,learned,0.2,0.22473004460334778,0.3321757912635803,0.10744574666023254,0.21963172405958176
42,tum_fr1_desk_val,learned,0.4,0.25490768253803253,0.4303746223449707,0.17546693980693817,0.27668583393096924
42,tum_fr1_desk_val,learned,0.6,0.23809680342674255,0.5066201090812683,0.26852330565452576,0.23180896043777466
42,tum_fr1_desk_val,learned,0.8,0.05678480863571167,0.5387634038925171,0.4819785952568054,0.19270342588424683
42,tum_fr1_desk_val,oracle,0.1,0.0,0.2411363124847412,0.2411363124847412,-0.021991342306137085
42,tum_fr1_desk_val,oracle,0.2,0.0,0.3321757912635803,0.3321757912635803,0.0
42,tum_fr1_desk_val,oracle,0.4,0.0,0.4303746223449707,0.4303746223449707,-0.028330206871032715
42,tum_fr1_desk_val,oracle,0.6,0.0,0.5066201090812683,0.5066201090812683,-0.007796943187713623
42,tum_fr1_desk_val,oracle,0.8,0.0,0.5387634038925171,0.5387634038925171,0.0
42,tum_fr2_xyz,random,0.1,0.06565299071371555,0.09468899667263031,0.029036005958914757,0.06565299071371555
42,tum_fr2_xyz,random,0.2,0.13734998926520348,0.14261093735694885,0.005260948091745377,0.14253205491695553
42,tum_fr2_xyz,random,0.4,0.13471809029579163,0.23647519946098328,0.10175710916519165,0.149583138525486
42,tum_fr2_xyz,random,0.6,0.12969819456338882,0.23266978561878204,0.10297159105539322,0.07964490354061127
42,tum_fr2_xyz,random,0.8,0.09342873096466064,0.2437291443347931,0.15030041337013245,0.095452681183815
42,tum_fr2_xyz,error_only,0.1,0.07258718460798264,0.09468899667263031,0.022101812064647675,0.09553215466439724
42,tum_fr2_xyz,error_only,0.2,0.1291136620566249,0.14261093735694885,0.013497275300323963,0.12075109593570232
42,tum_fr2_xyz,error_only,0.4,0.1907835714519024,0.23647519946098328,0.04569162800908089,0.1907835677266121
42,tum_fr2_xyz,error_only,0.6,0.112362802028656,0.23266978561878204,0.12030698359012604,0.08574807643890381
42,tum_fr2_xyz,error_only,0.8,0.04611906409263611,0.2437291443347931,0.19761008024215698,0.046284183859825134
42,tum_fr2_xyz,heuristic,0.1,0.10774570982903242,0.09468899667263031,-0.013056713156402111,0.09606429236009717
42,tum_fr2_xyz,heuristic,0.2,0.13640546798706055,0.14261093735694885,0.006205469369888306,0.1261096391826868
42,tum_fr2_xyz,heuristic,0.4,0.14580904692411423,0.23647519946098328,0.09066615253686905,0.09987607598304749
42,tum_fr2_xyz,heuristic,0.6,0.10983814299106598,0.23266978561878204,0.12283164262771606,0.12681201100349426
42,tum_fr2_xyz,heuristic,0.8,0.08595924079418182,0.2437291443347931,0.15776990354061127,0.05527915060520172
42,tum_fr2_xyz,learned,0.1,0.08260547183454037,0.09468899667263031,0.012083524838089943,0.08412848133593798
42,tum_fr2_xyz,learned,0.2,0.1150718443095684,0.14261093735694885,0.027539093047380447,0.11718083173036575
42,tum_fr2_xyz,learned,0.4,0.08390726149082184,0.23647519946098328,0.15256793797016144,0.08390726149082184
42,tum_fr2_xyz,learned,0.6,0.06531725823879242,0.23266978561878204,0.16735252737998962,0.07536779344081879
42,tum_fr2_xyz,learned,0.8,0.07002496719360352,0.2437291443347931,0.17370417714118958,0.08642715215682983
42,tum_fr2_xyz,oracle,0.1,0.0,0.09468899667263031,0.09468899667263031,-7.450580596923828e-09
42,tum_fr2_xyz,oracle,0.2,0.0,0.14261093735694885,0.14261093735694885,-0.008362561464309692
42,tum_fr2_xyz,oracle,0.4,0.0,0.23647519946098328,0.23647519946098328,-0.012992322444915771
42,tum_fr2_xyz,oracle,0.6,0.0,0.23266978561878204,0.23266978561878204,-0.009610205888748169
42,tum_fr2_xyz,oracle,0.8,0.0,0.2437291443347931,0.2437291443347931,-0.0024254024028778076
43,tum_fr1_desk_val,random,0.1,0.10035861283540726,0.16360601782798767,0.06324740499258041,0.10035861283540726
43,tum_fr1_desk_val,random,0.2,0.15960340201854706,0.3228396475315094,0.16323624551296234,0.15960340201854706
43,tum_fr1_desk_val,random,0.4,0.222364604473114,0.4132879376411438,0.19092333316802979,0.18272553384304047
43,tum_fr1_desk_val,random,0.6,0.257718026638031,0.4989584982395172,0.2412404716014862,0.2577180415391922
43,tum_fr1_desk_val,random,0.8,0.08697670698165894,0.5010955333709717,0.41411882638931274,0.07812315225601196
43,tum_fr1_desk_val,error_only,0.1,0.10444492101669312,0.16360601782798767,0.059161096811294556,0.09172643721103668
43,tum_fr1_desk_val,error_only,0.2,0.2151031568646431,0.3228396475315094,0.1077364906668663,0.21887537091970444
43,tum_fr1_desk_val,error_only,0.4,0.3358437791466713,0.4132879376411438,0.0774441584944725,0.3313157632946968
43,tum_fr1_desk_val,error_only,0.6,0.2905013859272003,0.4989584982395172,0.2084571123123169,0.27650582790374756
43,tum_fr1_desk_val,error_only,0.8,0.1985464096069336,0.5010955333709717,0.3025491237640381,0.23649027943611145
43,tum_fr1_desk_val,heuristic,0.1,0.1475707646459341,0.16360601782798767,0.016035253182053566,0.14878516551107168
43,tum_fr1_desk_val,heuristic,0.2,0.24494066834449768,0.3228396475315094,0.07789897918701172,0.24956943094730377
43,tum_fr1_desk_val,heuristic,0.4,0.09407702088356018,0.4132879376411438,0.3192109167575836,0.09407702088356018
43,tum_fr1_desk_val,heuristic,0.6,0.22532501816749573,0.4989584982395172,0.2736334800720215,0.11740317940711975
43,tum_fr1_desk_val,heuristic,0.8,0.1757219135761261,0.5010955333709717,0.3253736197948456,0.18281769752502441
43,tum_fr1_desk_val,learned,0.1,0.116843082010746,0.16360601782798767,0.04676293581724167,0.09222055226564407
43,tum_fr1_desk_val,learned,0.2,0.1712106168270111,0.3228396475315094,0.1516290307044983,0.23655200004577637
43,tum_fr1_desk_val,learned,0.4,0.19312262535095215,0.4132879376411438,0.22016531229019165,0.2327616810798645
43,tum_fr1_desk_val,learned,0.6,0.22601833939552307,0.4989584982395172,0.27294015884399414,0.22601833939552307
43,tum_fr1_desk_val,learned,0.8,0.08405691385269165,0.5010955333709717,0.41703861951828003,0.08812206983566284
43,tum_fr1_desk_val,oracle,0.1,0.0,0.16360601782798767,0.16360601782798767,-1.4901161193847656e-08
43,tum_fr1_desk_val,oracle,0.2,0.0,0.3228396475315094,0.3228396475315094,-0.03963908553123474
43,tum_fr1_desk_val,oracle,0.4,0.0,0.4132879376411438,0.4132879376411438,0.005731910467147827
43,tum_fr1_desk_val,oracle,0.6,0.0,0.4989584982395172,0.4989584982395172,-0.014025241136550903
43,tum_fr1_desk_val,oracle,0.8,0.0,0.5010955333709717,0.5010955333709717,-0.004071474075317383
43,tum_fr2_xyz,random,0.1,0.019597109407186508,0.08183559775352478,0.06223848834633827,0.019597109407186508
43,tum_fr2_xyz,random,0.2,0.03167235851287842,0.19038072228431702,0.1587083637714386,0.0050383061170578
43,tum_fr2_xyz,random,0.4,0.1288244128227234,0.337510347366333,0.20868593454360962,0.11423888802528381
43,tum_fr2_xyz,random,0.6,0.08502370119094849,0.3901675343513489,0.3051438331604004,0.08914652466773987
43,tum_fr2_xyz,random,0.8,0.10282939672470093,0.47540831565856934,0.3725789189338684,0.10282939672470093
43,tum_fr2_xyz,error_only,0.1,0.04774417728185654,0.08183559775352478,0.03409142047166824,0.024583060294389725
43,tum_fr2_xyz,error_only,0.2,0.10156191885471344,0.19038072228431702,0.08881880342960358,0.0912371352314949
43,tum_fr2_xyz,error_only,0.4,0.17773151397705078,0.337510347366333,0.15977883338928223,0.15637564659118652
43,tum_fr2_xyz,error_only,0.6,0.1755308210849762,0.3901675343513489,0.21463671326637268,0.14889676868915558
43,tum_fr2_xyz,error_only,0.8,0.12256258726119995,0.47540831565856934,0.3528457283973694,0.15716102719306946
43,tum_fr2_xyz,heuristic,0.1,0.045641422271728516,0.08183559775352478,0.036194175481796265,0.033994436264038086
43,tum_fr2_xyz,heuristic,0.2,0.10498404502868652,0.19038072228431702,0.0853966772556305,0.04758740961551666
43,tum_fr2_xyz,heuristic,0.4,0.17339837551116943,0.337510347366333,0.16411197185516357,0.09304282069206238
43,tum_fr2_xyz,heuristic,0.6,0.06272292137145996,0.3901675343513489,0.3274446129798889,0.03656327724456787
43,tum_fr2_xyz,heuristic,0.8,0.033081889152526855,0.47540831565856934,0.4423264265060425,0.0010432302951812744
43,tum_fr2_xyz,learned,0.1,-0.013238087296485901,0.08183559775352478,0.09507368505001068,0.02057146281003952
43,tum_fr2_xyz,learned,0.2,0.0810554027557373,0.19038072228431702,0.10932531952857971,0.0810554102063179
43,tum_fr2_xyz,learned,0.4,0.15787413716316223,0.337510347366333,0.17963621020317078,0.15787413716316223
43,tum_fr2_xyz,learned,0.6,0.1453721821308136,0.3901675343513489,0.24479535222053528,0.13047778606414795
43,tum_fr2_xyz,learned,0.8,0.05098956823348999,0.47540831565856934,0.42441874742507935,0.050989627838134766
43,tum_fr2_xyz,oracle,0.1,0.0,0.08183559775352478,0.08183559775352478,0.014585532248020172
43,tum_fr2_xyz,oracle,0.2,0.0,0.19038072228431702,0.19038072228431702,0.0
43,tum_fr2_xyz,oracle,0.4,0.0,0.337510347366333,0.337510347366333,-0.00419202446937561
43,tum_fr2_xyz,oracle,0.6,0.0,0.3901675343513489,0.3901675343513489,-0.010753154754638672
43,tum_fr2_xyz,oracle,0.8,0.0,0.47540831565856934,0.47540831565856934,-2.9802322387695312e-08
44,tum_fr1_desk_val,random,0.1,0.11565686762332916,0.17743204534053802,0.06177517771720886,0.11667089909315109
44,tum_fr1_desk_val,random,0.2,0.14937013387680054,0.22170570492744446,0.07233557105064392,0.11014866828918457
44,tum_fr1_desk_val,random,0.4,0.1757291555404663,0.36898475885391235,0.19325560331344604,0.13470175862312317
44,tum_fr1_desk_val,random,0.6,0.24380487203598022,0.527738630771637,0.28393375873565674,0.23239266872406006
44,tum_fr1_desk_val,random,0.8,0.12866729497909546,0.5601627826690674,0.4314954876899719,0.1073065996170044
44,tum_fr1_desk_val,error_only,0.1,0.09152759611606598,0.17743204534053802,0.08590444922447205,0.12796600908041
44,tum_fr1_desk_val,error_only,0.2,0.08830145001411438,0.22170570492744446,0.13340425491333008,0.0885983258485794
44,tum_fr1_desk_val,error_only,0.4,0.0945940911769867,0.36898475885391235,0.27439066767692566,0.10241648554801941
44,tum_fr1_desk_val,error_only,0.6,0.1478092074394226,0.527738630771637,0.37992942333221436,0.22406241297721863
44,tum_fr1_desk_val,error_only,0.8,0.13879597187042236,0.5601627826690674,0.421366810798645,0.1434650421142578
44,tum_fr1_desk_val,heuristic,0.1,0.1550358682870865,0.17743204534053802,0.022396177053451538,0.11919929459691048
44,tum_fr1_desk_val,heuristic,0.2,0.14512745290994644,0.22170570492744446,0.07657825201749802,0.14881017804145813
44,tum_fr1_desk_val,heuristic,0.4,0.16646122932434082,0.36898475885391235,0.20252352952957153,0.24273377656936646
44,tum_fr1_desk_val,heuristic,0.6,0.06448334455490112,0.527738630771637,0.46325528621673584,0.06448334455490112
44,tum_fr1_desk_val,heuristic,0.8,0.13630256056785583,0.5601627826690674,0.42386022210121155,0.1372489333152771
44,tum_fr1_desk_val,learned,0.1,0.07766891270875931,0.17743204534053802,0.09976313263177872,0.0862559899687767
44,tum_fr1_desk_val,learned,0.2,0.017418459057807922,0.22170570492744446,0.20428724586963654,0.049916595220565796
44,tum_fr1_desk_val,learned,0.4,0.07182896137237549,0.36898475885391235,0.29715579748153687,0.08118799328804016
44,tum_fr1_desk_val,learned,0.6,0.16811347007751465,0.527738630771637,0.3596251606941223,0.15671822428703308
44,tum_fr1_desk_val,learned,0.8,0.07349953055381775,0.5601627826690674,0.48666325211524963,0.04318642616271973
44,tum_fr1_desk_val,oracle,0.1,0.0,0.17743204534053802,0.17743204534053802,0.0038969963788986206
44,tum_fr1_desk_val,oracle,0.2,0.0,0.22170570492744446,0.22170570492744446,0.00029687583446502686
44,tum_fr1_desk_val,oracle,0.4,0.0,0.36898475885391235,0.36898475885391235,0.007204383611679077
44,tum_fr1_desk_val,oracle,0.6,0.0,0.527738630771637,0.527738630771637,-0.003416895866394043
44,tum_fr1_desk_val,oracle,0.8,0.0,0.5601627826690674,0.5601627826690674,-0.00227963924407959
44,tum_fr2_xyz,random,0.1,0.07910522259771824,0.10548802465200424,0.026382802054286003,0.07910522073507309
44,tum_fr2_xyz,random,0.2,0.12127435579895973,0.17258165776729584,0.051307301968336105,0.12127435579895973
44,tum_fr2_xyz,random,0.4,0.1887083575129509,0.302217960357666,0.11350960284471512,0.1887083649635315
44,tum_fr2_xyz,random,0.6,0.14461833238601685,0.39707791805267334,0.2524595856666565,0.13111716508865356
44,tum_fr2_xyz,random,0.8,0.05595394968986511,0.4344448447227478,0.3784908950328827,0.08692649006843567
44,tum_fr2_xyz,error_only,0.1,0.0860160794109106,0.10548802465200424,0.019471945241093636,0.06185873597860336
44,tum_fr2_xyz,error_only,0.2,0.10215099900960922,0.17258165776729584,0.07043065875768661,0.09331458806991577
44,tum_fr2_xyz,error_only,0.4,0.1590779572725296,0.302217960357666,0.1431400030851364,0.1590779721736908
44,tum_fr2_xyz,error_only,0.6,0.19457465410232544,0.39707791805267334,0.2025032639503479,0.19457462430000305
44,tum_fr2_xyz,error_only,0.8,0.11777034401893616,0.4344448447227478,0.31667450070381165,0.11777034401893616
44,tum_fr2_xyz,heuristic,0.1,0.08986136503517628,0.10548802465200424,0.015626659616827965,0.06538683548569679
44,tum_fr2_xyz,heuristic,0.2,0.12701445817947388,0.17258165776729584,0.04556719958782196,0.09334353357553482
44,tum_fr2_xyz,heuristic,0.4,0.14932577311992645,0.302217960357666,0.15289218723773956,0.1445949226617813
44,tum_fr2_xyz,heuristic,0.6,0.1531984657049179,0.39707791805267334,0.24387945234775543,0.11521542072296143
44,tum_fr2_xyz,heuristic,0.8,0.12116008996963501,0.4344448447227478,0.3132847547531128,0.10185971856117249
44,tum_fr2_xyz,learned,0.1,0.05679456889629364,0.10548802465200424,0.0486934557557106,0.07460401207208633
44,tum_fr2_xyz,learned,0.2,0.09909489005804062,0.17258165776729584,0.07348676770925522,0.11320292204618454
44,tum_fr2_xyz,learned,0.4,0.19175834953784943,0.302217960357666,0.11045961081981659,0.19175834953784943
44,tum_fr2_xyz,learned,0.6,0.14546743035316467,0.39707791805267334,0.25161048769950867,0.14831142127513885
44,tum_fr2_xyz,learned,0.8,0.11941796541213989,0.4344448447227478,0.3150268793106079,0.12129732966423035
44,tum_fr2_xyz,oracle,0.1,0.0,0.10548802465200424,0.10548802465200424,0.04492740333080292
44,tum_fr2_xyz,oracle,0.2,0.0,0.17258165776729584,0.17258165776729584,-0.008836433291435242
44,tum_fr2_xyz,oracle,0.4,0.0,0.302217960357666,0.302217960357666,-0.00860622525215149
44,tum_fr2_xyz,oracle,0.6,0.0,0.39707791805267334,0.39707791805267334,-0.011811316013336182
44,tum_fr2_xyz,oracle,0.8,0.0,0.4344448447227478,0.4344448447227478,-0.005207866430282593
45,tum_fr1_desk_val,random,0.1,0.19778430461883545,0.4239445924758911,0.22616028785705566,0.1588612198829651
45,tum_fr1_desk_val,random,0.2,0.09250009059906006,0.5745325684547424,0.4820324778556824,0.291915625333786
45,tum_fr1_desk_val,random,0.4,0.1735905408859253,0.8934377431869507,0.7198472023010254,0.19128930568695068
45,tum_fr1_desk_val,random,0.6,0.12525177001953125,1.0196146965026855,0.8943629264831543,0.13285291194915771
45,tum_fr1_desk_val,random,0.8,0.11646318435668945,1.098691701889038,0.9822285175323486,0.10222423076629639
45,tum_fr1_desk_val,error_only,0.1,0.22228087484836578,0.4239445924758911,0.20166371762752533,0.22096416354179382
45,tum_fr1_desk_val,error_only,0.2,0.14927953481674194,0.5745325684547424,0.4252530336380005,0.14882194995880127
45,tum_fr1_desk_val,error_only,0.4,0.28752750158309937,0.8934377431869507,0.6059102416038513,0.28752756118774414
45,tum_fr1_desk_val,error_only,0.6,0.10256850719451904,1.0196146965026855,0.9170461893081665,0.08779776096343994
45,tum_fr1_desk_val,error_only,0.8,0.0580369234085083,1.098691701889038,1.0406547784805298,0.057962775230407715
45,tum_fr1_desk_val,heuristic,0.1,0.225139319896698,0.4239445924758911,0.19880527257919312,0.225139319896698
45,tum_fr1_desk_val,heuristic,0.2,0.3152574300765991,0.5745325684547424,0.2592751383781433,0.3513341695070267
45,tum_fr1_desk_val,heuristic,0.4,0.37945127487182617,0.8934377431869507,0.5139864683151245,0.3782087564468384
45,tum_fr1_desk_val,heuristic,0.6,0.0640033483505249,1.0196146965026855,0.9556113481521606,0.06019622087478638
45,tum_fr1_desk_val,heuristic,0.8,0.07273221015930176,1.098691701889038,1.0259594917297363,0.06399238109588623
45,tum_fr1_desk_val,learned,0.1,0.19265331327915192,0.4239445924758911,0.2312912791967392,0.20198874175548553
45,tum_fr1_desk_val,learned,0.2,0.2925266921520233,0.5745325684547424,0.2820058763027191,0.31852608919143677
45,tum_fr1_desk_val,learned,0.4,0.4737287759780884,0.8934377431869507,0.4197089672088623,0.4739135205745697
45,tum_fr1_desk_val,learned,0.6,0.505024790763855,1.0196146965026855,0.5145899057388306,0.5229474902153015
45,tum_fr1_desk_val,learned,0.8,0.435036301612854,1.098691701889038,0.6636554002761841,0.5860261917114258
45,tum_fr1_desk_val,oracle,0.1,0.0,0.4239445924758911,0.4239445924758911,0.17037221789360046
45,tum_fr1_desk_val,oracle,0.2,0.0,0.5745325684547424,0.5745325684547424,0.015724897384643555
45,tum_fr1_desk_val,oracle,0.4,0.0,0.8934377431869507,0.8934377431869507,-0.018566548824310303
45,tum_fr1_desk_val,oracle,0.6,0.0,1.0196146965026855,1.0196146965026855,0.0
45,tum_fr1_desk_val,oracle,0.8,0.0,1.098691701889038,1.098691701889038,-0.001677870750427246
45,tum_fr2_xyz,random,0.1,0.06442863121628761,0.07897429913282394,0.014545667916536331,0.018311649560928345
45,tum_fr2_xyz,random,0.2,0.14155661314725876,0.17051835358142853,0.02896174043416977,0.15444552525877953
45,tum_fr2_xyz,random,0.4,0.2858780771493912,0.4226343035697937,0.13675622642040253,0.2956114411354065
45,tum_fr2_xyz,random,0.6,0.1318747103214264,0.483527272939682,0.3516525626182556,0.0841694176197052
45,tum_fr2_xyz,random,0.8,0.08834773302078247,0.5111280679702759,0.4227803349494934,0.08608156442642212
45,tum_fr2_xyz,error_only,0.1,0.07842482253909111,0.07897429913282394,0.0005494765937328339,0.05118347145617008
45,tum_fr2_xyz,error_only,0.2,0.11838876828551292,0.17051835358142853,0.052129585295915604,0.12541696801781654
45,tum_fr2_xyz,error_only,0.4,0.31845419108867645,0.4226343035697937,0.10418011248111725,0.3172309398651123
45,tum_fr2_xyz,error_only,0.6,0.3415979743003845,0.483527272939682,0.14192929863929749,0.3015085309743881
45,tum_fr2_xyz,error_only,0.8,0.11829441785812378,0.5111280679702759,0.3928336501121521,0.1197827160358429
45,tum_fr2_xyz,heuristic,0.1,0.03332836180925369,0.07897429913282394,0.04564593732357025,0.02987285703420639
45,tum_fr2_xyz,heuristic,0.2,0.05992185324430466,0.17051835358142853,0.11059650033712387,0.0321195125579834
45,tum_fr2_xyz,heuristic,0.4,0.2950308471918106,0.4226343035697937,0.1276034563779831,0.2829456478357315
45,tum_fr2_xyz,heuristic,0.6,0.10967779159545898,0.483527272939682,0.373849481344223,0.10762235522270203
45,tum_fr2_xyz,heuristic,0.8,0.07381463050842285,0.5111280679702759,0.437313437461853,0.07045850157737732
45,tum_fr2_xyz,learned,0.1,0.07479412388056517,0.07897429913282394,0.004180175252258778,0.07027596607804298
45,tum_fr2_xyz,learned,0.2,0.12959668412804604,0.17051835358142853,0.04092166945338249,0.13108495622873306
45,tum_fr2_xyz,learned,0.4,0.20089244842529297,0.4226343035697937,0.22174185514450073,0.19885477423667908
45,tum_fr2_xyz,learned,0.6,0.05099037289619446,0.483527272939682,0.43253690004348755,0.23301035165786743
45,tum_fr2_xyz,learned,0.8,0.06109216809272766,0.5111280679702759,0.4500358998775482,0.2606111466884613
45,tum_fr2_xyz,oracle,0.1,0.0,0.07897429913282394,0.07897429913282394,-0.02172866463661194
45,tum_fr2_xyz,oracle,0.2,0.0,0.17051835358142853,0.17051835358142853,-0.00806581974029541
45,tum_fr2_xyz,oracle,0.4,0.0,0.4226343035697937,0.4226343035697937,-0.015885770320892334
45,tum_fr2_xyz,oracle,0.6,0.0,0.483527272939682,0.483527272939682,-0.0006845593452453613
45,tum_fr2_xyz,oracle,0.8,0.0,0.5111280679702759,0.5111280679702759,0.0
46,tum_fr1_desk_val,random,0.1,0.21862320601940155,0.2551996409893036,0.03657643496990204,0.22783991880714893
46,tum_fr1_desk_val,random,0.2,0.31670545786619186,0.3520963788032532,0.03539092093706131,0.3130021132528782
46,tum_fr1_desk_val,random,0.4,0.37899599969387054,0.5220712423324585,0.14307524263858795,0.38697658479213715
46,tum_fr1_desk_val,random,0.6,0.3222833275794983,0.6048338413238525,0.28255051374435425,0.21273523569107056
46,tum_fr1_desk_val,random,0.8,0.22526797652244568,0.6498000621795654,0.42453208565711975,0.23201540112495422
46,tum_fr1_desk_val,error_only,0.1,0.23561463132500648,0.2551996409893036,0.019585009664297104,0.23561463132500648
46,tum_fr1_desk_val,error_only,0.2,0.28590264171361923,0.3520963788032532,0.06619373708963394,0.2985442504286766
46,tum_fr1_desk_val,error_only,0.4,0.27858272194862366,0.5220712423324585,0.24348852038383484,0.22695714235305786
46,tum_fr1_desk_val,error_only,0.6,0.2018233835697174,0.6048338413238525,0.40301045775413513,0.325855016708374
46,tum_fr1_desk_val,error_only,0.8,0.16571596264839172,0.6498000621795654,0.4840840995311737,0.17148050665855408
46,tum_fr1_desk_val,heuristic,0.1,0.23512962833046913,0.2551996409893036,0.020070012658834457,0.20626069977879524
46,tum_fr1_desk_val,heuristic,0.2,0.27694858610630035,0.3520963788032532,0.07514779269695282,0.27694858610630035
46,tum_fr1_desk_val,heuristic,0.4,0.1665084958076477,0.5220712423324585,0.3555627465248108,0.16066080331802368
46,tum_fr1_desk_val,heuristic,0.6,0.08756524324417114,0.6048338413238525,0.5172685980796814,0.10136151313781738
46,tum_fr1_desk_val,heuristic,0.8,0.1379166841506958,0.6498000621795654,0.5118833780288696,0.1395549178123474
46,tum_fr1_desk_val,learned,0.1,0.1933891959488392,0.2551996409893036,0.0618104450404644,0.202840656042099
46,tum_fr1_desk_val,learned,0.2,0.2339797466993332,0.3520963788032532,0.11811663210391998,0.2559010535478592
46,tum_fr1_desk_val,learned,0.4,0.2713357210159302,0.5220712423324585,0.2507355213165283,0.27899476885795593
46,tum_fr1_desk_val,learned,0.6,0.29400527477264404,0.6048338413238525,0.3108285665512085,0.30905336141586304
46,tum_fr1_desk_val,learned,0.8,0.15169808268547058,0.6498000621795654,0.49810197949409485,0.15163078904151917
46,tum_fr1_desk_val,oracle,0.1,0.0,0.2551996409893036,0.2551996409893036,0.0283338725566864
46,tum_fr1_desk_val,oracle,0.2,0.0,0.3520963788032532,0.3520963788032532,-0.020331263542175293
46,tum_fr1_desk_val,oracle,0.4,0.0,0.5220712423324585,0.5220712423324585,-0.006747424602508545
46,tum_fr1_desk_val,oracle,0.6,0.0,0.6048338413238525,0.6048338413238525,-0.002457737922668457
46,tum_fr1_desk_val,oracle,0.8,0.0,0.6498000621795654,0.6498000621795654,5.960464477539063e-08
46,tum_fr2_xyz,random,0.1,0.036843929439783096,0.06548858433961868,0.028644654899835587,0.044136933982372284
46,tum_fr2_xyz,random,0.2,0.042509183287620544,0.0953749567270279,0.05286577343940735,0.04969276487827301
46,tum_fr2_xyz,random,0.4,0.0814308449625969,0.18363074958324432,0.10219990462064743,0.0880083292722702
46,tum_fr2_xyz,random,0.6,0.09538863599300385,0.23603671789169312,0.14064808189868927,0.09362655878067017
46,tum_fr2_xyz,random,0.8,0.08509041368961334,0.2549758553504944,0.16988544166088104,0.08502930402755737
46,tum_fr2_xyz,error_only,0.1,-0.006044395267963409,0.06548858433961868,0.07153297960758209,-0.044341690838336945
46,tum_fr2_xyz,error_only,0.2,-0.02239742875099182,0.0953749567270279,0.11777238547801971,-0.03916911780834198
46,tum_fr2_xyz,error_only,0.4,0.020176172256469727,0.18363074958324432,0.1634545773267746,0.019213244318962097
46,tum_fr2_xyz,error_only,0.6,0.02416388690471649,0.23603671789169312,0.21187283098697662,0.014258533716201782
46,tum_fr2_xyz,error_only,0.8,0.03292602300643921,0.2549758553504944,0.22204983234405518,0.03292602300643921
46,tum_fr2_xyz,heuristic,0.1,0.03266134858131409,0.06548858433961868,0.032827235758304596,-0.006148703396320343
46,tum_fr2_xyz,heuristic,0.2,0.011564880609512329,0.0953749567270279,0.08381007611751556,-0.031865835189819336
46,tum_fr2_xyz,heuristic,0.4,0.00164012610912323,0.18363074958324432,0.1819906234741211,-0.014648020267486572
46,tum_fr2_xyz,heuristic,0.6,0.03139537572860718,0.23603671789169312,0.20464134216308594,0.03355368971824646
46,tum_fr2_xyz,heuristic,0.8,0.029254719614982605,0.2549758553504944,0.22572113573551178,0.022418871521949768
46,tum_fr2_xyz,learned,0.1,0.03313271328806877,0.06548858433961868,0.03235587105154991,0.03203003853559494
46,tum_fr2_xyz,learned,0.2,0.013656973838806152,0.0953749567270279,0.08171798288822174,0.00701276957988739
46,tum_fr2_xyz,learned,0.4,0.050039902329444885,0.18363074958324432,0.13359084725379944,0.05073079466819763
46,tum_fr2_xyz,learned,0.6,0.05630016326904297,0.23603671789169312,0.17973655462265015,0.054279714822769165
46,tum_fr2_xyz,learned,0.8,0.055513277649879456,0.2549758553504944,0.19946257770061493,0.028190895915031433
46,tum_fr2_xyz,oracle,0.1,0.0,0.06548858433961868,0.06548858433961868,-0.015565633773803711
46,tum_fr2_xyz,oracle,0.2,0.0,0.0953749567270279,0.0953749567270279,-0.014324367046356201
46,tum_fr2_xyz,oracle,0.4,0.0,0.18363074958324432,0.18363074958324432,-0.00990535318851471
46,tum_fr2_xyz,oracle,0.6,0.0,0.23603671789169312,0.23603671789169312,-0.0020204782485961914
46,tum_fr2_xyz,oracle,0.8,0.0,0.2549758553504944,0.2549758553504944,0.0015823543071746826
