seed,domain,method,budget_fraction,realized_delta_q,oracle_delta_q,ose,ndcg,overlap,budget_cost,budget_realized_delta_q,budget_ose
42,tum_fr1_desk_val,random,0.1,0.019198810681700706,0.2411363124847412,0.07961807861988765,0.09670268710240656,0.0,289.14588928222656,0.04119013994932175,0.1565405142103084
42,tum_fr1_desk_val,random,0.2,0.09225093573331833,0.3321757912635803,0.2777172069199512,0.24995048716515786,0.125,584.4907913208008,0.11424226313829422,0.3439210884830331
42,tum_fr1_desk_val,random,0.4,0.29473012685775757,0.4303746223449707,0.6848222564881891,0.42739527382994513,0.5625,1163.5163345336914,0.29767337441444397,0.6489431742713097
42,tum_fr1_desk_val,random,0.6,0.3594505190849304,0.5066201090812683,0.709506996557454,0.48323750217606815,0.6666666666666666,1756.4204444885254,0.40182971954345703,0.7811360645214087
42,tum_fr1_desk_val,random,0.8,0.47929269075393677,0.5387634038925171,0.8896162552892934,0.5653955238691033,0.875,2306.692859649658,0.4823598861694336,0.895309283688042
42,tum_fr1_desk_val,error_only,0.1,0.05018710345029831,0.2411363124847412,0.20812751448290867,0.1950487239389785,0.0,293.367374420166,0.05018710345029831,0.19073290332350534
42,tum_fr1_desk_val,error_only,0.2,0.08825752884149551,0.3321757912635803,0.265695238803574,0.24211835892193637,0.125,582.832820892334,0.09356625378131866,0.28167691151913316
42,tum_fr1_desk_val,error_only,0.4,0.17964838445186615,0.4303746223449707,0.41742326556986137,0.36962162739661886,0.5625,1173.450527191162,0.23691411316394806,0.5164848785307573
42,tum_fr1_desk_val,error_only,0.6,0.24484486877918243,0.5066201090812683,0.48329085158164864,0.47411743539130446,0.5833333333333334,1758.495891571045,0.2545629143714905,0.49485705868438484
42,tum_fr1_desk_val,error_only,0.8,0.4150036573410034,0.5387634038925171,0.7702892339007198,0.5899323170834431,0.75,2334.84379196167,0.4256054759025574,0.7899672934871285
42,tum_fr1_desk_val,heuristic,0.1,0.03585166856646538,0.2411363124847412,0.14867801000296846,0.20759087654145345,0.0,266.3022651672363,0.019532131031155586,0.07423062507197341
42,tum_fr1_desk_val,heuristic,0.2,0.060836926102638245,0.3321757912635803,0.18314677309791258,0.24073120839185758,0.25,557.0474662780762,0.019989874213933945,0.06017859861523161
42,tum_fr1_desk_val,heuristic,0.4,0.1563292145729065,0.4303746223449707,0.36323984460031883,0.37082711538187885,0.5,1162.293254852295,0.14931514859199524,0.3255146574149896
42,tum_fr1_desk_val,heuristic,0.6,0.39783674478530884,0.5066201090812683,0.7852762450626062,0.5648878950199769,0.625,1738.1102561950684,0.3978367745876312,0.7733739873107233
42,tum_fr1_desk_val,heuristic,0.8,0.41936415433883667,0.5387634038925171,0.7783827623129945,0.5877523617561801,0.75,2316.806652069092,0.4123748540878296,0.7654099061932554
42,tum_fr1_desk_val,learned,0.1,0.004022352397441864,0.2411363124847412,0.016680823345045385,0.11882262507175771,0.0,288.13172149658203,0.11029130965471268,0.41915512662785614
42,tum_fr1_desk_val,learned,0.2,0.10744574666023254,0.3321757912635803,0.32346048764393504,0.24980193135507997,0.125,538.1159973144531,0.11254406720399857,0.3388087475845215
42,tum_fr1_desk_val,learned,0.4,0.17546693980693817,0.4303746223449707,0.40770744049405555,0.33278179848112566,0.375,1147.8078384399414,0.15368878841400146,0.33504941582190206
42,tum_fr1_desk_val,learned,0.6,0.26852330565452576,0.5066201090812683,0.5300289024081398,0.4381405186517472,0.625,1737.0906372070312,0.27481114864349365,0.5342185724387938
42,tum_fr1_desk_val,learned,0.8,0.4819785952568054,0.5387634038925171,0.8946015687564111,0.5717738590058745,0.8125,2110.951385498047,0.34605997800827026,0.6423227136156445
42,tum_fr1_desk_val,oracle,0.1,0.2411363124847412,0.2411363124847412,0.9999999585296819,0.9983933071691563,1.0,291.33648681640625,0.2631276547908783,0.9999999619956343
42,tum_fr1_desk_val,oracle,0.2,0.3321757912635803,0.3321757912635803,0.9999999698954591,0.9987014607768575,1.0,567.8314666748047,0.3321757912635803,0.9999999698954591
42,tum_fr1_desk_val,oracle,0.4,0.4303746223449707,0.4303746223449707,0.9999999767644298,0.9988702015527717,1.0,1163.082374572754,0.4587048292160034,0.9999999781994888
42,tum_fr1_desk_val,oracle,0.6,0.5066201090812683,0.5066201090812683,0.9999999802613444,0.998947817324977,1.0,1705.0452995300293,0.5144170522689819,0.9999999805605203
42,tum_fr1_desk_val,oracle,0.8,0.5387634038925171,0.5387634038925171,0.9999999814389772,0.9989939237394441,1.0,2274.336154937744,0.5387634038925171,0.9999999814389772
42,tum_fr2_xyz,random,0.1,0.029036005958914757,0.09468899667263031,0.3066460086470372,0.6872377077325397,0.25,276.1135482788086,0.029036005958914757,0.3066459845186753
42,tum_fr2_xyz,random,0.2,0.005260948091745377,0.14261093735694885,0.03689021207171044,0.6370236550887037,0.125,563.6024169921875,7.88824399933219e-05,0.0005224919299366147
42,tum_fr2_xyz,random,0.4,0.10175710916519165,0.23647519946098328,0.4303077239983621,0.7219273449769983,0.4375,1150.4570007324219,0.08689206093549728,0.34831009980197986
42,tum_fr2_xyz,random,0.6,0.10297159105539322,0.23266978561878204,0.44256535654549284,0.7754314510161748,0.5416666666666666,1752.8782043457031,0.15302488207817078,0.6316034386908103
42,tum_fr2_xyz,random,0.8,0.15030041337013245,0.2437291443347931,0.6166698185136918,0.8259689416815889,0.78125,2319.2997856140137,0.1482764631509781,0.6023713926571655
42,tum_fr2_xyz,error_only,0.1,0.022101812064647675,0.09468899667263031,0.23341476314204662,0.5024923138014676,0.0,285.2498321533203,-0.0008431579917669296,-0.008904496467455017
42,tum_fr2_xyz,error_only,0.2,0.013497275300323963,0.14261093735694885,0.09464403364869939,0.569376588221342,0.375,551.8682250976562,0.02185984142124653,0.1447925638869993
42,tum_fr2_xyz,error_only,0.4,0.04569162800908089,0.23647519946098328,0.19321952653400518,0.6332327962803561,0.4375,1131.550495147705,0.045691631734371185,0.18315662717826703
42,tum_fr2_xyz,error_only,0.6,0.12030698359012604,0.23266978561878204,0.5170717723380094,0.7208102001543724,0.7916666666666666,1718.90625,0.14692170917987823,0.6064128622490198
42,tum_fr2_xyz,error_only,0.8,0.19761008024215698,0.2437291443347931,0.8107773597356118,0.8121890698069881,0.84375,2314.6941261291504,0.19744496047496796,0.8021178364184695
42,tum_fr2_xyz,heuristic,0.1,-0.013056713156402111,0.09468899667263031,-0.13789048607874066,0.4328963602339428,0.0,278.64717864990234,-0.0013752956874668598,-0.014524342662151942
42,tum_fr2_xyz,heuristic,0.2,0.006205469369888306,0.14261093735694885,0.04351327499673845,0.517249646396197,0.25,579.6226539611816,0.016501298174262047,0.10929929563866972
42,tum_fr2_xyz,heuristic,0.4,0.09066615253686905,0.23647519946098328,0.3834065851703086,0.6455596958987939,0.5625,1161.1844062805176,0.1365991234779358,0.5475627326503634
42,tum_fr2_xyz,heuristic,0.6,0.12283164262771606,0.23266978561878204,0.5279225964893597,0.6970598295681446,0.75,1719.5725479125977,0.10585777461528778,0.4369232869267489
42,tum_fr2_xyz,heuristic,0.8,0.15776990354061127,0.2437291443347931,0.6473165016766692,0.7811272102588537,0.84375,2289.48091506958,0.18844999372959137,0.7655758895027249
42,tum_fr2_xyz,learned,0.1,0.012083524838089943,0.09468899667263031,0.12761275318756368,0.3753888541949716,0.0,275.8768310546875,0.010560515336692333,0.11152841155311657
42,tum_fr2_xyz,learned,0.2,0.027539093047380447,0.14261093735694885,0.19310644489620649,0.4485213054862998,0.0,578.4052085876465,0.0254301056265831,0.1684408465109628
42,tum_fr2_xyz,learned,0.4,0.15256793797016144,0.23647519946098328,0.6451751890522548,0.6438714559952495,0.5,1147.99271774292,0.15256793797016144,0.6115743271461521
42,tum_fr2_xyz,learned,0.6,0.16735252737998962,0.23266978561878204,0.719270530731838,0.6883232431675117,0.7083333333333334,1464.667194366455,0.15730199217796326,0.6492570216245199
42,tum_fr2_xyz,learned,0.8,0.17370417714118958,0.2437291443347931,0.7126934716336181,0.7178584550362815,0.78125,1464.667194366455,0.15730199217796326,0.6390374984835295
42,tum_fr2_xyz,oracle,0.1,0.09468899667263031,0.09468899667263031,0.9999998943911195,0.9978790041068186,1.0,269.7713203430176,0.09468900412321091,0.9999998943911278
42,tum_fr2_xyz,oracle,0.2,0.14261093735694885,0.14261093735694885,0.999999929879156,0.9983887830049666,1.0,572.8063011169434,0.15097349882125854,0.999999933763214
42,tum_fr2_xyz,oracle,0.4,0.23647519946098328,0.23647519946098328,0.9999999577122692,0.9987637225923306,1.0,1155.5275421142578,0.24946752190589905,0.9999999599146233
42,tum_fr2_xyz,oracle,0.6,0.23266978561878204,0.23266978561878204,0.9999999570206354,0.9989347406424028,1.0,1689.768398284912,0.2422799915075302,0.9999999587254419
42,tum_fr2_xyz,oracle,0.8,0.2437291443347931,0.2437291443347931,0.9999999589708501,0.9990412624563636,1.0,1891.6197700500488,0.2461545467376709,0.9999999593751173
43,tum_fr1_desk_val,random,0.1,0.06324740499258041,0.16360601782798767,0.38658358638886803,0.11801292251041454,0.0,232.14931869506836,0.06324740499258041,0.3865835511790173
43,tum_fr1_desk_val,random,0.2,0.16323624551296234,0.3228396475315094,0.5056263742846722,0.15850643255933752,0.125,515.7139472961426,0.16323624551296234,0.45033329163996405
43,tum_fr1_desk_val,random,0.4,0.19092333316802979,0.4132879376411438,0.46196201524320213,0.31434386338739084,0.375,1044.7795753479004,0.23056240379810333,0.565719515276547
43,tum_fr1_desk_val,random,0.6,0.2412404716014862,0.4989584982395172,0.48348804082459396,0.36104691126841193,0.5833333333333334,1583.9354095458984,0.241240456700325,0.4702691985735239
43,tum_fr1_desk_val,random,0.8,0.41411882638931274,0.5010955333709717,0.826426879799112,0.5311262620612816,0.8125,2105.6051483154297,0.4229723811149597,0.8372921558758167
43,tum_fr1_desk_val,error_only,0.1,0.059161096811294556,0.16360601782798767,0.3616070727754324,0.2795745629995183,0.25,253.5335350036621,0.07187958061695099,0.4393455120477929
43,tum_fr1_desk_val,error_only,0.2,0.1077364906668663,0.3228396475315094,0.33371516836140597,0.43626208415084766,0.375,528.2577896118164,0.10396427661180496,0.28681482321794805
43,tum_fr1_desk_val,error_only,0.4,0.0774441584944725,0.4132879376411438,0.18738547527574392,0.45303207546767366,0.375,1064.9060173034668,0.08197217434644699,0.20113105160910916
43,tum_fr1_desk_val,error_only,0.6,0.2084571123123169,0.4989584982395172,0.41778446277591147,0.5108242256314264,0.5416666666666666,1599.5768241882324,0.22245267033576965,0.433644673162326
43,tum_fr1_desk_val,error_only,0.8,0.3025491237640381,0.5010955333709717,0.6037753234218141,0.5777852604735324,0.8125,2110.844341278076,0.26460525393486023,0.5237975655506723
43,tum_fr1_desk_val,heuristic,0.1,0.016035253182053566,0.16360601782798767,0.09801138377928674,0.09652241642482214,0.0,250.71958923339844,0.014820852316915989,0.09058866084458769
43,tum_fr1_desk_val,heuristic,0.2,0.07789897918701172,0.3228396475315094,0.24129309200313695,0.2117664177274573,0.125,501.0219306945801,0.07327021658420563,0.2021365886592769
43,tum_fr1_desk_val,heuristic,0.4,0.3192109167575836,0.4132879376411438,0.7723692853360271,0.47106424220311854,0.5625,1041.8708381652832,0.3192109167575836,0.7832319672430822
43,tum_fr1_desk_val,heuristic,0.6,0.2736334800720215,0.4989584982395172,0.5484092876529686,0.49402762721929433,0.5416666666666666,1600.348014831543,0.38155531883239746,0.743796113027899
43,tum_fr1_desk_val,heuristic,0.8,0.3253736197948456,0.5010955333709717,0.6493245132574739,0.5647409409980169,0.84375,2108.297389984131,0.31827783584594727,0.6300447670849523
43,tum_fr1_desk_val,learned,0.1,0.04676293581724167,0.16360601782798767,0.2858264847454603,0.2785042144302817,0.25,257.3331069946289,0.0713854655623436,0.43632536043013287
43,tum_fr1_desk_val,learned,0.2,0.1516290307044983,0.3228396475315094,0.4696728768202809,0.3528771096208533,0.375,527.2783203125,0.08628764748573303,0.23804884875910326
43,tum_fr1_desk_val,learned,0.4,0.22016531229019165,0.4132879376411438,0.5327165080588323,0.5790370972315372,0.5625,1046.6868476867676,0.1805262565612793,0.44294830672378943
43,tum_fr1_desk_val,learned,0.6,0.27294015884399414,0.4989584982395172,0.5470197508145778,0.595086914866401,0.625,1586.1359100341797,0.27294015884399414,0.5320639477877531
43,tum_fr1_desk_val,learned,0.8,0.41703861951828003,0.5010955333709717,0.832253698990768,0.6496639502956668,0.8125,2113.9589233398438,0.41297346353530884,0.8174988652722511
43,tum_fr1_desk_val,oracle,0.1,0.16360601782798767,0.16360601782798767,0.9999999388775577,0.998739452264341,1.0,251.32350540161133,0.16360603272914886,0.9999999388775632
43,tum_fr1_desk_val,oracle,0.2,0.3228396475315094,0.3228396475315094,0.9999999690248711,0.9989926246988766,1.0,530.509147644043,0.36247873306274414,0.9999999724121754
43,tum_fr1_desk_val,oracle,0.4,0.4132879376411438,0.4132879376411438,0.9999999758037947,0.9990766569230294,1.0,1048.438117980957,0.40755602717399597,0.9999999754634968
43,tum_fr1_desk_val,oracle,0.6,0.4989584982395172,0.4989584982395172,0.9999999799582534,0.9991094462870126,1.0,1584.0334014892578,0.5129837393760681,0.999999980506205
43,tum_fr1_desk_val,oracle,0.8,0.5010955333709717,0.5010955333709717,0.9999999800437258,0.9991310755768219,1.0,2102.453540802002,0.5051670074462891,0.9999999802045666
43,tum_fr2_xyz,random,0.1,0.06223848834633827,0.08183559775352478,0.7605306547461618,0.12503826816188904,0.0,254.8382797241211,0.06223848834633827,0.9254783415260832
43,tum_fr2_xyz,random,0.2,0.1587083637714386,0.19038072228431702,0.8336366914190744,0.24424307493285272,0.125,515.3239288330078,0.18534241616725922,0.9735355775944096
43,tum_fr2_xyz,random,0.4,0.20868593454360962,0.337510347366333,0.6183097199506158,0.29178678644322315,0.375,1054.0091762542725,0.2232714593410492,0.6534091396775767
43,tum_fr2_xyz,random,0.6,0.3051438331604004,0.3901675343513489,0.7820841009923061,0.38858734168662196,0.5416666666666666,1579.4593715667725,0.301021009683609,0.7508243160177444
43,tum_fr2_xyz,random,0.8,0.3725789189338684,0.47540831565856934,0.7837029745277297,0.44999291006496145,0.78125,2084.321508407593,0.3725789189338684,0.7837029253990839
43,tum_fr2_xyz,error_only,0.1,0.03409142047166824,0.08183559775352478,0.4165841912526137,0.3705965139976613,0.25,259.6139621734619,0.057252537459135056,0.8513378911291896
43,tum_fr2_xyz,error_only,0.2,0.08881880342960358,0.19038072228431702,0.46653252334884626,0.48518813149237333,0.5,525.0731983184814,0.09914358705282211,0.5207648161829729
43,tum_fr2_xyz,error_only,0.4,0.15977883338928223,0.337510347366333,0.47340423753531996,0.5179461670680975,0.5625,1058.0676975250244,0.18113470077514648,0.5300949317416128
43,tum_fr2_xyz,error_only,0.6,0.21463671326637268,0.3901675343513489,0.5501142172735174,0.601731454262107,0.625,1589.2011165618896,0.2412707656621933,0.6017917413598315
43,tum_fr2_xyz,error_only,0.8,0.3528457283973694,0.47540831565856934,0.742195097043331,0.6822740150875442,0.8125,2113.5553913116455,0.3182472884654999,0.6694187950419388
43,tum_fr2_xyz,heuristic,0.1,0.036194175481796265,0.08183559775352478,0.44227905767874415,0.25746222031846716,0.25,260.776273727417,0.047841161489486694,0.7113919371818515
43,tum_fr2_xyz,heuristic,0.2,0.0853966772556305,0.19038072228431702,0.4485573525796613,0.3913183699502799,0.375,522.600980758667,0.14279331266880035,0.7500407785781126
43,tum_fr2_xyz,heuristic,0.4,0.16411197185516357,0.337510347366333,0.4862427723278335,0.46047761056209313,0.4375,1058.8935070037842,0.24446752667427063,0.7154399257064917
43,tum_fr2_xyz,heuristic,0.6,0.3274446129798889,0.3901675343513489,0.8392410330394435,0.5383310656126693,0.7916666666666666,1576.9330043792725,0.353604257106781,0.8819805460164132
43,tum_fr2_xyz,heuristic,0.8,0.4423264265060425,0.47540831565856934,0.9304137151853631,0.6261190976576022,0.84375,2110.6878871917725,0.47436508536338806,0.9978055284777394
43,tum_fr2_xyz,learned,0.1,0.09507368505001068,0.08183559775352478,1.161764269367398,0.7819421223586845,0.5,264.4038848876953,0.06126413494348526,0.9109898313567042
43,tum_fr2_xyz,learned,0.2,0.10932531952857971,0.19038072228431702,0.574245713927142,0.7298930055112386,0.5,501.26853942871094,0.10932531207799911,0.5742456747919811
43,tum_fr2_xyz,learned,0.4,0.17963621020317078,0.337510347366333,0.5322391040230924,0.7405043792428703,0.5,1055.5282554626465,0.17963621020317078,0.5257095640894313
43,tum_fr2_xyz,learned,0.6,0.24479535222053528,0.3901675343513489,0.6274108540409378,0.7763588225420164,0.625,1552.3833637237549,0.2596897482872009,0.6477334516932718
43,tum_fr2_xyz,learned,0.8,0.42441874742507935,0.47540831565856934,0.892745718824222,0.8103966386634966,0.78125,2104.344774246216,0.42441868782043457,0.8927455374842446
43,tum_fr2_xyz,oracle,0.1,0.08183559775352478,0.08183559775352478,0.9999998778038036,0.997325227775874,1.0,243.65157318115234,0.06725006550550461,0.9999998513012823
43,tum_fr2_xyz,oracle,0.2,0.19038072228431702,0.19038072228431702,0.9999999474736762,0.9978900566922727,1.0,496.2885494232178,0.19038072228431702,0.9999999474736762
43,tum_fr2_xyz,oracle,0.4,0.337510347366333,0.337510347366333,0.9999999703712796,0.9982263453867993,1.0,1040.196138381958,0.3417023718357086,0.9999999707347665
43,tum_fr2_xyz,oracle,0.6,0.3901675343513489,0.3901675343513489,0.999999974369985,0.9983594411271043,1.0,1588.5418758392334,0.40092068910598755,0.9999999750574116
43,tum_fr2_xyz,oracle,0.8,0.47540831565856934,0.47540831565856934,0.9999999789654505,0.9984431827702941,1.0,1953.3839931488037,0.4754083454608917,0.9999999789654518
44,tum_fr1_desk_val,random,0.1,0.06177517771720886,0.17743204534053802,0.34816244222976683,0.3073542394214146,0.25,283.5338592529297,0.06076114624738693,0.3501375837882904
44,tum_fr1_desk_val,random,0.2,0.07233557105064392,0.22170570492744446,0.3262684097896011,0.3361920541003546,0.125,562.3465881347656,0.11155703663825989,0.5038508719672755
44,tum_fr1_desk_val,random,0.4,0.19325560331344604,0.36898475885391235,0.5237495409734904,0.4752554584478528,0.3125,1139.0163135528564,0.23428300023078918,0.6475834782306479
44,tum_fr1_desk_val,random,0.6,0.28393375873565674,0.527738630771637,0.538019649879154,0.5291103695974908,0.4583333333333333,1694.4023094177246,0.2953459620475769,0.5560442124297156
44,tum_fr1_desk_val,random,0.8,0.4314954876899719,0.5601627826690674,0.7703037283750663,0.5771607845382418,0.78125,2289.9253463745117,0.452856183052063,0.8051600614691772
44,tum_fr1_desk_val,error_only,0.1,0.08590444922447205,0.17743204534053802,0.4841540558136419,0.5599044283058002,0.5,286.90099334716797,0.04946603626012802,0.28504923763596773
44,tum_fr1_desk_val,error_only,0.2,0.13340425491333008,0.22170570492744446,0.6017177092479914,0.5752072162938365,0.375,553.5732879638672,0.13310737907886505,0.6011836728115779
44,tum_fr1_desk_val,error_only,0.4,0.27439066767692566,0.36898475885391235,0.7436368404289387,0.7072695017760197,0.625,1157.9375,0.26656827330589294,0.736823454724915
44,tum_fr1_desk_val,error_only,0.6,0.37992942333221436,0.527738630771637,0.7199196609456107,0.7410541492914775,0.6666666666666666,1737.66552734375,0.30367621779441833,0.5717274825309143
44,tum_fr1_desk_val,error_only,0.8,0.421366810798645,0.5601627826690674,0.7522220617169405,0.7777395626187081,0.78125,2319.435297012329,0.41669774055480957,0.7408718064485513
44,tum_fr1_desk_val,heuristic,0.1,0.022396177053451538,0.17743204534053802,0.12622396223989785,0.20904529622168372,0.0,286.67066383361816,0.05823275074362755,0.3355676431728999
44,tum_fr1_desk_val,heuristic,0.2,0.07657825201749802,0.22170570492744446,0.34540495287890555,0.26293433845276987,0.0,565.8705253601074,0.07289552688598633,0.3292349446598844
44,tum_fr1_desk_val,heuristic,0.4,0.20252352952957153,0.36898475885391235,0.5488669089475458,0.46157321386706085,0.5,1138.5788459777832,0.1262509822845459,0.3489713302174009
44,tum_fr1_desk_val,heuristic,0.6,0.46325528621673584,0.527738630771637,0.8778119516497478,0.6075401845389429,0.7083333333333334,1731.3701648712158,0.46325528621673584,0.8721650331443923
44,tum_fr1_desk_val,heuristic,0.8,0.42386022210121155,0.5601627826690674,0.7566732879233187,0.6420629736571555,0.8125,2304.041723251343,0.4229138493537903,0.7519237976324964
44,tum_fr1_desk_val,learned,0.1,0.09976313263177872,0.17743204534053802,0.562261043757327,0.7357378901634329,0.5,275.69981384277344,0.09117605537176132,0.5254042377218782
44,tum_fr1_desk_val,learned,0.2,0.20428724586963654,0.22170570492744446,0.9214342802867833,0.8845095607669621,0.75,567.6249122619629,0.17178910970687866,0.7758909283415589
44,tum_fr1_desk_val,learned,0.4,0.29715579748153687,0.36898475885391235,0.8053335057826903,0.8899696316010697,0.75,1158.1212310791016,0.2877967655658722,0.7955012966586769
44,tum_fr1_desk_val,learned,0.6,0.3596251606941223,0.527738630771637,0.681445573453355,0.8931056486055107,0.6666666666666666,1728.6474380493164,0.3710204064846039,0.6985155588003309
44,tum_fr1_desk_val,learned,0.8,0.48666325211524963,0.5601627826690674,0.8687889636446458,0.9083922453933579,0.8125,2291.406482696533,0.5169763565063477,0.9191631483916557
44,tum_fr1_desk_val,oracle,0.1,0.17743204534053802,0.17743204534053802,0.9999999436403981,0.9987098298417209,1.0,274.4217014312744,0.1735350489616394,0.9999999423747566
44,tum_fr1_desk_val,oracle,0.2,0.22170570492744446,0.22170570492744446,0.9999999548951636,0.9989303534813568,1.0,577.8143310546875,0.22140882909297943,0.9999999548346848
44,tum_fr1_desk_val,oracle,0.4,0.36898475885391235,0.36898475885391235,0.9999999728986103,0.9990971618944713,1.0,1133.3050937652588,0.3617803752422333,0.9999999723589216
44,tum_fr1_desk_val,oracle,0.6,0.527738630771637,0.527738630771637,0.9999999810512263,0.9991801100569988,1.0,1718.6257667541504,0.531155526638031,0.9999999811731228
44,tum_fr1_desk_val,oracle,0.8,0.5601627826690674,0.5601627826690674,0.9999999821480466,0.9992350543942431,1.0,2288.805564880371,0.562442421913147,0.9999999822204025
44,tum_fr2_xyz,random,0.1,0.026382802054286003,0.10548802465200424,0.25010231863092863,0.1713413913425679,0.0,250.92313385009766,0.026382803916931152,0.4356428151648899
44,tum_fr2_xyz,random,0.2,0.051307301968336105,0.17258165776729584,0.29729288534583753,0.20751170479611017,0.0,512.2076072692871,0.051307301968336105,0.2828124738871907
44,tum_fr2_xyz,random,0.4,0.11350960284471512,0.302217960357666,0.3755885287376521,0.3219519845292756,0.25,1038.7055683135986,0.11350959539413452,0.3651890586298658
44,tum_fr2_xyz,random,0.6,0.2524595856666565,0.39707791805267334,0.635793550411513,0.4635550092403524,0.5833333333333334,1567.3893756866455,0.2659607529640198,0.6504469286579817
44,tum_fr2_xyz,random,0.8,0.3784908950328827,0.4344448447227478,0.871205841013876,0.5841837112009877,0.8125,2092.9705905914307,0.34751835465431213,0.7904383117268392
44,tum_fr2_xyz,error_only,0.1,0.019471945241093636,0.10548802465200424,0.18458913662890652,0.24800478062105988,0.0,234.6140022277832,0.04362928867340088,0.7204232802990439
44,tum_fr2_xyz,error_only,0.2,0.07043065875768661,0.17258165776729584,0.4081004643706033,0.4141967350558216,0.375,507.5234565734863,0.07926706969738007,0.43693032412305255
44,tum_fr2_xyz,error_only,0.4,0.1431400030851364,0.302217960357666,0.4736316735756463,0.5264594081803079,0.5625,1043.1356239318848,0.14313998818397522,0.4605175214984264
44,tum_fr2_xyz,error_only,0.6,0.2025032639503479,0.39707791805267334,0.5099836824057502,0.551896955825583,0.5833333333333334,1557.432632446289,0.2025032937526703,0.495252190395057
44,tum_fr2_xyz,error_only,0.8,0.31667450070381165,0.4344448447227478,0.7289175996937647,0.6375167332232968,0.78125,2066.166919708252,0.31667450070381165,0.7202832723821273
44,tum_fr2_xyz,heuristic,0.1,0.015626659616827965,0.10548802465200424,0.14813679739487937,0.30465456060941265,0.0,260.08396911621094,0.04010118916630745,0.6621659697307127
44,tum_fr2_xyz,heuristic,0.2,0.04556719958782196,0.17258165776729584,0.264032676108238,0.42063997935855285,0.25,519.7121162414551,0.07923812419176102,0.4367707727582762
44,tum_fr2_xyz,heuristic,0.4,0.15289218723773956,0.302217960357666,0.505900383940757,0.49695712714209567,0.5,1042.1665306091309,0.1576230376958847,0.5071131524578973
44,tum_fr2_xyz,heuristic,0.6,0.24387945234775543,0.39707791805267334,0.6141853654363892,0.6393628672017538,0.6666666666666666,1556.7388362884521,0.2818624973297119,0.6893370305534599
44,tum_fr2_xyz,heuristic,0.8,0.3132847547531128,0.4344448447227478,0.7211151227767297,0.6653921654429508,0.8125,2075.9229526519775,0.3325851261615753,0.7564723477415077
44,tum_fr2_xyz,learned,0.1,0.0486934557557106,0.10548802465200424,0.4616016964990014,0.6531141942295541,0.25,250.04686737060547,0.030884012579917908,0.509968471367403
44,tum_fr2_xyz,learned,0.2,0.07348676770925522,0.17258165776729584,0.4258086543023948,0.5799235114985036,0.25,495.7513084411621,0.0593787357211113,0.3273032590165213
44,tum_fr2_xyz,learned,0.4,0.11045961081981659,0.302217960357666,0.3654965013797522,0.5876158427890379,0.375,1043.5193710327148,0.11045961081981659,0.35537648735196364
44,tum_fr2_xyz,learned,0.6,0.25161048769950867,0.39707791805267334,0.6336551843449025,0.677864119496732,0.5833333333333334,1570.020393371582,0.24876649677753448,0.60839579516397
44,tum_fr2_xyz,learned,0.8,0.3150268793106079,0.4344448447227478,0.7251251243650945,0.6917269994381392,0.75,2066.9018726348877,0.31314751505851746,0.7122610642264622
44,tum_fr2_xyz,oracle,0.1,0.10548802465200424,0.10548802465200424,0.9999999052025187,0.9938043951112087,1.0,258.5992736816406,0.060560621321201324,0.999999834876226
44,tum_fr2_xyz,oracle,0.2,0.17258165776729584,0.17258165776729584,0.9999999420564182,0.9954589805414615,1.0,522.996395111084,0.18141809105873108,0.9999999448787087
44,tum_fr2_xyz,oracle,0.4,0.302217960357666,0.302217960357666,0.9999999669112992,0.9964452899265599,1.0,1040.1905250549316,0.3108241856098175,0.9999999678274725
44,tum_fr2_xyz,oracle,0.6,0.39707791805267334,0.39707791805267334,0.9999999748160265,0.9967869985201825,1.0,1565.419834136963,0.4088892340660095,0.9999999755434995
44,tum_fr2_xyz,oracle,0.8,0.4344448447227478,0.4344448447227478,0.999999976982119,0.9969481278394092,1.0,2089.8175106048584,0.4396527111530304,0.9999999772547752
45,tum_fr1_desk_val,random,0.1,0.22616028785705566,0.4239445924758911,0.5334666051560757,0.5378855251169207,0.25,251.17932891845703,0.265083372592926,1.045395274527222
45,tum_fr1_desk_val,random,0.2,0.4820324778556824,0.5745325684547424,0.8389993812920974,0.5483167190281208,0.375,520.0039520263672,0.2826169431209564,0.5057499255911335
45,tum_fr1_desk_val,random,0.4,0.7198472023010254,0.8934377431869507,0.8057049298994625,0.5584373857627345,0.5,1054.9717063903809,0.7021484375,0.7698959708320874
45,tum_fr1_desk_val,random,0.6,0.8943629264831543,1.0196146965026855,0.8771577349554429,0.7377882406554646,0.7083333333333334,1575.8563499450684,0.8867617845535278,0.8697028190140098
45,tum_fr1_desk_val,random,0.8,0.9822285175323486,1.098691701889038,0.8939982953394195,0.749886244829576,0.84375,2117.6896171569824,0.9964674711227417,0.9055752602071272
45,tum_fr1_desk_val,error_only,0.1,0.20166371762752533,0.4239445924758911,0.47568412582630665,0.08243888055290675,0.25,267.00621223449707,0.2029804289340973,0.8004831806447165
45,tum_fr1_desk_val,error_only,0.2,0.4252530336380005,0.5745325684547424,0.7401721844595082,0.24314864678572556,0.25,526.4123802185059,0.42571061849594116,0.7618195542350436
45,tum_fr1_desk_val,error_only,0.4,0.6059102416038513,0.8934377431869507,0.6781784622851788,0.4106822696456788,0.5625,1050.2605819702148,0.6059101819992065,0.6643720656393626
45,tum_fr1_desk_val,error_only,0.6,0.9170461893081665,1.0196146965026855,0.899404631435405,0.4893861161305907,0.8333333333333334,1605.1950054168701,0.9318169355392456,0.9138912273396004
45,tum_fr1_desk_val,error_only,0.8,1.0406547784805298,1.098691701889038,0.9471763254601036,0.49741322657028003,0.875,2107.8212490081787,1.0407289266586304,0.9457994323709181
45,tum_fr1_desk_val,heuristic,0.1,0.19880527257919312,0.4239445924758911,0.4689416292084973,0.1787037786736166,0.25,255.14684677124023,0.19880527257919312,0.7840178373788009
45,tum_fr1_desk_val,heuristic,0.2,0.2592751383781433,0.5745325684547424,0.4512801329308206,0.18856904922004186,0.125,529.2748908996582,0.22319839894771576,0.39941898887341337
45,tum_fr1_desk_val,heuristic,0.4,0.5139864683151245,0.8934377431869507,0.5752907423955405,0.3912347333746055,0.5,1057.460931777954,0.5152289867401123,0.5649413995129932
45,tum_fr1_desk_val,heuristic,0.6,0.9556113481521606,1.0196146965026855,0.9372278980066318,0.5105638332498114,0.6666666666666666,1603.0624370574951,0.9594184756278992,0.9409617863582397
45,tum_fr1_desk_val,heuristic,0.8,1.0259594917297363,1.098691701889038,0.9338010659657663,0.5548773710078341,0.8125,2133.471704483032,1.0346993207931519,0.9403198135586504
45,tum_fr1_desk_val,learned,0.1,0.2312912791967392,0.4239445924758911,0.5455695811338753,0.6776376674547963,0.5,249.393949508667,0.22195585072040558,0.8753155478110641
45,tum_fr1_desk_val,learned,0.2,0.2820058763027191,0.5745325684547424,0.490844012816818,0.6652824972412066,0.625,501.79787254333496,0.25600647926330566,0.4581298502788319
45,tum_fr1_desk_val,learned,0.4,0.4197089672088623,0.8934377431869507,0.4697685604976206,0.661811667494371,0.5,1063.554349899292,0.419524222612381,0.4600024601717294
45,tum_fr1_desk_val,learned,0.6,0.5145899057388306,1.0196146965026855,0.504690548750412,0.7143106164350066,0.5833333333333334,1566.10373878479,0.49666720628738403,0.48711263491968465
45,tum_fr1_desk_val,learned,0.8,0.6636554002761841,1.098691701889038,0.6040415096379737,0.7266730396129261,0.78125,1759.8636875152588,0.5126655101776123,0.46590301864567857
45,tum_fr1_desk_val,oracle,0.1,0.4239445924758911,0.4239445924758911,0.9999999764120124,0.9990251264619687,1.0,254.93424606323242,0.25357237458229065,0.999999960563529
45,tum_fr1_desk_val,oracle,0.2,0.5745325684547424,0.5745325684547424,0.9999999825945466,0.9991654653415994,1.0,533.6121253967285,0.5588076710700989,0.9999999821047556
45,tum_fr1_desk_val,oracle,0.4,0.8934377431869507,0.8934377431869507,0.9999999888072784,0.9992373657269029,1.0,1066.5285186767578,0.912004292011261,0.9999999890351394
45,tum_fr1_desk_val,oracle,0.6,1.0196146965026855,1.0196146965026855,0.9999999901923737,0.9992555910497031,1.0,1604.507911682129,1.0196146965026855,0.9999999901923737
45,tum_fr1_desk_val,oracle,0.8,1.098691701889038,1.098691701889038,0.9999999908982657,0.999264405287728,1.0,2123.7545070648193,1.1003695726394653,0.9999999909121443
45,tum_fr2_xyz,random,0.1,0.014545667916536331,0.07897429913282394,0.18418227492275388,0.37413989844396245,0.0,276.40205001831055,0.0606626495718956,0.6023918391008546
45,tum_fr2_xyz,random,0.2,0.02896174043416977,0.17051835358142853,0.16984528719300968,0.46442112011266784,0.0,531.4379386901855,0.016072828322649002,0.09000141011196604
45,tum_fr2_xyz,random,0.4,0.13675622642040253,0.4226343035697937,0.323580509271211,0.6606215513168777,0.5625,1097.4557037353516,0.1270228624343872,0.2896625881017832
45,tum_fr2_xyz,random,0.6,0.3516525626182556,0.483527272939682,0.7272651927318914,0.73268047483643,0.6666666666666666,1664.9811706542969,0.3993578553199768,0.8247585466630957
45,tum_fr2_xyz,random,0.8,0.4227803349494934,0.5111280679702759,0.8271514580619062,0.769231719949791,0.75,2216.4434928894043,0.42504650354385376,0.8315851190013707
45,tum_fr2_xyz,error_only,0.1,0.0005494765937328339,0.07897429913282394,0.006957662558449099,0.44009685216576866,0.0,275.53290939331055,0.027790827676653862,0.2759682920613869
45,tum_fr2_xyz,error_only,0.2,0.052129585295915604,0.17051835358142853,0.30571244176303564,0.6234971571895229,0.375,550.0597877502441,0.045101385563611984,0.25254972038795115
45,tum_fr2_xyz,error_only,0.4,0.10418011248111725,0.4226343035697937,0.24650178448871493,0.6640598018438267,0.5625,1095.3707790374756,0.1054033637046814,0.2403615423255193
45,tum_fr2_xyz,error_only,0.6,0.14192929863929749,0.483527272939682,0.29352903889190174,0.7108573088728939,0.6666666666666666,1651.0025081634521,0.18201874196529388,0.3759072498234928
45,tum_fr2_xyz,error_only,0.8,0.3928336501121521,0.5111280679702759,0.7685620630980028,0.7537087326404666,0.78125,2216.1627254486084,0.391345351934433,0.7656502720188877
45,tum_fr2_xyz,heuristic,0.1,0.04564593732357025,0.07897429913282394,0.5779846360770318,0.7062938430626688,0.5,276.00600814819336,0.049101442098617554,0.4875868135834556
45,tum_fr2_xyz,heuristic,0.2,0.11059650033712387,0.17051835358142853,0.6485899701020187,0.7541657990850705,0.375,544.953727722168,0.13839884102344513,0.7749781556752767
45,tum_fr2_xyz,heuristic,0.4,0.1276034563779831,0.4226343035697937,0.30192403285993646,0.7567116977938635,0.5625,1080.3404216766357,0.1396886557340622,0.31854562850280693
45,tum_fr2_xyz,heuristic,0.6,0.373849481344223,0.483527272939682,0.7731714311369254,0.8068044563956136,0.75,1663.8276653289795,0.37590491771698,0.7763232636837994
45,tum_fr2_xyz,heuristic,0.8,0.437313437461853,0.5111280679702759,0.855584845188811,0.8378642719167118,0.8125,2205.758222579956,0.44066956639289856,0.8621509664325762
45,tum_fr2_xyz,learned,0.1,0.004180175252258778,0.07897429913282394,0.05293082393703878,0.26840745056701737,0.0,275.83394622802734,0.00869833305478096,0.08637612901776065
45,tum_fr2_xyz,learned,0.2,0.04092166945338249,0.17051835358142853,0.23998394421513994,0.41713786014976306,0.25,527.1459312438965,0.039433397352695465,0.22081125337765886
45,tum_fr2_xyz,learned,0.4,0.22174185514450073,0.4226343035697937,0.5246660009017047,0.6542116017730636,0.625,1092.0893363952637,0.22377952933311462,0.5103062266787722
45,tum_fr2_xyz,learned,0.6,0.43253690004348755,0.483527272939682,0.8945449725480014,0.7141849107680628,0.75,1393.0703392028809,0.2505169212818146,0.5173704965571693
45,tum_fr2_xyz,learned,0.8,0.4500358998775482,0.5111280679702759,0.8804757931997614,0.7462744978112958,0.8125,1393.0703392028809,0.2505169212818146,0.4901255322866123
45,tum_fr2_xyz,oracle,0.1,0.07897429913282394,0.07897429913282394,0.9999998733765435,0.9980391120055214,1.0,275.4598045349121,0.10070296376943588,0.9999999006980665
45,tum_fr2_xyz,oracle,0.2,0.17051835358142853,0.17051835358142853,0.9999999413552899,0.9984910206136076,1.0,542.2017211914062,0.17858417332172394,0.9999999440039996
45,tum_fr2_xyz,oracle,0.4,0.4226343035697937,0.4226343035697937,0.9999999763388828,0.9988382655602989,1.0,1102.9727592468262,0.43852007389068604,0.9999999771960274
45,tum_fr2_xyz,oracle,0.6,0.483527272939682,0.483527272939682,0.9999999793186437,0.9990091037640014,1.0,1659.752103805542,0.48421183228492737,0.9999999793478822
45,tum_fr2_xyz,oracle,0.8,0.5111280679702759,0.5111280679702759,0.9999999804354319,0.9991179428491931,1.0,2135.001443862915,0.5111280679702759,0.9999999804354319
46,tum_fr1_desk_val,random,0.1,0.03657643496990204,0.2551996409893036,0.14332478445056768,0.0522779154172672,0.0,303.25074768066406,0.027359722182154655,0.12059871863962478
46,tum_fr1_desk_val,random,0.2,0.03539092093706131,0.3520963788032532,0.10051486485661541,0.06704539732910814,0.0,636.934684753418,0.039094265550374985,0.10497143620827291
46,tum_fr1_desk_val,random,0.4,0.14307524263858795,0.5220712423324585,0.27405309524202004,0.12707799500602088,0.1875,1276.733627319336,0.13509465754032135,0.2554649891023705
46,tum_fr1_desk_val,random,0.6,0.28255051374435425,0.6048338413238525,0.46715393512765746,0.22606043704730475,0.5833333333333334,1952.5710220336914,0.392098605632782,0.6456513025633479
46,tum_fr1_desk_val,random,0.8,0.42453208565711975,0.6498000621795654,0.6533272368424803,0.2929110561638844,0.78125,2580.1362915039062,0.4177846610546112,0.6429434487067534
46,tum_fr1_desk_val,error_only,0.1,0.019585009664297104,0.2551996409893036,0.07674387323169964,0.08163338567673288,0.0,304.0986442565918,0.019585009664297104,0.08632862038341393
46,tum_fr1_desk_val,error_only,0.2,0.06619373708963394,0.3520963788032532,0.1879989093742797,0.1183932023159261,0.0,650.8506126403809,0.05355212837457657,0.1437920305791545
46,tum_fr1_desk_val,error_only,0.4,0.24348852038383484,0.5220712423324585,0.4663894426210997,0.27158370231755113,0.4375,1297.0802421569824,0.29511409997940063,0.5580629294144486
46,tum_fr1_desk_val,error_only,0.6,0.40301045775413513,0.6048338413238525,0.6663159756551836,0.4177139095443933,0.7083333333333334,1946.2812881469727,0.2789788246154785,0.4593819996117733
46,tum_fr1_desk_val,error_only,0.8,0.4840840995311737,0.6498000621795654,0.7449739085245932,0.47776110997188986,0.84375,2600.680923461914,0.47831955552101135,0.736102718166479
46,tum_fr1_desk_val,heuristic,0.1,0.020070012658834457,0.2551996409893036,0.07864435778431245,0.07110204168151285,0.0,324.117733001709,0.04893894121050835,0.2157175998452495
46,tum_fr1_desk_val,heuristic,0.2,0.07514779269695282,0.3520963788032532,0.21342960361614052,0.11292562286029416,0.0,637.6231002807617,0.07514779269695282,0.20177823054678248
46,tum_fr1_desk_val,heuristic,0.4,0.3555627465248108,0.5220712423324585,0.6810617227749326,0.4229962207176644,0.5625,1270.8656539916992,0.3614104390144348,0.6834297931933297
46,tum_fr1_desk_val,heuristic,0.6,0.5172685980796814,0.6048338413238525,0.8552242850619067,0.48543702234078834,0.75,1952.4453392028809,0.5034723281860352,0.8290454488439457
46,tum_fr1_desk_val,heuristic,0.8,0.5118833780288696,0.6498000621795654,0.7877551880102223,0.49697042679910597,0.84375,2581.2798461914062,0.510245144367218,0.7852341251045878
46,tum_fr1_desk_val,learned,0.1,0.0618104450404644,0.2551996409893036,0.24220426948411117,0.18139007961637246,0.25,314.4914016723633,0.05235898494720459,0.23079278553577026
46,tum_fr1_desk_val,learned,0.2,0.11811663210391998,0.3520963788032532,0.33546675245772545,0.27169375505537463,0.25,646.8193206787109,0.09619532525539398,0.2582926499941319
46,tum_fr1_desk_val,learned,0.4,0.2507355213165283,0.5220712423324585,0.48027069139761447,0.3429168303284365,0.5,1271.8813705444336,0.24307647347450256,0.4596593956994366
46,tum_fr1_desk_val,learned,0.6,0.3108285665512085,0.6048338413238525,0.5139073579808255,0.3742357544533559,0.5416666666666666,1936.678409576416,0.2957804799079895,0.48704853672511805
46,tum_fr1_desk_val,learned,0.8,0.49810197949409485,0.6498000621795654,0.7665465130272401,0.43393914887630985,0.75,2595.460838317871,0.49816927313804626,0.7666501438865521
46,tum_fr1_desk_val,oracle,0.1,0.2551996409893036,0.2551996409893036,0.9999999608149934,0.9984623971260483,1.0,325.531005859375,0.2268657684326172,0.9999999559210734
46,tum_fr1_desk_val,oracle,0.2,0.3520963788032532,0.3520963788032532,0.9999999715986863,0.9986885061940112,1.0,622.851993560791,0.37242764234542847,0.9999999731491475
46,tum_fr1_desk_val,oracle,0.4,0.5220712423324585,0.5220712423324585,0.9999999808455263,0.9988266290649123,1.0,1286.7368698120117,0.528818666934967,0.9999999810899265
46,tum_fr1_desk_val,oracle,0.6,0.6048338413238525,0.6048338413238525,0.9999999834665337,0.9988752702634566,1.0,1940.0400428771973,0.607291579246521,0.9999999835334455
46,tum_fr1_desk_val,oracle,0.8,0.6498000621795654,0.6498000621795654,0.9999999846106511,0.9989048040713522,1.0,2572.1429862976074,0.6498000025749207,0.9999999846106497
46,tum_fr2_xyz,random,0.1,0.028644654899835587,0.06548858433961868,0.43739914085324033,0.17310901140291549,0.0,297.6359329223633,0.0213516503572464,0.26342426365924043
46,tum_fr2_xyz,random,0.2,0.05286577343940735,0.0953749567270279,0.5542940171157716,0.2096836223249126,0.0,611.3863906860352,0.04568219184875488,0.41643089595352284
46,tum_fr2_xyz,random,0.4,0.10219990462064743,0.18363074958324432,0.5565511184106261,0.277961753512435,0.375,1214.7827072143555,0.09562242031097412,0.49408050488098587
46,tum_fr2_xyz,random,0.6,0.14064808189868927,0.23603671789169312,0.5958737148873988,0.3787155238317266,0.5833333333333334,1837.6445770263672,0.14241015911102295,0.5982182241822133
46,tum_fr2_xyz,random,0.8,0.16988544166088104,0.2549758553504944,0.6662804788498452,0.4487367215996962,0.78125,2420.9159393310547,0.169946551322937,0.6706823336682969
46,tum_fr2_xyz,error_only,0.1,0.07153297960758209,0.06548858433961868,1.092296762954137,0.589955018614085,0.5,303.5287437438965,0.10983027517795563,1.3550221590447542
46,tum_fr2_xyz,error_only,0.2,0.11777238547801971,0.0953749567270279,1.2348354030371025,0.7771953164743368,0.625,604.7085075378418,0.13454407453536987,1.226480324969975
46,tum_fr2_xyz,error_only,0.4,0.1634545773267746,0.18363074958324432,0.8901263475560403,0.8042976456660194,0.6875,1209.1371726989746,0.16441750526428223,0.8495443197114486
46,tum_fr2_xyz,error_only,0.6,0.21187283098697662,0.23603671789169312,0.8976265383758233,0.831306348280111,0.8333333333333334,1809.294345855713,0.22177818417549133,0.931617184672811
46,tum_fr2_xyz,error_only,0.8,0.22204983234405518,0.2549758553504944,0.8708660799673,0.8330691508812099,0.84375,2424.6342582702637,0.22204983234405518,0.8763043356153424
46,tum_fr2_xyz,heuristic,0.1,0.032827235758304596,0.06548858433961868,0.5012664585235277,0.40810376256195413,0.25,284.4430618286133,0.07163728773593903,0.8838192578392596
46,tum_fr2_xyz,heuristic,0.2,0.08381007611751556,0.0953749567270279,0.8787429132991247,0.5454396274663112,0.375,597.0803833007812,0.12724079191684723,1.1599048739867475
46,tum_fr2_xyz,heuristic,0.4,0.1819906234741211,0.18363074958324432,0.9910682931724207,0.6726375976520441,0.625,1210.0095863342285,0.1982787698507309,1.024505282301319
46,tum_fr2_xyz,heuristic,0.6,0.20464134216308594,0.23603671789169312,0.8669894045344794,0.7164352127970413,0.7916666666666666,1801.7392539978027,0.20248302817344666,0.8505645825907977
46,tum_fr2_xyz,heuristic,0.8,0.22572113573551178,0.2549758553504944,0.8852647109373724,0.7287580853932947,0.78125,2431.6780395507812,0.23255698382854462,0.9177700836576952
46,tum_fr2_xyz,learned,0.1,0.03235587105154991,0.06548858433961868,0.4940687974421152,0.14534609471719517,0.0,283.69312286376953,0.03345854580402374,0.41279210946533074
46,tum_fr2_xyz,learned,0.2,0.08171798288822174,0.0953749567270279,0.8568074589436689,0.2410952766721629,0.125,594.7556419372559,0.0883621871471405,0.80549429160325
46,tum_fr2_xyz,learned,0.4,0.13359084725379944,0.18363074958324432,0.7274971119053691,0.37475192543913394,0.5,1198.0909118652344,0.1328999549150467,0.686693315328588
46,tum_fr2_xyz,learned,0.6,0.17973655462265015,0.23603671789169312,0.76147706430299,0.4905289208301416,0.7916666666666666,1836.1246490478516,0.18175700306892395,0.7635013701782792
46,tum_fr2_xyz,learned,0.8,0.19946257770061493,0.2549758553504944,0.7822802265086153,0.5314179416889456,0.8125,2425.459930419922,0.22678495943546295,0.8949911878236385
46,tum_fr2_xyz,oracle,0.1,0.06548858433961868,0.06548858433961868,0.9999998473016547,0.9924659735661565,1.0,306.43608474731445,0.0810542181134224,0.9999998766258068
46,tum_fr2_xyz,oracle,0.2,0.0953749567270279,0.0953749567270279,0.9999998951506843,0.9940912817771745,1.0,602.4103660583496,0.1096993237733841,0.9999999088417436
46,tum_fr2_xyz,oracle,0.4,0.18363074958324432,0.18363074958324432,0.9999999455428926,0.9950725518933257,1.0,1216.9852561950684,0.19353610277175903,0.9999999483300566
46,tum_fr2_xyz,oracle,0.6,0.23603671789169312,0.23603671789169312,0.999999957633712,0.995476513489991,1.0,1788.4011116027832,0.2380571961402893,0.9999999579932901
46,tum_fr2_xyz,oracle,0.8,0.2549758553504944,0.2549758553504944,0.9999999607806018,0.995637635054099,1.0,2360.6569175720215,0.2533935010433197,0.9999999605356903
