frame,seed,policy,t_extract_ms,t_a1_ms,t_b2_norm_ms,t_infer_ms,t_knapsack_ms,t_selection_total_ms,t_cache_ms,actual_opt_ms,t_statestore_update_ms,t_render_and_overhead_ms,frame_wall_ms
1,42,no_op,0.0,0.0,0.0,0.0,0.0,0.0,0.0,0.0,0.6995229996391572,5734.610248000081,5735.30977099972
2,42,no_op,0.0,0.0,0.0,0.0,0.0,0.0,0.0,0.0,0.3428619997976057,5879.156000999956,5879.498862999753
3,42,no_op,0.0,0.0,0.0,0.0,0.0,0.0,0.0,0.0,1.1387760000616254,7073.582275999797,7074.721051999859
4,42,no_op,0.0,0.0,0.0,0.0,0.0,0.0,0.0,0.0,0.26596099996822886,6156.767495000167,6157.033456000136
5,42,no_op,0.0,0.0,0.0,0.0,0.0,0.0,0.0,0.0,0.2789670002130151,6087.7245949995995,6088.0035619998125
6,42,no_op,0.0,0.0,0.0,0.0,0.0,0.0,0.0,0.0,0.3277470000284666,6036.328203999801,6036.65595099983
7,42,no_op,0.0,0.0,0.0,0.0,0.0,0.0,0.0,0.0,0.30295000033220276,6111.42827599997,6111.731226000302
8,42,no_op,0.0,0.0,0.0,0.0,0.0,0.0,0.0,0.0,0.31420999994224985,6079.174340999998,6079.48855099994
9,42,no_op,0.0,0.0,0.0,0.0,0.0,0.0,0.0,0.0,0.3556110000317858,6343.268038000133,6343.623649000165
10,42,no_op,0.0,0.0,0.0,0.0,0.0,0.0,0.0,0.0,0.24841399999786518,6363.573197000278,6363.821611000276
11,42,no_op,0.0,0.0,0.0,0.0,0.0,0.0,0.0,0.0,0.28559200018207775,6306.425591999869,6306.711184000051
12,42,no_op,0.0,0.0,0.0,0.0,0.0,0.0,0.0,0.0,0.25844099991445546,6580.87583500037,6581.134276000284
13,42,no_op,0.0,0.0,0.0,0.0,0.0,0.0,0.0,0.0,0.2957120000246505,6319.217424999806,6319.513136999831
14,42,no_op,0.0,0.0,0.0,0.0,0.0,0.0,0.0,0.0,0.33489299994471367,6258.192018000045,6258.52691099999
15,42,no_op,0.0,0.0,0.0,0.0,0.0,0.0,0.0,0.0,0.26353000021117623,6272.17793599948,6272.441465999691
16,42,no_op,0.0,0.0,0.0,0.0,0.0,0.0,0.0,0.0,0.2656219999153109,6433.00172499994,6433.267346999855
17,42,no_op,0.0,0.0,0.0,0.0,0.0,0.0,0.0,0.0,0.9174800002256234,6555.244538999432,6556.162018999657
18,42,no_op,0.0,0.0,0.0,0.0,0.0,0.0,0.0,0.0,0.33463899990238133,6484.524891000092,6484.859529999994
19,42,no_op,0.0,0.0,0.0,0.0,0.0,0.0,0.0,0.0,0.26458000002094195,6470.462624999982,6470.727205000003
20,42,no_op,0.0,0.0,0.0,0.0,0.0,0.0,0.0,0.0,0.2654290001373738,6417.167197999788,6417.432626999926
21,42,no_op,0.0,0.0,0.0,0.0,0.0,0.0,0.0,0.0,0.26859100034926087,6160.0987809997605,6160.36737200011
22,42,no_op,0.0,0.0,0.0,0.0,0.0,0.0,0.0,0.0,0.28324900040388457,6326.040416999604,6326.3236660000075
23,42,no_op,0.0,0.0,0.0,0.0,0.0,0.0,0.0,0.0,0.2698140001484717,6617.588939000143,6617.8587530002915
24,42,no_op,0.0,0.0,0.0,0.0,0.0,0.0,0.0,0.0,0.2828219999173598,6556.40074799976,6556.683569999677
25,42,no_op,0.0,0.0,0.0,0.0,0.0,0.0,0.0,0.0,0.3236069997001323,6468.077192000237,6468.400798999937
26,42,no_op,0.0,0.0,0.0,0.0,0.0,0.0,0.0,0.0,0.32802800024001044,6786.6130339994015,6786.9410619996415
27,42,no_op,0.0,0.0,0.0,0.0,0.0,0.0,0.0,0.0,0.2541009998822119,6447.253141000147,6447.507242000029
28,42,no_op,0.0,0.0,0.0,0.0,0.0,0.0,0.0,0.0,0.255913000273722,6483.476447999692,6483.732360999966
29,42,no_op,0.0,0.0,0.0,0.0,0.0,0.0,0.0,0.0,0.3260710000176914,6709.141689999797,6709.467760999814
1,42,error_only,0.3013939999618742,0.3087430000050517,0.060476000271592056,3.7661110000044573,0.4608389999702922,5.1559509997787245,169.13580894470215,33.63656997680664,0.32524199968975154,5100.038318078987,5308.291889999964
2,42,error_only,0.3472540001894231,0.32626400025037583,0.09131600018008612,0.4228309999234625,0.4303209998397506,1.7712819999360363,173.02727699279785,6.549358367919922,0.32532400018681074,5334.208480639063,5515.881721999904
3,42,error_only,0.30031100004634936,0.27996100016025594,0.047901000016281614,0.3000080000674643,0.4242289996909676,1.4830159998382442,182.8939914703369,10.119199752807617,0.346668000020145,5883.347614776994,6078.190489999997
4,42,error_only,0.3152320000481268,0.29678700002477854,0.08174699996743584,0.2979639998557104,0.4574269996737712,1.5831789996809675,197.37887382507324,7.335424423217773,0.3603929999371758,5784.213079752135,5990.870950000044
5,42,error_only,0.3216609998162312,0.3056549999200797,0.07803900007274933,0.36162000014883233,0.4641799996534246,1.6771730001892138,203.14717292785645,8.971929550170898,0.3827590003311343,5917.3863435216845,6131.565378000232
6,42,error_only,0.3034500000467233,0.26719099969341187,0.061021000419714255,0.2998559998559358,0.44399399985195487,1.5066590003698366,192.230224609375,5.539655685424805,0.38026499987608986,5859.004690705206,6058.661495000251
7,42,error_only,0.3239249999751337,0.2891809999709949,0.0677739999446203,0.36130299986325554,0.4717420001725259,1.6588030002822052,193.54557991027832,9.26518440246582,0.353496000116138,6015.2827036868075,6220.10576699995
8,42,error_only,0.3183290000379202,0.35337700001036865,0.09338299969385844,0.3539009999258269,0.5426580000857939,1.818708999962837,213.68956565856934,11.56926155090332,0.32724500033509685,5903.906067790103,6131.310848999874
9,42,error_only,0.295963000098709,0.2878029999919818,0.08810600002107094,0.33385400001861854,0.5110020001666271,1.6563789999963774,202.31938362121582,6.528615951538086,0.37146400018173154,5886.16025042711,6097.0360930000425
10,42,error_only,0.33267700018768664,0.27288100000077975,0.05623600009130314,0.29333500015127356,0.48044799996205256,1.5652780002710642,198.90236854553223,9.129524230957031,0.34170999970228877,5865.921660223648,6075.860541000111
11,42,error_only,0.28729900031976285,0.28777099987564725,0.058680000165622914,0.2940260001196293,0.4890529999102,1.5572289998999622,187.72029876708984,7.982969284057617,0.3527499998199346,5989.895988949229,6187.509236000096
12,42,error_only,0.30574099992008996,0.30552599992006435,0.08235599989347975,0.3327600002194231,0.5081350000182283,1.6709849996914272,201.74741744995117,8.186101913452148,0.322978999975021,5989.616792637207,6201.544276000277
13,42,error_only,0.34451800001988886,0.28770800008715014,0.060226999721635366,0.35649099982038024,0.5266819998723804,1.725468999666191,195.27173042297363,5.327463150024414,0.4059120001329575,5954.977751427123,6157.70832599992
14,42,error_only,0.3611920001276303,0.3006090000781114,0.06279599983827211,0.35541500028557493,0.5415069999799016,1.7687210001895437,221.588134765625,6.222009658813477,0.363038999694254,6329.885568575719,6559.827473000041
15,42,error_only,0.3285620000497147,0.33931200005099527,0.08355299996765098,0.342011000157072,0.6821549995947862,2.0359149998512294,215.56878089904785,8.646965026855469,0.3172529995936202,6287.300784074432,6513.86969799978
16,42,error_only,0.3197159999217547,0.29492199973901734,0.07867799968153122,0.3381800001989177,0.6122770000729361,1.8901550001828582,217.89121627807617,5.56635856628418,0.35726699979932164,6383.499794155796,6609.204791000138
17,42,error_only,0.3428679997341533,0.3227079996577231,0.07101900018824381,0.35048100016865646,0.6216669999048463,1.9676669999171281,276.63636207580566,7.281780242919922,0.3954960002374719,6763.85380568081,7050.13511099969
18,42,error_only,0.3055470001527283,0.2885809999497724,0.06096299966884544,0.31552700011161505,0.5553799996960151,1.6636679997645842,214.11871910095215,9.432554244995117,0.34310900036871317,6463.545218653962,6689.103269000043
19,42,error_only,0.3393689999029448,0.3358789999765577,0.09365000005345792,0.3430480001043179,0.6271519996516872,2.6876179999817396,233.02507400512695,9.066343307495117,0.4377780001050269,6394.882858687197,6640.099671999906
20,42,error_only,0.3100869998888811,0.317225999879156,0.08499500017933315,0.34944100025313674,0.5994460002511914,1.9166710003446497,234.1620922088623,9.886026382446289,0.35453300006338395,6967.591577408257,7213.9108999999735
21,42,error_only,0.34662799998841365,0.3173170002810366,0.10293000013916753,0.3711199997269432,0.6264170001486491,2.011954999943555,234.18331146240234,6.7119598388671875,0.391126000067743,6880.994860698593,7124.2932129998735
22,42,error_only,0.3455500000200118,0.36476500008575385,0.07182299987107399,0.3557869999895047,0.6457829999817477,2.0527330002551025,245.9430694580078,8.152008056640625,0.3732769996531715,6926.7276764853705,7183.248763999927
23,42,error_only,0.34148299982916797,0.3532270002324367,0.06222000001798733,0.3343869998388982,0.5980979999549163,1.827543999752379,219.52438354492188,6.040334701538086,0.33037499997590203,6732.951882753696,6960.674519999884
24,42,error_only,0.30608499992013094,0.29562300005636644,0.07150600004024454,0.31106400001590373,0.5733699999836972,1.692200999968918,214.94030952453613,8.132457733154297,0.3517589998409676,6392.079765742892,6617.196493000392
25,42,error_only,0.3181269999004144,0.32214499969995813,0.10814799998115632,0.3553810001903912,0.6128930003796995,1.9564690001061535,220.4594612121582,9.414434432983398,0.34288299957552226,6640.608601355325,6872.781849000148
26,42,error_only,0.35431500009508454,0.3087579998464207,0.08704499987288727,0.3401730000405223,0.677735999943252,2.013109000017721,248.28100204467773,6.526708602905273,0.40036399968812475,7040.648797352787,7297.869981000076
27,42,error_only,0.3256760001022485,0.35261399989394704,0.08075799996731803,0.3509170001052553,0.6855000001451117,2.047512999979517,249.7422695159912,9.858846664428711,0.39931199989950983,7335.806335819598,7597.854276999897
28,42,error_only,0.32366300001740456,0.3146110002489877,0.08331099979841383,0.3233520001231227,0.635085000340041,1.9227669999963837,233.28638076782227,8.870124816894531,0.3525329998410598,7332.277651415552,7576.709457000106
29,42,error_only,0.28553300035127904,0.341677000051277,0.13069999977233238,0.46733099998164107,0.6451730000662792,2.4743700000726676,308.5904121398926,6.279945373535156,0.41728499991222634,7321.247686486458,7639.009698999871
1,42,ours,0.31054400005814387,0.28544899987537065,0.36127100020166836,0.44407800032786326,0.4803229999197356,2.0256439997865527,198.48322868347168,11.842012405395508,0.37311799997041817,5931.554147911356,6144.27815099998
2,42,ours,0.3442649999669811,0.3107290003754315,0.3173710001647123,0.5133419999765465,0.47230500013029086,2.0576169999912963,0.0,0.0,0.327716000356304,5887.243731999661,5889.629065000008
3,42,ours,0.2986770000461547,0.28239699986443156,0.2808080002978386,0.2704809999158897,0.46806699992885115,1.6795460001048923,0.0,0.0,0.2569279999988794,5671.669303000272,5673.605777000375
4,42,ours,0.3103169997302757,0.28004199975839583,0.30098400020506233,0.42229900009260746,0.45274000012796023,1.8684000001485401,0.0,0.0,0.27982600022369297,5891.710509999484,5893.858735999856
5,42,ours,0.2912060003836814,0.2797480001390795,0.31604399964635377,0.4114109997317428,0.4930150003019662,1.8789539999488625,0.0,0.0,0.2796970002236776,5757.418929999858,5759.5775810000305
6,42,ours,0.3195290000803652,0.32815899976412766,0.3458179999142885,0.45285699980013305,0.5494470001394802,2.0906089998788957,0.0,0.0,0.30855700015308685,5955.644609999581,5958.043775999613
7,42,ours,0.34211400043204776,0.3216220002286718,0.34894700002041645,0.3880770000250777,0.5482619999384042,2.0445569998628343,0.0,0.0,0.33660899998722016,6018.683388000227,6021.064554000077
8,42,ours,0.3091549997407128,0.31866399967839243,0.34435099996699137,0.32054700022854377,0.6034629996065632,2.1708710000893916,208.9710235595703,11.333703994750977,0.3627920000326412,6081.932195445461,6304.770585999904
9,42,ours,0.2857449999282835,0.2578009998615016,0.30716600031155394,0.4014090000055148,0.4741560001093603,1.863660999788408,197.01433181762695,14.013051986694336,0.3783570000450709,6287.4594781960695,6500.728880000224
10,42,ours,0.31163300036496366,0.2806049997161608,0.48696400017433916,0.3261189999648195,0.5366840000533557,2.082122000047093,215.81244468688965,22.369384765625,0.36830999988524127,6376.302886547364,6616.935147999811
11,42,ours,0.35266499980934896,0.32610800008114893,0.3976570001213986,0.4575240000121994,0.5724140000893385,2.2544109997397754,218.91331672668457,11.679887771606445,0.3998209999735991,6617.184871502104,6850.432308000109
12,42,ours,0.3289480000603362,0.328503000218916,0.3339620002407173,0.43232100006207475,0.5196229999455682,2.0924469999954454,203.70984077453613,14.215230941772461,0.37748100021417486,6547.991364283462,6768.38636399998
13,42,ours,0.24670799984960468,0.29485699997167103,0.3383620000931842,0.4012600002170075,0.5306190000737843,1.949189000242768,215.49415588378906,14.174461364746094,0.4390190001686278,6612.387121750999,6844.443946999945
14,42,ours,0.35535600000002887,0.32218899968938786,0.3999290001956979,0.45262699995873845,0.6028289999449044,2.3840449998715485,224.97820854187012,14.715194702148438,0.37185600012890063,6299.622485755663,6542.071789999682
15,42,ours,0.3377029997864156,0.32884100028240937,0.38700000004610047,0.4432180003277608,0.6171139998514263,2.2575870002583542,229.3860912322998,14.474630355834961,0.3699039998537046,6479.582766411568,6726.0709789998145
16,42,ours,0.3145669998048106,0.3218520000700664,0.34776500024236157,0.41596799974286114,0.528620000295632,2.0692469997811713,212.6479148864746,14.647245407104492,0.3285869997853297,6660.241683707227,6889.9346780003725
17,42,ours,0.3639189999375958,0.32824200025061145,0.3823820002253342,0.45411400014927494,0.6632650001847651,2.444457999899896,236.4189624786377,10.371923446655273,0.3710639998644183,6415.511372074889,6665.117779999946
18,42,ours,0.3499190002003161,0.3313299998808361,0.418456000261358,0.49698200018610805,0.6395690002136689,2.506387000266841,237.9746437072754,11.457681655883789,0.4347620001681207,6798.544986636443,7050.9184610000375
19,42,ours,0.32959800000753603,0.32687800012354273,0.37300800022421754,0.4212979997646471,0.6139540000731358,2.303646000200388,218.6281681060791,11.178016662597656,0.3405259999453847,6561.705245231224,6794.155602000046
20,42,ours,0.3693429998747888,0.3516750002745539,0.3901090003637364,0.45588400007545715,0.6987639999351813,2.5254060001316248,242.28501319885254,9.948968887329102,0.3370479998920928,6650.182891913573,6905.279327999779
21,42,ours,0.3389749999769265,0.3239349998693797,0.39183499984574155,0.44725399993694737,0.6776430000172695,2.4325819999830856,242.03801155090332,15.98215103149414,0.42507599982855027,7165.4825854175215,7426.360405999731
22,42,ours,0.3284539998276159,0.3187530001014238,0.4212469998492452,0.44959099977859296,0.6997800001045107,3.298352000001614,236.344575881958,18.45097541809082,0.3800670001510298,7066.412734699952,7324.886705000154
23,42,ours,0.3605449996939569,0.32120099967869464,0.42287299993404304,0.45202100000096834,0.5971619998490496,2.3022350001156155,221.30084037780762,8.071184158325195,0.3468220002105227,6992.948744463774,7224.969826000233
24,42,ours,0.3498319997561339,0.3349190001245006,0.41239600022890954,0.446552000084921,0.6903179996697872,2.485476999936509,222.8679656982422,13.567447662353516,0.3633090000221273,6734.891644639447,6974.175844000001
25,42,ours,0.3131459998257924,0.3362099996593315,0.3528719998939778,0.4252550002092903,0.6008290001773275,2.2790759999224974,230.57889938354492,10.686874389648438,0.3399699999135919,7288.713865227237,7532.598685000266
26,42,ours,0.2674870002010721,0.30701700006829924,0.38185200037332834,0.31304499998441315,0.6330900000648398,2.1389019998423464,224.8692512512207,10.879993438720703,0.3854409997074981,7097.75985431088,7336.033442000371
27,42,ours,0.33285100016655633,0.30578400037484244,0.38299499965432915,0.43255099990346935,0.6424969997169683,2.3382499998660933,231.38856887817383,10.614156723022461,0.3489730002002034,7192.655170398666,7437.345118999929
28,42,ours,0.3279750003457593,0.3034950000255776,0.38119000009828596,0.4095239996786404,0.6316640001386986,2.2929950000616373,229.10404205322266,8.210182189941406,0.3449490000093647,6883.071623757132,7123.023792000367
29,42,ours,0.34339399962846073,0.3887560001203383,0.5286890000206768,0.5138700003044505,0.7452869999724498,2.7889819998563325,257.17854499816895,14.917612075805664,0.34416699963912833,6970.341987926531,7245.571294000001
1,42,full,0.0,0.0,0.0,0.0,0.0,0.0,0.0,450.1769542694092,0.3742480002983939,5649.123688730015,6099.674890999722
2,42,full,0.0,0.0,0.0,0.0,0.0,0.0,0.0,423.6030578613281,0.47233399982360424,5809.446675138588,6233.52206699974
3,42,full,0.0,0.0,0.0,0.0,0.0,0.0,0.0,450.61731338500977,0.4518910000115284,6126.302178614878,6577.3713829999
4,42,full,0.0,0.0,0.0,0.0,0.0,0.0,0.0,457.0181369781494,0.5164180001884233,6224.587138021434,6682.121692999772
5,42,full,0.0,0.0,0.0,0.0,0.0,0.0,0.0,432.2934150695801,0.3990069999417756,6237.832126930698,6670.52454900022
6,42,full,0.0,0.0,0.0,0.0,0.0,0.0,0.0,440.74010848999023,0.43822800034831744,5987.7160445098525,6428.894381000191
7,42,full,0.0,0.0,0.0,0.0,0.0,0.0,0.0,437.6075267791748,0.4674229999181989,6254.821914221338,6692.896864000431
8,42,full,0.0,0.0,0.0,0.0,0.0,0.0,0.0,460.6153964996338,0.5313120000209892,6595.3446085,7056.491316999654
9,42,full,0.0,0.0,0.0,0.0,0.0,0.0,0.0,447.02839851379395,0.37378700017143274,6529.932184485915,6977.33436999988
10,42,full,0.0,0.0,0.0,0.0,0.0,0.0,0.0,437.5793933868408,0.4316949998610653,6134.003890613712,6572.014979000414
11,42,full,0.0,0.0,0.0,0.0,0.0,0.0,0.0,434.41009521484375,1.4188560003276507,6151.7094557848395,6587.538407000011
12,42,full,0.0,0.0,0.0,0.0,0.0,0.0,0.0,445.6470012664795,0.5790969998997753,6240.08664473331,6686.312742999689
13,42,full,0.0,0.0,0.0,0.0,0.0,0.0,0.0,503.8645267486572,0.5416760000116483,6267.4327052513945,6771.838908000063
14,42,full,0.0,0.0,0.0,0.0,0.0,0.0,0.0,484.7385883331299,0.5689139998139581,6653.876628666694,7139.184130999638
15,42,full,0.0,0.0,0.0,0.0,0.0,0.0,0.0,446.1407661437988,0.44255900002099224,6800.737315856168,7247.3206409999875
16,42,full,0.0,0.0,0.0,0.0,0.0,0.0,0.0,458.09102058410645,0.5006960000173422,6778.880269415822,7237.471985999946
17,42,full,0.0,0.0,0.0,0.0,0.0,0.0,0.0,455.7538032531738,0.5349799998839444,6590.229950747016,7046.518734000074
18,42,full,0.0,0.0,0.0,0.0,0.0,0.0,0.0,478.67679595947266,0.3995530000793224,6719.943918040826,7199.020267000378
19,42,full,0.0,0.0,0.0,0.0,0.0,0.0,0.0,469.1438674926758,0.48169900037464686,7004.991392506781,7474.616958999832
20,42,full,0.0,0.0,0.0,0.0,0.0,0.0,0.0,450.1979351043701,0.5396990000008373,6827.183340895772,7277.920975000143
21,42,full,0.0,0.0,0.0,0.0,0.0,0.0,0.0,465.56615829467773,0.4575689999910537,6661.409130705124,7127.432857999793
22,42,full,0.0,0.0,0.0,0.0,0.0,0.0,0.0,504.8086643218994,0.6408859999282868,7162.252475678088,7667.702025999915
23,42,full,0.0,0.0,0.0,0.0,0.0,0.0,0.0,542.2918796539307,0.43358700031603803,6793.5846803457025,7336.310146999949
24,42,full,0.0,0.0,0.0,0.0,0.0,0.0,0.0,472.1064567565918,0.6914049999977578,6941.981969243443,7414.779831000033
25,42,full,0.0,0.0,0.0,0.0,0.0,0.0,0.0,523.0238437652588,1.1960359997829073,7049.993771235222,7574.213651000264
26,42,full,0.0,0.0,0.0,0.0,0.0,0.0,0.0,483.5677146911621,0.8609910000814125,7194.652343308462,7679.081048999706
27,42,full,0.0,0.0,0.0,0.0,0.0,0.0,0.0,508.3291530609131,0.5441059997792763,7456.254202939363,7965.127462000055
28,42,full,0.0,0.0,0.0,0.0,0.0,0.0,0.0,490.1401996612549,0.40255000021716114,7164.856419338776,7655.399169000248
29,42,full,0.0,0.0,0.0,0.0,0.0,0.0,0.0,507.8873634338379,0.40721599998505553,7089.071845566195,7597.366425000018
1,43,no_op,0.0,0.0,0.0,0.0,0.0,0.0,0.0,0.0,0.25584600007277913,5576.573351999741,5576.829197999814
2,43,no_op,0.0,0.0,0.0,0.0,0.0,0.0,0.0,0.0,0.31881899985819473,5701.825284999813,5702.144103999672
3,43,no_op,0.0,0.0,0.0,0.0,0.0,0.0,0.0,0.0,0.3026650001629605,5882.042833000014,5882.345498000177
4,43,no_op,0.0,0.0,0.0,0.0,0.0,0.0,0.0,0.0,0.27270200007478707,5888.311432000137,5888.584134000212
5,43,no_op,0.0,0.0,0.0,0.0,0.0,0.0,0.0,0.0,0.34329100026297965,5865.081093999834,5865.424385000097
6,43,no_op,0.0,0.0,0.0,0.0,0.0,0.0,0.0,0.0,0.2936169998974947,6257.495201999973,6257.78881899987
7,43,no_op,0.0,0.0,0.0,0.0,0.0,0.0,0.0,0.0,0.26761100025396445,5753.864723999413,5754.132334999667
8,43,no_op,0.0,0.0,0.0,0.0,0.0,0.0,0.0,0.0,0.2858550001292315,6001.483083000039,6001.768938000168
9,43,no_op,0.0,0.0,0.0,0.0,0.0,0.0,0.0,0.0,0.27730500005418435,6029.722117999881,6029.999422999936
10,43,no_op,0.0,0.0,0.0,0.0,0.0,0.0,0.0,0.0,1.2977869996575464,6005.925134000336,6007.222920999993
11,43,no_op,0.0,0.0,0.0,0.0,0.0,0.0,0.0,0.0,0.28195699997013435,6366.640232000009,6366.922188999979
12,43,no_op,0.0,0.0,0.0,0.0,0.0,0.0,0.0,0.0,0.2886580000449612,6257.592711000143,6257.881369000188
13,43,no_op,0.0,0.0,0.0,0.0,0.0,0.0,0.0,0.0,0.33586299969101674,6134.4318550000025,6134.767717999694
14,43,no_op,0.0,0.0,0.0,0.0,0.0,0.0,0.0,0.0,0.32560699992245645,6462.934994000079,6463.260601000002
15,43,no_op,0.0,0.0,0.0,0.0,0.0,0.0,0.0,0.0,0.32598699999653036,6493.163890000233,6493.489877000229
16,43,no_op,0.0,0.0,0.0,0.0,0.0,0.0,0.0,0.0,0.2638890000525862,6336.178122000092,6336.442011000145
17,43,no_op,0.0,0.0,0.0,0.0,0.0,0.0,0.0,0.0,0.27325800010657986,6626.454043999729,6626.727301999836
18,43,no_op,0.0,0.0,0.0,0.0,0.0,0.0,0.0,0.0,0.2897350000239385,6514.9081280001155,6515.1978630001395
19,43,no_op,0.0,0.0,0.0,0.0,0.0,0.0,0.0,0.0,0.2787670000543585,6439.484708999771,6439.7634759998255
20,43,no_op,0.0,0.0,0.0,0.0,0.0,0.0,0.0,0.0,0.313107000238233,6717.413184999714,6717.726291999952
21,43,no_op,0.0,0.0,0.0,0.0,0.0,0.0,0.0,0.0,0.34044099993479904,6756.442586000048,6756.783026999983
22,43,no_op,0.0,0.0,0.0,0.0,0.0,0.0,0.0,0.0,0.31089000003703404,6530.779321999944,6531.090211999981
23,43,no_op,0.0,0.0,0.0,0.0,0.0,0.0,0.0,0.0,0.3234799996789661,6818.412914000419,6818.736394000098
24,43,no_op,0.0,0.0,0.0,0.0,0.0,0.0,0.0,0.0,0.3896900002473558,6857.337832999747,6857.727522999994
25,43,no_op,0.0,0.0,0.0,0.0,0.0,0.0,0.0,0.0,0.2888160001930373,7008.878287999778,7009.167103999971
26,43,no_op,0.0,0.0,0.0,0.0,0.0,0.0,0.0,0.0,0.2761359996839019,6783.888595000008,6784.1647309996915
27,43,no_op,0.0,0.0,0.0,0.0,0.0,0.0,0.0,0.0,0.32123099981618,6770.173359000182,6770.494589999998
28,43,no_op,0.0,0.0,0.0,0.0,0.0,0.0,0.0,0.0,0.3015279999090126,6992.525301000114,6992.826829000023
29,43,no_op,0.0,0.0,0.0,0.0,0.0,0.0,0.0,0.0,0.3614269999161479,7411.0621660001925,7411.423593000109
1,43,error_only,0.3008619996762718,0.2696780002224841,0.056041999869194115,0.27598199994827155,0.41881000015564496,1.4147920001050807,0.0,0.0,0.21632599964505062,5829.731728000297,5831.362846000047
2,43,error_only,0.3108129999418452,0.3045590001420351,0.05870500035598525,0.3042829998776142,0.4560399997899367,1.5332459997807746,0.0,0.0,0.28756899973814143,5893.670712000585,5895.491527000104
3,43,error_only,0.36824800008616876,0.3163390001645894,0.05575499972110265,0.31774999979461427,0.4708689998551563,1.6226839998125797,0.0,0.0,0.2963349998026388,5620.374856000126,5622.293874999741
4,43,error_only,0.30105899986665463,0.3415030000724073,0.07097800016708788,0.30524100020556943,0.460274000033678,1.5698520001024008,0.0,0.0,0.26404699974591495,5865.829913000198,5867.663812000046
5,43,error_only,0.30683600016345736,0.3240890000597574,0.06775100018785452,0.31224700023813057,0.5168140000932908,1.6352709999409853,0.0,0.0,0.2782060000754427,6130.824841000049,6132.738318000065
6,43,error_only,0.2927189998445101,0.33624199977566605,0.08295999987240066,0.30675199968754896,0.478310000289639,1.586986999882356,0.0,0.0,0.2768340000329772,6048.350433999985,6050.214254999901
7,43,error_only,0.2931159997388022,0.29097500009811483,0.06442700032494031,0.286679000055301,0.4479039998841472,1.4822840003034798,0.0,0.0,0.25369299964950187,6080.151789999945,6081.887766999898
8,43,error_only,0.48245700054394547,0.3525809997881879,0.06989800021983683,0.36335100048745517,0.5497290003404487,1.9337919993631658,0.0,0.0,0.3368679999766755,6085.165436999887,6087.436096999227
9,43,error_only,0.32061399997473927,0.3117690002909512,0.06698699962726096,0.32499000008101575,0.507089000166161,1.632671000152186,0.0,0.0,0.2861220000340836,6210.865001999991,6212.783795000178
10,43,error_only,0.3855200002362835,0.3390660003788071,0.08376900041184854,0.35763100004260195,0.5490449993885704,1.8205169999419013,0.0,0.0,0.3246890000809799,6094.818906,6096.964112000023
11,43,error_only,0.32694900073693134,0.2943519994005328,0.06943199969100533,0.3050839995921706,0.5169120004211436,1.6080470004453673,0.0,0.0,0.2759400003924384,6158.645512999101,6160.529499999939
12,43,error_only,0.34170099934272,0.30476899974019034,0.07688099958613748,0.3340679995744722,0.5162699999345932,1.6763410003477475,0.0,0.0,0.28535900037240935,6290.672003999134,6292.633703999854
13,43,error_only,0.3055320003113593,0.29761099995084805,0.06429899985960219,0.30204399990907405,0.5935190001764568,1.656368999647384,0.0,0.0,0.26628300020092865,6306.669810999665,6308.592462999513
14,43,error_only,0.4164589990978129,0.36192599964124383,0.07491299948014785,0.3803409999818541,0.5519579999599955,1.8924539999716217,0.0,0.0,0.3096469999945839,6205.745244999889,6207.947345999855
15,43,error_only,0.3433459996813326,0.319755999953486,0.06708199998683995,0.3137160001642769,0.5357190002541756,1.6823930000100518,0.0,0.0,0.28993399973842315,6449.2772820003665,6451.249609000115
16,43,error_only,0.34393799978715833,0.3539199997248943,0.08030299977690447,0.34044300082314294,0.6308199999693898,1.8535120007072692,0.0,0.0,0.30427500041696476,6586.017263999565,6588.17505100069
17,43,error_only,0.32614900010230485,0.2981369998451555,0.07559999994555255,0.31565800054522697,0.5374769998525153,2.4386459999732324,0.0,0.0,0.2942020000773482,6457.745028000318,6460.477876000368
18,43,error_only,0.40392000028077746,0.37468699974851916,0.07682900013605831,0.3886200001943507,0.6304309999904945,2.8966449999643373,0.0,0.0,0.3209469996363623,6631.036777999725,6634.254369999326
19,43,error_only,0.3327899994474137,0.322969000080775,0.07104299947968684,0.30297800003609154,0.554808999368106,1.6776630000094883,0.0,0.0,0.2693189999263268,6393.833658999938,6395.780640999874
20,43,error_only,0.37288000021362677,0.3397899999981746,0.08108000020001782,0.36027900023327675,0.622280000243336,1.8933869996544672,0.0,0.0,0.2971560006699292,6719.580193999718,6721.770737000043
21,43,error_only,1.2757320000673644,0.35318199934408767,0.06915299945831066,0.3258890001234249,0.5531330007215729,2.6701729993874324,0.0,0.0,0.286231000245607,6592.341184000361,6595.297587999994
22,43,error_only,0.36207599987392314,0.3667679993668571,0.07946400000946596,0.3618480004661251,0.636235999991186,1.9111749998046434,0.0,0.0,0.31348600077762967,6832.608440999138,6834.83310199972
23,43,error_only,0.3312270000606077,0.3631039999163477,0.08477800020045834,0.3536200001690304,0.586472000577487,1.8155859997932566,0.0,0.0,0.314447000164364,6888.7260580004295,6890.856091000387
24,43,error_only,0.322949000292283,0.316992000080063,0.07092600026226137,0.31716100056655705,0.5894670002817293,1.7158850005216664,0.0,0.0,0.270397000349476,6688.819393999438,6690.805676000309
25,43,error_only,0.41331500051455805,0.4004559996246826,0.0825870001790463,0.46429400026681833,0.6883779997224337,2.155319999474159,0.0,0.0,0.3140380003969767,6870.0693840000895,6872.538741999961
26,43,error_only,0.31699299961474026,0.30590599999413826,0.07392399948003003,0.3136790001008194,0.6320680004137103,1.7351139995298581,0.0,0.0,0.2990550001413794,6662.865551999857,6664.899720999529
27,43,error_only,0.3658149998955196,0.34933400002046255,0.07959599952300778,0.34655400031624595,0.8264629996119766,2.069746999950439,0.0,0.0,0.3090640002483269,6552.815426000052,6555.194237000251
28,43,error_only,0.3565899996829103,0.32635399929858977,0.07779700081300689,0.3047319996767328,0.6111989996497869,1.7704210004012566,0.0,0.0,0.2655400003277464,7003.338713999256,7005.374674999985
29,43,error_only,0.29350800014071865,0.357201999577228,0.15314000029320596,0.45172599948273273,0.6070069994166261,1.9607240001278115,0.0,0.0,0.29606299995066365,6909.609811999871,6911.86659899995
1,43,ours,0.31568000031256815,0.2985640003316803,0.2999560001626378,0.36586499936674954,0.5386999991969788,2.0553759995891596,0.0,0.0,0.24446999941574177,5656.502660001024,5658.802506000029
2,43,ours,0.34412300010444596,0.30872799925418803,0.3224869997211499,0.4617929998858017,0.6456850005633896,2.1865579992663697,0.0,0.0,0.3022619994226261,5475.0650130017675,5477.5538330004565
3,43,ours,0.2923809997810167,0.2796480002871249,0.2937419994850643,0.4068429998369538,0.6096189999880153,1.9694769998750417,0.0,0.0,0.2553410004111356,5552.489038999738,5554.713857000024
4,43,ours,0.3265550003561657,0.3307249999124906,0.33398799951100955,0.35281100008432986,0.6158819996926468,2.066800999273255,0.0,0.0,0.2877389997593127,5624.1882270014685,5626.542767000501
5,43,ours,0.2951870001197676,0.30994799999461975,0.2919270000347751,0.3836570003841189,0.6058910003048368,1.9886279997081147,0.0,0.0,0.24965699958556797,5853.111023001475,5855.349308000768
6,43,ours,0.288442000055511,0.3162809998684679,0.30739499925402924,0.3905670000676764,0.5979260004096432,1.998136000111117,0.0,0.0,0.2605540003060014,5850.807636998979,5853.066326999397
7,43,ours,0.33773199993447633,0.3187909996995586,0.3453680001257453,0.4229950000080862,0.672963999932108,2.2060229994167457,0.0,0.0,0.2890979994845111,5749.690965000809,5752.1860859997105
8,43,ours,0.3497020006761886,0.3109970002697082,0.3310350002720952,0.4176559996267315,0.5611639999187901,2.075822999358934,0.0,0.0,0.2912130003096536,5951.227225000366,5953.594261000035
9,43,ours,0.3547810001691687,0.29776500014122576,0.38792199939052807,0.41844099996524164,0.6038330002411385,2.164513000025181,0.0,0.0,0.318585999593779,5914.595399999598,5917.078498999217
10,43,ours,0.3409450000617653,0.3553750002538436,0.37453900040418375,0.4482609992919606,0.6004880006003077,2.2334889999910956,0.0,0.0,0.30119699931674404,5988.109381000868,5990.644067000176
11,43,ours,0.3474360000836896,0.34506299925851636,0.3552799998942646,0.4305080001358874,0.6023300002198084,2.1840180006620358,0.0,0.0,0.29568999980256194,6038.134708000143,6040.614416000608
12,43,ours,0.350890999470721,0.3223949997845921,0.3520910004226607,0.44013899969286285,0.5958369993095403,2.162359999601904,0.0,0.0,0.304629999845929,6067.8299510000215,6070.296940999469
13,43,ours,0.35783800012723077,0.31883300016488647,0.3520399995977641,0.4300029995647492,0.5753140003434964,2.1331930001906585,0.0,0.0,1.2426120001691743,6108.948998999949,6112.324804000309
14,43,ours,0.476432000141358,0.3600780000851955,0.40552700011176057,0.5417259999376256,0.7160320001275977,2.6292819993614103,0.0,0.0,0.4278780006643501,6272.057501000745,6275.114661000771
15,43,ours,0.33482700018794276,0.31491499976255,0.37961600082780933,0.433727000199724,0.6614100002479972,2.2229539999898407,0.0,0.0,0.3022860000783112,6358.753565999905,6361.278805999973
16,43,ours,0.3466400003162562,0.31233499976224266,0.38223000046855304,0.447472999439924,0.6826310000178637,2.2763420001865597,0.0,0.0,0.2980230001412565,6235.4937979998795,6238.068163000207
17,43,ours,0.34756100012600655,0.33497100048407447,0.38855000002513407,0.4238720002831542,0.7033450001472374,2.29289599974436,0.0,0.0,0.29150000045774505,6268.2640139992145,6270.848409999417
18,43,ours,1.2338629994701478,0.3309980002086377,0.4057240003021434,0.34497999968152726,0.721825000255194,3.1387470007757656,0.0,0.0,0.29433100007736357,6382.3908089989345,6385.823886999788
19,43,ours,0.3214819998902385,0.31257800037565175,0.350651999724505,0.4017960000055609,0.68047500008106,2.1591129998341785,0.0,0.0,0.2648290001161513,6345.060425000156,6347.484367000106
20,43,ours,0.34289899940631585,0.31861599927651696,0.37326899928302737,0.4396860003907932,0.795590999587148,2.366583999901195,0.0,0.0,0.26630699994711904,6450.725902000158,6453.358793000007
21,43,ours,0.34836499980883673,0.3193700003976119,0.40462899960402865,0.4174759997113142,0.7739630000287434,2.3629919996892568,0.0,0.0,0.2920120005001081,6448.565366999901,6451.22037100009
22,43,ours,0.41406499985896517,0.33603199972276343,0.42318200030422304,0.5216080007812707,0.7627900004081312,2.5706960004754364,0.0,0.0,0.32837799972185167,6385.06811499974,6387.967188999937
23,43,ours,0.3781499999604421,0.33096100014518015,0.41434599916101433,0.4519419999269303,0.7728179998593987,2.444501999889326,0.0,0.0,0.30951000007917173,6507.929261999379,6510.683273999348
24,43,ours,0.3414510001675808,0.34852099997806363,0.417101000493858,0.4201889996693353,0.8086819998425199,2.437563999592385,0.0,0.0,0.29681299929507077,6731.907869001589,6734.642246000476
25,43,ours,0.3181219999532914,0.33806899955379777,0.3616579997469671,0.3956439995818073,0.7152749994929763,2.2293470001386595,0.0,0.0,0.2546679997976753,6676.623631000439,6679.107646000375
26,43,ours,0.3741999998965184,0.33242800054722466,0.409095999202691,0.43068300055892905,0.8645400002933457,2.518627999961609,0.0,0.0,0.3318879998914781,6766.72199099994,6769.572506999793
27,43,ours,0.32931999976426596,0.32409600044047693,0.3859070002363296,0.33402899953216547,0.8005869995031389,2.2716980001860065,0.0,0.0,0.28394499986461597,6857.533512000373,6860.0891550004235
28,43,ours,0.3815260006376775,0.3503139996610116,0.4454629997781012,0.36985899987485027,0.9182010007862118,2.572127999883378,0.0,0.0,0.33904500014614314,7402.491891999489,7405.403064999518
29,43,ours,0.29644599999301136,0.3732780005520908,0.47990199982450576,0.48998000056599267,0.9472129995629075,2.696542000194313,0.0,0.0,0.32639799974276684,6686.355802000435,6689.378742000372
1,44,no_op,0.0,0.0,0.0,0.0,0.0,0.0,0.0,0.0,0.20240499998180894,5343.475548999777,5343.677953999759
2,44,no_op,0.0,0.0,0.0,0.0,0.0,0.0,0.0,0.0,0.24461399971187348,5496.076860999892,5496.321474999604
3,44,no_op,0.0,0.0,0.0,0.0,0.0,0.0,0.0,0.0,0.2841139994416153,5550.66583900043,5550.949952999872
4,44,no_op,0.0,0.0,0.0,0.0,0.0,0.0,0.0,0.0,0.30105699988780543,5869.754018000094,5870.055074999982
5,44,no_op,0.0,0.0,0.0,0.0,0.0,0.0,0.0,0.0,0.26330899981985567,5884.442130000025,5884.705438999845
6,44,no_op,0.0,0.0,0.0,0.0,0.0,0.0,0.0,0.0,0.26931199954560725,5826.7298030004895,5826.999115000035
7,44,no_op,0.0,0.0,0.0,0.0,0.0,0.0,0.0,0.0,0.24786099947959883,5715.271224000389,5715.519084999869
8,44,no_op,0.0,0.0,0.0,0.0,0.0,0.0,0.0,0.0,0.28086300062568625,5934.87745999937,5935.158322999996
9,44,no_op,0.0,0.0,0.0,0.0,0.0,0.0,0.0,0.0,0.3027890006706002,6051.309737998963,6051.612526999634
10,44,no_op,0.0,0.0,0.0,0.0,0.0,0.0,0.0,0.0,0.2791740007523913,6043.21629199876,6043.495465999513
11,44,no_op,0.0,0.0,0.0,0.0,0.0,0.0,0.0,0.0,0.27837900051963516,5904.434404998938,5904.712783999457
12,44,no_op,0.0,0.0,0.0,0.0,0.0,0.0,0.0,0.0,0.3531180000209133,6079.767044999244,6080.120162999265
13,44,no_op,0.0,0.0,0.0,0.0,0.0,0.0,0.0,0.0,0.30088099993008655,6308.239269999831,6308.540150999761
14,44,no_op,0.0,0.0,0.0,0.0,0.0,0.0,0.0,0.0,0.29259799975989154,6373.741502000485,6374.0341000002445
15,44,no_op,0.0,0.0,0.0,0.0,0.0,0.0,0.0,0.0,0.33747500037861755,6192.473795000296,6192.811270000675
16,44,no_op,0.0,0.0,0.0,0.0,0.0,0.0,0.0,0.0,0.31415400007972494,6416.406557999835,6416.720711999915
17,44,no_op,0.0,0.0,0.0,0.0,0.0,0.0,0.0,0.0,0.30057500043767504,6652.310116999615,6652.610692000053
18,44,no_op,0.0,0.0,0.0,0.0,0.0,0.0,0.0,0.0,0.2936040000349749,6450.553689000117,6450.847293000152
19,44,no_op,0.0,0.0,0.0,0.0,0.0,0.0,0.0,0.0,0.30683000022690976,6677.485412999886,6677.792243000113
20,44,no_op,0.0,0.0,0.0,0.0,0.0,0.0,0.0,0.0,0.3916670002581668,6872.028038999815,6872.419706000073
21,44,no_op,0.0,0.0,0.0,0.0,0.0,0.0,0.0,0.0,0.317429999995511,6829.769614000725,6830.08704400072
22,44,no_op,0.0,0.0,0.0,0.0,0.0,0.0,0.0,0.0,0.28420199942047475,6788.588501000049,6788.87270299947
23,44,no_op,0.0,0.0,0.0,0.0,0.0,0.0,0.0,0.0,0.3168920002281084,6462.676248999742,6462.99314099997
24,44,no_op,0.0,0.0,0.0,0.0,0.0,0.0,0.0,0.0,1.2800530003005406,6842.05810200001,6843.3381550003105
25,44,no_op,0.0,0.0,0.0,0.0,0.0,0.0,0.0,0.0,0.2868840001610806,6618.585782000082,6618.872666000243
26,44,no_op,0.0,0.0,0.0,0.0,0.0,0.0,0.0,0.0,0.26062599954457255,6667.165693000243,6667.426318999787
27,44,no_op,0.0,0.0,0.0,0.0,0.0,0.0,0.0,0.0,0.2848940002877498,6344.399522999993,6344.6844170002805
28,44,no_op,0.0,0.0,0.0,0.0,0.0,0.0,0.0,0.0,0.3219049995095702,6779.268409000906,6779.590314000416
29,44,no_op,0.0,0.0,0.0,0.0,0.0,0.0,0.0,0.0,0.2621419998831698,6850.981032999698,6851.243174999581
1,44,error_only,0.4297140003473032,0.32573599946772447,0.06692799979646225,0.4016209995825193,0.49134299933939474,1.8273279993081815,0.0,0.0,0.32199499946727883,5595.875656001226,5598.024979000002
2,44,error_only,0.3113080001639901,0.28225700043549296,0.05720300032407977,0.2950649995909771,0.434737999967183,1.4824309992036433,0.0,0.0,0.2637799998410628,5806.544016000771,5808.290226999816
3,44,error_only,0.3093630002695136,0.3257530006521847,0.05867000072612427,0.29708200054301415,0.44375600009516347,1.523139999335399,0.0,0.0,0.3145499995298451,5851.157905000946,5852.995594999811
4,44,error_only,0.3293959998700302,0.29926800016255584,0.05912300002819393,0.3119789998891065,0.44434499977796804,1.5448349995494937,0.0,0.0,0.2871090000553522,5941.447464000703,5943.279408000308
5,44,error_only,0.3634569993664627,0.3162259999953676,0.07166999967012089,0.3587830005926662,0.5014079997636145,1.7349140007354436,0.0,0.0,0.3281480003352044,5887.796368999261,5889.859431000332
6,44,error_only,0.35010800002055475,0.2842500007318449,0.060645999838015996,0.32690299940441037,0.4829500003324938,1.6060779998952057,0.0,0.0,0.2872600007322035,5866.105334999702,5867.998673000329
7,44,error_only,0.3338699998494121,0.3099470004599425,0.06481900072685676,0.3191820005667978,0.5160269993211841,1.6404410007453407,0.0,0.0,0.3033220000361325,5978.355147999537,5980.298911000318
8,44,error_only,0.3307919996586861,0.318117999995593,0.06348799979605246,0.3263489998062141,0.4868599999099388,1.6398360003222479,0.0,0.0,0.2802319995680591,6162.112983000043,6164.033050999933
9,44,error_only,0.3353299998707371,0.2792610002870788,0.06820300040999427,0.31599599969922565,0.4749999998239218,1.5735030001451378,0.0,0.0,0.2663650002432405,6124.99913999909,6126.839007999479
10,44,error_only,0.3345159993841662,0.3033819994016085,0.06566699994436931,0.32328399993275525,0.4913120001219795,1.6216020003412268,0.0,0.0,0.27776100068876985,5796.499046999088,5798.398410000118
11,44,error_only,0.3685869996843394,0.3449619998718845,0.07328599986067275,0.34400900040054694,0.5490860003192211,2.5710190002428135,0.0,0.0,0.3164330000799964,6312.561609000113,6315.449061000436
12,44,error_only,0.41877700004988583,0.35890099934476893,0.0757589996283059,0.3761320003832225,0.6951309997020871,2.044773999841709,0.0,0.0,0.5133499998919433,6287.7877270011595,6290.345851000893
13,44,error_only,0.3708379999807221,0.3026529993803706,0.07047599956422346,0.3570259996195091,0.5152549992999411,1.7174820004584035,0.0,0.0,0.29304000054253265,6218.329994998385,6220.340516999386
14,44,error_only,0.35699700038094306,0.31147400022746297,0.07908600036898861,0.3700659999594791,0.5932060003033257,1.8203529998572776,0.0,0.0,0.3551739991962677,6455.4284620016915,6457.603989000745
15,44,error_only,0.3716669998539146,0.34201800008304417,0.07586500032630283,0.34074300037900684,0.5995060000714147,1.836310000726371,0.0,0.0,0.30653999965579715,6478.439501999674,6480.582352000056
16,44,error_only,0.3443400000833208,0.3241320000597625,0.07112500043149339,0.31621299967810046,0.5463670004246524,1.7130149999502464,0.0,0.0,0.26206699931208277,6274.505277000571,6276.480358999834
17,44,error_only,0.3474349996395176,0.3517699997246382,0.07251199986058054,0.32525299957342213,0.6450070004575537,1.8441419997543562,0.0,0.0,0.29140500009816606,6369.084949999888,6371.22049699974
18,44,error_only,0.3563840000424534,0.2963980005006306,0.07126200034690555,0.31330699948739493,0.5316399992807419,1.673968000432069,0.0,0.0,0.27288599994790275,6525.126540999736,6527.073395000116
19,44,error_only,0.34498399963922566,0.29080900003464194,0.06698800007143291,0.2898740003729472,0.5347269998310367,1.6290590001517558,0.0,0.0,0.26183799946011277,6382.582586999888,6384.4734839995
20,44,error_only,0.40530999922339106,0.42108500019821804,0.07430400000885129,0.4566269999486394,0.5666269998982898,2.034518999607826,0.0,0.0,0.29856899982405594,6523.903446000986,6526.236534000418
21,44,error_only,0.37925600008748006,0.3334009998070542,0.08320199958689045,0.3084169993599062,0.6808739999542013,1.8854930003726622,0.0,0.0,0.298661999295291,6486.907529000746,6489.091684000414
22,44,error_only,0.3834979997918708,0.36640600046666805,0.07936600013636053,0.3857299998344388,0.6694360008623335,2.3419440003635827,0.0,0.0,0.3882529999827966,6610.91703799957,6613.647234999917
23,44,error_only,0.3795890006585978,0.3828409999186988,0.07866499981901143,0.5080150003777817,0.6385550004779361,2.0932320003339555,0.0,0.0,0.33406100010324735,6675.439878000361,6677.867171000798
24,44,error_only,0.3575210002964013,0.35475200002110796,0.08336999962921254,0.34590399991429877,0.6424529992727912,1.8881360001614667,0.0,0.0,0.3265850000389037,6611.698015000002,6613.912736000202
25,44,error_only,0.3554639997673803,0.3582660001484328,0.08195800000976305,0.33265900037804386,0.6705200003125356,2.846046999366081,0.0,0.0,0.2890940004363074,6836.924136000562,6840.059277000364
26,44,error_only,0.3588460003811633,0.34429700008331565,0.08070200055954047,0.3650329999800306,0.6035249998603831,2.062008000393689,0.0,0.0,0.273943000138388,6626.030508999975,6628.366460000507
27,44,error_only,0.3986100000474835,0.36421000004338566,0.07917199945950415,0.3535030000421102,0.6750559996362426,1.9807130001936457,0.0,0.0,0.34721099927992327,7058.318801000496,7060.64672499997
28,44,error_only,0.413490000028105,0.3672929997264873,0.08362600055988878,0.3669699999591103,0.7126020000214339,2.0507160006673075,0.0,0.0,0.3212869996787049,7189.188570999249,7191.560573999595
29,44,error_only,0.2829949999068049,0.353864999851794,0.09071099975699326,0.3103400003965362,0.7129729992811917,1.8523349999668426,0.0,0.0,1.3068059997749515,6873.7765370005945,6876.935678000336
1,44,ours,0.3782820003834786,0.2948890005427529,0.32419000035588397,0.41190299998561386,0.47650600026827306,1.985066000088409,0.0,0.0,0.2580189993750537,5582.723137000357,5584.966221999821
2,44,ours,0.34611199953360483,0.28442700022424106,0.2874960000553983,0.42756299990287516,0.6119700001363526,2.0502709994616453,0.0,0.0,0.2830399998856592,5609.5067740006925,5611.84008500004
3,44,ours,0.3140239996355376,0.3118659997198847,0.3251289999752771,0.3261120000388473,0.713227999767696,2.0879300000160583,0.0,0.0,0.3282899997429922,5841.8636630003675,5844.279883000127
4,44,ours,0.3835789993900107,0.30403199980355566,0.35274599940748885,0.3689189998112852,0.7659899993086583,2.5468060002822313,0.0,0.0,0.329602999954659,5954.148531999635,5957.024940999872
5,44,ours,0.3531419997671037,0.3228999994462356,0.3092179995292099,0.4261429994585342,0.6522430003315094,2.166459999898507,0.0,0.0,0.30487699950754177,5822.2168790007345,5824.6882160001405
6,44,ours,0.35528100033843657,0.3281380004409584,0.3098279994446784,0.4277739999452024,0.6690509999316419,2.203596999606816,0.0,0.0,0.29792100031045265,5818.594274999668,5821.095792999586
7,44,ours,0.3478400003587012,0.2995969998664805,0.3346480007166974,0.4459629999473691,0.6886549999762792,2.2281050005403813,0.0,0.0,0.27891799982171506,5745.912687999407,5748.419710999769
8,44,ours,0.3293310001026839,0.29471600009856047,0.3066460003537941,0.4167440001765499,0.6770709996999358,2.1235109998087864,0.0,0.0,0.26592799986246973,5897.963623000578,5900.353062000249
9,44,ours,0.3011110002262285,0.30250000054365955,0.31602200033375993,0.3995710003437125,0.6948350001039216,2.1076689999972587,0.0,0.0,0.25372900017828215,5920.583506999719,5922.944904999895
10,44,ours,0.33962100042117527,0.32270000065182103,0.36674600050901063,0.42092299918294884,0.7833089994164766,2.33254799968563,0.0,0.0,0.3086460001213709,6044.820054000411,6047.461248000218
11,44,ours,0.3417190000618575,0.30945399976189947,0.3658539999378263,0.4403040002216585,0.8248909998656018,2.377036000325461,0.0,0.0,0.30446499931713333,6100.10459500063,6102.786096000273
12,44,ours,0.3957819999413914,0.34651399982976727,0.3775950008275686,0.47622300007788,0.8478820000163978,2.5452599993514013,0.0,0.0,0.34428700018906966,6226.398925000467,6229.2884720000075
13,44,ours,0.3293919999123318,0.30970500029070536,0.3338939995956025,0.41214600059902295,0.7560169997304911,2.2447100000135833,0.0,0.0,0.29873699986637803,6197.254476000126,6199.7979230000055
14,44,ours,0.3466539992587059,0.3020040003320901,0.36414099940884626,0.33268700008193264,0.7495909994759131,2.192743000705377,0.0,0.0,0.31942999976308784,6301.313974999175,6303.826147999644
15,44,ours,0.3843079994112486,0.3210849999959464,0.34807599968189606,0.32909899982769275,0.7641940001121839,2.244985999823257,0.0,0.0,0.31453100018552504,6421.047797999563,6423.607314999572
16,44,ours,0.39883400040707784,0.3070500006288057,0.33897000048455084,0.46653099980176194,0.8017239997570869,2.426242000183265,0.0,0.0,0.3268959999331855,6263.8259850000395,6266.579123000156
17,44,ours,0.35621499955595937,0.30107399925327627,0.33862799955386436,0.4032730003018514,0.8900940001694835,2.3817549999876064,0.0,0.0,0.26608799998939503,6305.154323000352,6307.802166000329
18,44,ours,0.35421899974608095,0.35285099966131384,0.384148000193818,0.4411950003486709,0.9116840001297533,2.5545890002831584,0.0,0.0,0.34254399997735163,6547.677779999503,6550.574912999764
19,44,ours,0.38099799985502614,0.33363100010319613,0.3758590000870754,0.4269049995855312,0.8312919999298174,2.4491510002917494,0.0,0.0,0.30280200007837266,6269.078595999417,6271.830548999787
20,44,ours,0.3295010001238552,0.31453300016437424,0.3598420007620007,0.40509100017516175,0.8380149993172381,2.3394549998556613,0.0,0.0,0.26621800043358235,6487.822583999332,6490.428256999621
21,44,ours,0.3672540005936753,0.3102910004599835,0.39276200004678685,0.4156660006628954,0.8541070001228945,2.436105000015232,0.0,0.0,0.2924609998444794,6711.33860000009,6714.06716599995
22,44,ours,0.35033499989367556,0.31685100020695245,0.4006569997727638,0.36956100029783556,0.9047819994520978,2.548180000303546,0.0,0.0,0.30025900014152285,6694.607411999641,6697.455851000086
23,44,ours,0.3758290004043374,0.35886699970433256,0.4420239993123687,0.33738199999788776,0.9997990000556456,2.6116449998880853,0.0,0.0,0.3124009999737609,6815.992914000162,6818.916960000024
24,44,ours,0.3308380000817124,0.314238000100886,0.4176559996267315,0.28545799978019204,0.8832979992803303,2.324910999959684,0.0,0.0,0.29040000026725465,6648.707413999546,6651.322724999773
25,44,ours,0.43547499990381766,0.35149199993611546,0.38699600008840207,0.47867600005702116,0.8940870002334123,2.650926000569598,0.0,0.0,0.3310590000182856,6425.816410999687,6428.798396000275
26,44,ours,0.4315019996283809,0.3348759992150008,0.46480499986500945,0.4912120002700249,1.1657470004138304,3.000428999257565,0.0,0.0,0.33842899938463233,6553.084605001459,6556.423463000101
27,44,ours,0.35917900004278636,0.3559160004442674,0.38193399996089283,0.4109430001335568,0.8662649997859262,2.4727680001888075,0.0,0.0,0.27575700005399995,6708.701901000495,6711.450426000738
28,44,ours,0.38952599970798474,0.3627480000432115,0.44060999971407,0.3546779998941929,0.9963800002878997,2.646137999363418,0.0,0.0,1.2397850005072542,6653.120172999479,6657.00609599935
29,44,ours,0.4165499994996935,0.3965169998991769,0.41310400047223084,0.5912070000704261,1.0153530001844047,2.9624469998452696,0.0,0.0,0.3575979999368428,6992.70783800057,6996.027883000352
1,45,no_op,0.0,0.0,0.0,0.0,0.0,0.0,0.0,0.0,0.26793199958774494,5674.25009300041,5674.518024999998
2,45,no_op,0.0,0.0,0.0,0.0,0.0,0.0,0.0,0.0,0.26728200009529246,5478.4880980005255,5478.755380000621
3,45,no_op,0.0,0.0,0.0,0.0,0.0,0.0,0.0,0.0,0.39841499983594986,5642.721512000207,5643.119927000043
4,45,no_op,0.0,0.0,0.0,0.0,0.0,0.0,0.0,0.0,0.29986600020492915,5894.501103999573,5894.800969999778
5,45,no_op,0.0,0.0,0.0,0.0,0.0,0.0,0.0,0.0,0.3020109998033149,5678.033266999591,5678.335277999395
6,45,no_op,0.0,0.0,0.0,0.0,0.0,0.0,0.0,0.0,0.28925500009790994,5756.603928999539,5756.893183999637
7,45,no_op,0.0,0.0,0.0,0.0,0.0,0.0,0.0,0.0,0.2883260003727628,5933.10094699973,5933.389273000103
8,45,no_op,0.0,0.0,0.0,0.0,0.0,0.0,0.0,0.0,0.42925899924739497,5726.339258000735,5726.768516999982
9,45,no_op,0.0,0.0,0.0,0.0,0.0,0.0,0.0,0.0,0.252362000537687,6063.459309999416,6063.711671999954
10,45,no_op,0.0,0.0,0.0,0.0,0.0,0.0,0.0,0.0,0.3094670000791666,6314.243427999827,6314.552894999906
11,45,no_op,0.0,0.0,0.0,0.0,0.0,0.0,0.0,0.0,0.2875579993997235,5965.698278000673,5965.985836000073
12,45,no_op,0.0,0.0,0.0,0.0,0.0,0.0,0.0,0.0,0.33638300010352395,6270.656858999246,6270.993241999349
13,45,no_op,0.0,0.0,0.0,0.0,0.0,0.0,0.0,0.0,0.35022300016862573,6280.970994999734,6281.321217999903
14,45,no_op,0.0,0.0,0.0,0.0,0.0,0.0,0.0,0.0,0.30298399997263914,6331.153582999832,6331.456566999805
15,45,no_op,0.0,0.0,0.0,0.0,0.0,0.0,0.0,0.0,0.27283300005365163,6369.201220999457,6369.474053999511
16,45,no_op,0.0,0.0,0.0,0.0,0.0,0.0,0.0,0.0,0.2618929993332131,6323.633589000565,6323.895481999898
17,45,no_op,0.0,0.0,0.0,0.0,0.0,0.0,0.0,0.0,0.29737000022578286,6258.03381500009,6258.331185000316
18,45,no_op,0.0,0.0,0.0,0.0,0.0,0.0,0.0,0.0,0.3392950002307771,6612.920152999322,6613.259447999553
19,45,no_op,0.0,0.0,0.0,0.0,0.0,0.0,0.0,0.0,0.28382299933582544,6639.442623000832,6639.726446000168
20,45,no_op,0.0,0.0,0.0,0.0,0.0,0.0,0.0,0.0,0.2655709995451616,6566.384769000251,6566.650339999796
21,45,no_op,0.0,0.0,0.0,0.0,0.0,0.0,0.0,0.0,0.28515399935713504,6464.643034000801,6464.928188000158
22,45,no_op,0.0,0.0,0.0,0.0,0.0,0.0,0.0,0.0,0.2624789995024912,6464.954675000627,6465.217154000129
23,45,no_op,0.0,0.0,0.0,0.0,0.0,0.0,0.0,0.0,0.27923600009671645,6472.89157799969,6473.170813999786
24,45,no_op,0.0,0.0,0.0,0.0,0.0,0.0,0.0,0.0,0.2717580000535236,6538.87584199947,6539.147599999524
25,45,no_op,0.0,0.0,0.0,0.0,0.0,0.0,0.0,0.0,0.2679070003068773,6852.386993999971,6852.654901000278
26,45,no_op,0.0,0.0,0.0,0.0,0.0,0.0,0.0,0.0,0.2815769994413131,6930.888883000989,6931.1704600004305
27,45,no_op,0.0,0.0,0.0,0.0,0.0,0.0,0.0,0.0,0.26280400015821215,6572.223463000228,6572.486267000386
28,45,no_op,0.0,0.0,0.0,0.0,0.0,0.0,0.0,0.0,0.3041500003746478,6832.064977998925,6832.3691279993
29,45,no_op,0.0,0.0,0.0,0.0,0.0,0.0,0.0,0.0,0.28469000062614214,7015.042034999169,7015.326724999795
1,45,error_only,0.39343299977190327,0.3127210002276115,0.06598199979634956,0.3729879999809782,0.43320999975549057,1.6834230000313255,0.0,0.0,0.26061399967147736,5316.722859000038,5318.6668959997405
2,45,error_only,0.2985560004162835,0.3188260006936616,0.0599470004090108,0.29148000066925306,0.42420299996592803,1.4787869995416258,0.0,0.0,0.32764000025053974,5809.4888000005085,5811.295227000301
3,45,error_only,0.32318300054612337,0.3059029995711171,0.0640560001556878,0.3214839998690877,0.48270600018440746,1.5949200005707098,0.0,0.0,0.3077749997828505,5848.670780000248,5850.573475000601
4,45,error_only,0.40782999985822244,0.3717219997270149,0.09096600024349755,0.38032399970688857,0.5469970001286129,1.9226180002078763,0.0,0.0,0.3596839997044299,5914.424929999768,5916.7072319996805
5,45,error_only,0.32458899931953056,0.3091429998676176,0.06728500011377037,0.2737969998634071,0.45795500045642257,1.5328939998653368,0.0,0.0,0.26603000060276827,5918.963971999801,5920.762896000269
6,45,error_only,0.3484030003164662,0.29164800071157515,0.06154099992272677,0.3458640003373148,0.4625949995897827,1.609719999578374,0.0,0.0,0.27941799999098293,5687.450183000692,5689.339321000261
7,45,error_only,0.37509799949475564,0.3175149995513493,0.0676199997542426,0.3644300004452816,0.5290290000630193,1.7691170005491585,0.0,0.0,0.30642500041722087,5954.435872999056,5956.511415000023
8,45,error_only,0.38082100036263,0.3175020001435769,0.07315199945878703,0.38428299922088627,0.5385969998314977,1.8172130003222264,0.0,0.0,1.3311709999470622,5898.7247390004995,5901.873123000769
9,45,error_only,0.3343299995322013,0.30255099954956677,0.07049399937386625,0.33004500073730014,0.5254249999779859,2.3974349996933597,0.0,0.0,0.28284000018174993,5899.399797000115,5902.08007199999
10,45,error_only,0.35489400033839047,0.33140100003947737,0.06977900011406746,0.32829900010256097,0.5431060008049826,1.736490999974194,0.0,0.0,0.30297200009954395,6145.967281000594,6148.006744000668
11,45,error_only,0.32933599959505955,0.3207099998689955,0.06970199956413126,0.3214509997633286,0.5345839999790769,1.666176000071573,0.0,0.0,0.28994599961151835,6135.940108000796,6137.896230000479
12,45,error_only,0.3555899993443745,0.3034249994016136,0.06447600026149303,0.31629200020688586,0.5074390001027496,1.6414410001743818,0.0,0.0,0.2806699994835071,6132.352883000749,6134.274994000407
13,45,error_only,0.3410099998291116,0.3378079991307459,0.06566299998667091,0.31020899950817693,0.4996269999537617,1.6493960001753294,0.0,0.0,0.28205000035086414,6107.248853999408,6109.1802999999345
14,45,error_only,0.33445799999753945,0.30293200052256,0.06259699966904009,0.2863019999495009,0.5162259994904161,1.6284180001093773,0.0,0.0,0.26925099973595934,6015.8395150001525,6017.737183999998
15,45,error_only,0.31676999969931785,0.3245449997848482,0.0625829998170957,0.2998279996972997,0.5142899999555084,1.6145019999385113,0.0,0.0,0.26634400001057656,6125.427359000241,6127.30820500019
16,45,error_only,0.34498199966037646,0.30089300071267644,0.0750560002416023,0.2995790000568377,0.6365110002661822,1.7634779997024452,0.0,0.0,0.4537549993983703,6114.285146000839,6116.5023789999395
17,45,error_only,0.33747499946912285,0.32458100031362846,0.06985100026213331,0.34211699949082686,0.5834379999214434,1.7607589998078765,0.0,0.0,0.30121300005703233,6309.069296999951,6311.131268999816
18,45,error_only,0.3610440007832949,0.3508439995130175,0.07673300024180207,0.3441079998083296,0.5621480004265322,1.7964509997909772,0.0,0.0,1.2040419996992568,6424.6085980003045,6427.609090999795
19,45,error_only,0.31879000016488135,0.29631800043716794,0.08840099962981185,0.30038100067031337,0.5527100001927465,1.6469290003442438,0.0,0.0,0.2748619999692892,6221.176412000204,6223.098203000518
20,45,error_only,0.33867199999804143,0.34306300040043425,0.07247200028359657,0.31736800065118587,0.6568839999090414,1.828662000662007,0.0,0.0,0.31333399965660647,6448.281226999825,6450.4232230001435
21,45,error_only,0.34082599995599594,0.30628900003648596,0.06715300060022855,0.3148240002701641,0.5658639993271208,1.689939000243612,0.0,0.0,0.3076820003116154,6551.900564999414,6553.898185999969
22,45,error_only,0.3244089994041133,0.3244130002713064,0.06626899994444102,0.30569499995181104,0.5817119999846909,1.69040800028597,0.0,0.0,0.26703299954533577,6507.340376000684,6509.297817000515
23,45,error_only,0.3283360001660185,0.32451199967908906,0.06991999998717802,0.29405100030999165,0.5663609999828623,1.675659000284213,0.0,0.0,0.26271099977748236,6163.763550000112,6165.701920000174
24,45,error_only,0.394806999793218,0.33320799957436975,0.08419999994657701,0.3380880007171072,0.7053509998513618,1.957964999746764,0.0,0.0,0.3035569998246501,6800.968053999895,6803.229575999467
25,45,error_only,0.3752960001293104,0.35188900073990226,0.08518400045431918,0.3437410005062702,0.7392580000669113,1.9970980001744465,0.0,0.0,0.3391209993424127,6746.914406000542,6749.250625000059
26,45,error_only,0.3822369999397779,0.3201059998900746,0.08343799981958,0.3537659995345166,0.5982250004308298,1.8416739994790987,0.0,0.0,0.316429000122298,6875.564836000194,6877.722938999796
27,45,error_only,0.38429300002462696,0.35755400040216045,0.07963000007293886,0.35443199976725737,0.6691500002489192,1.9496140002956963,0.0,0.0,0.33582600008230656,6740.7224869994025,6743.0079269997805
28,45,error_only,0.37813499966432573,0.3677849999803584,0.07945499964989722,0.34933599999931175,0.677908999932697,2.7472100000522914,0.0,0.0,0.29681500018341467,6697.17159099946,6700.215615999696
29,45,error_only,0.28449399997043656,0.3626689995144261,0.08074200013652444,0.3055560000575497,0.6903049998072674,1.8236559999422752,0.0,0.0,0.3645670003606938,6855.118831999789,6857.307055000092
1,45,ours,0.30037499982427107,0.26818100013770163,0.2813480004988378,0.39401200046995655,0.6055570001990418,1.9399960001464933,0.0,0.0,0.24074399971141247,5660.37273099937,5662.553470999228
2,45,ours,0.33274599991273135,0.27408799996919697,0.27495099948282586,0.30196900024748174,0.42226599998684833,1.696793000519392,0.0,0.0,0.2873680004995549,5585.545076999551,5587.52923800057
3,45,ours,0.302188999739883,0.28911699973832583,0.27577099990594434,0.35765299980994314,0.5128909997438313,1.828024000133155,0.0,0.0,0.30794799931754824,5559.308578000127,5561.444549999578
4,45,ours,0.3477889995338046,0.29652500052179676,0.2892360007535899,0.428999999712687,0.5155930002729292,1.98326999998244,0.0,0.0,0.27250499988440424,5566.374868999446,5568.630643999313
5,45,ours,0.3180450003128499,0.2783579993774765,0.3162620005241479,0.4042389991809614,0.4924140002913191,1.9060349995925208,0.0,0.0,0.36351699964143336,5753.601984000852,5755.871536000086
6,45,ours,0.3284109998276108,0.31922200014378177,0.33500900008220924,0.42110499998671,0.5074479995528236,2.015160000155447,0.0,0.0,0.293991000035021,5802.527062000081,5804.8362130002715
7,45,ours,0.3044679997401545,0.2869339996323106,0.2982420000989805,0.3811410006164806,0.4781659999935073,1.8465659995854367,0.0,0.0,0.2570569995441474,5779.919692001386,5782.023315000515
8,45,ours,0.3088869998464361,0.28250200011825655,0.31369400039693573,0.38127600055304356,0.47441500009881565,1.8572940007288707,0.0,0.0,0.265212000158499,5711.713575999056,5713.836081999943
9,45,ours,0.36648300010710955,0.31541899988951627,0.3712999996423605,0.45582500024465844,0.5439050000859424,2.1597779996227473,0.0,0.0,0.32015599936130457,6192.474196001058,6194.954130000042
10,45,ours,0.39241099966602633,0.3287190002083662,0.5895509993933956,1.221362000251247,0.8080739999059006,3.5313400003360584,0.0,0.0,0.35019700044358615,6148.293023999031,6152.174560999811
11,45,ours,0.38385700008802814,0.33505999999761116,0.38651700015179813,0.49497400050313445,0.5662310004481697,2.2857980002299882,0.0,0.0,0.37170399991737213,6105.6743760000245,6108.331878000172
12,45,ours,0.3631509998740512,0.31504799972026376,0.36629900023399387,0.43931600066571264,0.5592199995589908,2.1410449999166303,0.0,0.0,0.298155000564293,6299.188533999768,6301.627734000249
13,45,ours,0.42441200002940604,0.3263569997216109,0.38651700015179813,0.45397699977911543,0.5882360001123743,2.2895319998497143,0.0,0.0,0.33561299915163545,6086.728751000919,6089.3538959999205
14,45,ours,0.3796820001298329,0.32568900041951565,0.3404039998713415,0.4493930000535329,0.5347850001271581,2.1246330006761127,0.0,0.0,0.31210799988912186,6397.649559999991,6400.086301000556
15,45,ours,0.31272800060833106,0.3117539999948349,0.3210160002709017,0.403070000174921,0.6449610000345274,2.101099999890721,0.0,0.0,0.2574899999672198,6030.457608000688,6032.816198000546
16,45,ours,0.3218789997845306,0.28907499927299796,0.34795999999914784,0.4025919997729943,0.5306289995132829,1.9885060000888188,0.0,0.0,0.2672789996722713,6209.449263999886,6211.705048999647
17,45,ours,0.3724939997482579,0.3040139999939129,0.33477399938419694,0.4429640002854285,0.5387849996623117,2.0877010001640883,0.0,0.0,0.26641299973562127,6261.733237000044,6264.087350999944
18,45,ours,0.3713950000019395,0.32507899959455244,0.34228500044264365,0.44464699931268115,0.5596259998128517,2.136752999831515,0.0,0.0,0.3029100007552188,6659.803187999387,6662.242850999974
19,45,ours,0.3711559993462288,0.32997599919326603,0.40282999998453306,0.4475720006666961,0.6241840001166565,2.2749719992134487,0.0,0.0,0.32470000041939784,6502.379039000516,6504.978711000149
20,45,ours,0.3894829997079796,0.35538000065571396,0.34090500048478134,0.41830499958450673,0.5809949998365482,2.177192999624822,0.0,0.0,0.32654999995429534,6318.628902000455,6321.132645000034
21,45,ours,0.3784969994740095,0.3624029995989986,0.40620300023874734,0.44156500007375143,0.6590840002900222,2.352356999836047,0.0,0.0,0.3090290001637186,6284.946707000017,6287.608093000017
22,45,ours,0.3759460005312576,0.3324409999549971,0.3896990001521772,0.3096020000157296,0.6025230004524929,3.0493410004055477,0.0,0.0,0.3109050003331504,6784.140121999371,6787.50036800011
23,45,ours,0.3371230004631798,0.30903599963494344,0.3581970004233881,0.4232199999023578,0.8407289997194312,2.361890999964089,0.0,0.0,0.3133970003545983,6805.348419999973,6808.023708000292
24,45,ours,0.40499399983673356,0.33144500048365444,0.3717780000442872,0.3239229999962845,0.6124290002844646,2.140843000233872,0.0,0.0,0.2799739995680284,6405.557873000362,6407.978690000164
25,45,ours,0.3896260004694341,0.3249499995945371,0.4070329996466171,0.3863580004690448,0.6602349994864198,2.2635209998043138,0.0,0.0,0.3064660004383768,6978.155653000613,6980.7256400008555
26,45,ours,0.3767400003198418,0.33936699946934823,0.39454299985663965,0.43023699981858954,0.6817639996370417,2.3188690001916257,0.0,0.0,0.34551099997770507,6589.765091999652,6592.4294719998215
27,45,ours,0.33597200035728747,0.3495440005281125,0.38236799991864245,0.3744979994735331,0.6592599993382464,2.1937729998171562,0.0,0.0,0.3023959998245118,6777.898701000595,6780.394870000237
28,45,ours,0.3017070002897526,0.35301900061313063,0.3912550000677584,0.46506400030921213,0.6874779992358526,2.3023319999992964,0.0,0.0,0.3443259993218817,6948.026788000789,6950.67344600011
29,45,ours,0.4034949997731019,0.32329400073649595,0.388181999369408,0.5057660000602482,0.7314770000448334,2.4644509994686814,0.0,0.0,0.33389100008207606,6648.4031350000805,6651.201476999631
1,46,no_op,0.0,0.0,0.0,0.0,0.0,0.0,0.0,0.0,0.21276700044836616,5343.404633999853,5343.6174010003015
2,46,no_op,0.0,0.0,0.0,0.0,0.0,0.0,0.0,0.0,0.28962399937881855,5682.986432000689,5683.276056000068
3,46,no_op,0.0,0.0,0.0,0.0,0.0,0.0,0.0,0.0,0.2936849996331148,5817.922173000625,5818.215858000258
4,46,no_op,0.0,0.0,0.0,0.0,0.0,0.0,0.0,0.0,0.27126700024382444,5791.984989999946,5792.25625700019
5,46,no_op,0.0,0.0,0.0,0.0,0.0,0.0,0.0,0.0,0.29658000039489707,5654.794286999277,5655.090866999672
6,46,no_op,0.0,0.0,0.0,0.0,0.0,0.0,0.0,0.0,0.30600900026911404,5665.568639999947,5665.874649000216
7,46,no_op,0.0,0.0,0.0,0.0,0.0,0.0,0.0,0.0,0.2591919992482872,5983.8510990011855,5984.110291000434
8,46,no_op,0.0,0.0,0.0,0.0,0.0,0.0,0.0,0.0,0.3358530002515181,9046.856551000019,9047.19240400027
9,46,no_op,0.0,0.0,0.0,0.0,0.0,0.0,0.0,0.0,0.2792779996525496,6239.173730000402,6239.453008000055
10,46,no_op,0.0,0.0,0.0,0.0,0.0,0.0,0.0,0.0,0.33388300016667927,5917.863685999691,5918.197568999858
11,46,no_op,0.0,0.0,0.0,0.0,0.0,0.0,0.0,0.0,0.29252700005599763,6973.104153999884,6973.39668099994
12,46,no_op,0.0,0.0,0.0,0.0,0.0,0.0,0.0,0.0,0.3795469992837752,6700.9174200002235,6701.296966999507
13,46,no_op,0.0,0.0,0.0,0.0,0.0,0.0,0.0,0.0,0.3481189996819012,7496.694428999945,7497.042547999627
14,46,no_op,0.0,0.0,0.0,0.0,0.0,0.0,0.0,0.0,0.35183599993615644,7364.280677000352,7364.632513000288
15,46,no_op,0.0,0.0,0.0,0.0,0.0,0.0,0.0,0.0,0.6703449998894939,8000.95731500096,8001.62766000085
16,46,no_op,0.0,0.0,0.0,0.0,0.0,0.0,0.0,0.0,0.4137799996897229,8014.751615000932,8015.165395000622
17,46,no_op,0.0,0.0,0.0,0.0,0.0,0.0,0.0,0.0,0.3848590004054131,8504.936421999446,8505.321280999851
18,46,no_op,0.0,0.0,0.0,0.0,0.0,0.0,0.0,0.0,0.3626629995778785,7841.813895000087,7842.1765579996645
19,46,no_op,0.0,0.0,0.0,0.0,0.0,0.0,0.0,0.0,0.3210060003766557,7535.9944669999095,7536.315473000286
20,46,no_op,0.0,0.0,0.0,0.0,0.0,0.0,0.0,0.0,0.32460700003866805,7833.976248999534,7834.300855999572
21,46,no_op,0.0,0.0,0.0,0.0,0.0,0.0,0.0,0.0,0.31372699959320016,8190.757665001001,8191.071392000595
22,46,no_op,0.0,0.0,0.0,0.0,0.0,0.0,0.0,0.0,0.3880989997924189,7317.477388999578,7317.86548799937
23,46,no_op,0.0,0.0,0.0,0.0,0.0,0.0,0.0,0.0,0.340108000273176,7354.586798000128,7354.926906000401
24,46,no_op,0.0,0.0,0.0,0.0,0.0,0.0,0.0,0.0,0.5564840002989513,10277.069914999629,10277.626398999928
25,46,no_op,0.0,0.0,0.0,0.0,0.0,0.0,0.0,0.0,0.32499400003871415,8952.89406899974,8953.219062999779
26,46,no_op,0.0,0.0,0.0,0.0,0.0,0.0,0.0,0.0,0.3485690003799391,7738.08115599968,7738.42972500006
27,46,no_op,0.0,0.0,0.0,0.0,0.0,0.0,0.0,0.0,0.30700000024808105,7304.378641999392,7304.68564199964
28,46,no_op,0.0,0.0,0.0,0.0,0.0,0.0,0.0,0.0,0.3167340000800323,7591.158537999945,7591.475272000025
29,46,no_op,0.0,0.0,0.0,0.0,0.0,0.0,0.0,0.0,0.32663100046192994,7621.201026999188,7621.52765799965
1,46,error_only,0.3408510001463583,0.31420499999512685,0.06897099956404418,0.36489499962044647,0.5068310001661303,1.7614079997656518,203.59277725219727,14.603137969970703,0.4685020003307727,6491.425357777189,6711.851182999453
2,46,error_only,0.40551400070398813,0.3356500001245877,0.07174699931056239,0.4192790001980029,0.5388740000853431,1.9488870002533076,208.1284523010254,31.219959259033203,0.4418970002006972,6457.098533439421,6698.8377289999335
3,46,error_only,0.38067400055297185,0.3623590000643162,0.07501300024159718,0.35819200002151774,0.5554250001296168,1.9109499999103718,232.94425010681152,54.72373962402344,0.4653859996324172,6484.534828269716,6774.579154000094
4,46,error_only,0.33037499997590203,0.3179219993398874,0.0737390000722371,0.2974270000777324,0.5110550000608782,1.6883739999684622,208.43124389648438,68.24755668640137,0.4773210002895212,6648.176972416877,6927.021468000021
5,46,error_only,0.3524919993651565,0.33793700004025595,0.07655700028408319,0.352633999682439,0.5494520000866032,1.8451400001140428,240.81730842590332,36.12828254699707,0.4934230000799289,6610.877132027781,6890.161286000875
6,46,error_only,0.34805300037987763,0.3392670005268883,0.07238499983941438,0.31098300041776383,0.5756179998570587,1.8199750002168003,219.72894668579102,42.444467544555664,0.45792199944116874,6951.921195769501,7216.372506999505
7,46,error_only,0.3589970001485199,0.3330939998704707,0.07704600011493312,0.35274199944979046,0.5928460004724911,2.004979000048479,217.09895133972168,37.786245346069336,0.38127999960124725,6681.813846314071,6939.085301999512
8,46,error_only,0.37285700000211364,0.3541939995557186,0.07597900003020186,0.3572230007193866,0.5924740007685614,2.035594000517449,224.20811653137207,37.613868713378906,0.5003659998692456,6839.470076754878,7103.828022000016
9,46,error_only,0.3945600001316052,0.35866200050804764,0.07835499945940683,0.4023100000267732,0.6398189998435555,2.0569450007315027,237.43796348571777,42.36626625061035,0.5000589999326621,6837.831905262647,7120.193138999639
10,46,error_only,0.5197809996388969,0.48457999946549535,0.11000100039382232,0.592633999985992,0.9175290006169234,2.95754000035231,316.9870376586914,52.26707458496094,0.7246699997267569,7872.155187756107,8245.091509999838
11,46,error_only,0.4904429997623083,0.4522219996943022,0.09758200030773878,0.564844999644265,0.7745800003249315,2.6956540004903218,279.879093170166,57.98959732055664,0.6938739998076926,9977.46980150896,10318.72801999998
12,46,error_only,0.5870270006198552,0.4703839995272574,0.10366200058342656,0.6379019996529678,0.8330969994858606,2.9782720002913265,288.0399227142334,50.91118812561035,0.6095319995438331,9468.44887216048,9810.987787000158
13,46,error_only,0.5165950005903142,0.541051999789488,0.10926999948424054,0.6217820000529173,0.9288109995395644,3.060035000089556,317.9967403411865,49.81589317321777,0.6712530002914718,10765.116022485017,11136.659943999803
14,46,error_only,0.5028159994253656,0.47711000024719397,0.11224199988646433,0.5827160002809251,0.8706050002729171,2.870912000616954,312.31164932250977,46.52810096740723,0.7149759994717897,9809.985734709699,10172.411372999704
15,46,error_only,0.5314489999364014,0.5122699994899449,0.11139900016132742,0.5963410003460012,0.9113189998970483,3.0174230005286518,337.1739387512207,52.004098892211914,0.6209960001797299,9642.602393356356,10035.418850000497
16,46,error_only,0.5361240000638645,0.475689999802853,0.10535799992794637,0.5824479994771536,0.9206110007653479,2.95169499986514,309.6907138824463,58.66885185241699,0.609523000093759,10135.932917264654,10507.853700999476
17,46,error_only,0.6213790002220776,0.5874859998584725,0.11548500060598599,0.6753560001016012,0.9769099997356534,3.2350950004911283,313.88163566589355,33.51545333862305,0.5584939999607741,10007.477367995307,10358.668046000275
18,46,error_only,0.6983169996601646,0.6222350002644816,0.1420639991920325,0.7683280000492232,1.2735300006170291,3.9479830002164817,377.60138511657715,43.08819770812988,0.9088460001294152,10193.471113175292,10619.017525000345
19,46,error_only,0.3644210000857129,0.36898300004395423,0.08358000013686251,0.35734100038098404,0.6807509998907335,2.13281200012716,247.74670600891113,32.61876106262207,0.47415600056410767,8055.254130928006,8338.22656600023
20,46,error_only,0.37372000042523723,0.37117400006536627,0.08532599986210698,0.3655930004242691,0.7288390006578993,2.198119999775372,249.09448623657227,46.12326622009277,0.47532900043734116,7320.845940543222,7618.7371420001
21,46,error_only,0.4077769999639713,0.37453500044648536,0.08711699956620578,0.46665900026710005,0.721970000086003,2.33112599926244,258.56924057006836,31.87727928161621,0.5702389998987201,7440.807251149636,7734.155136000481
22,46,error_only,0.3746130005310988,0.3431899995121057,0.08888800039130729,0.3598339999371092,0.6995690000621835,2.131143000042357,248.75473976135254,39.08395767211914,0.5076340003142832,7635.47758556615,7925.955059999978
23,46,error_only,0.39663400002609706,0.3768289998333785,0.08399400030612014,0.3646280001703417,0.6980010002735071,2.180135999878985,253.3738613128662,27.25696563720703,0.5072430003565387,7544.255788049668,7827.573993999977
24,46,error_only,0.3945600001316052,0.40791699939290993,0.09478499941906193,0.4343009995864122,0.7814239997969707,2.391117000115628,290.9367084503174,54.99696731567383,0.48333199993066955,7774.4123542343,8123.220479000338
25,46,error_only,0.38276699979178375,0.4033149998576846,0.08867100041243248,0.43629299943859223,0.7747239997115685,2.35509699996328,255.9654712677002,30.724763870239258,0.5051460002505337,7487.365556861732,7776.916034999886
26,46,error_only,0.45104399941919837,0.3833979999399162,0.09415499971510144,0.4908399996566004,0.7940300001791911,2.488594999704219,285.3353023529053,33.782243728637695,0.4576279998218524,7811.389592919113,8133.453362000182
27,46,error_only,0.41791399962676223,0.405300999773317,0.08953900032793172,0.4705339997599367,0.7866189998821937,2.4404440000580507,268.30315589904785,33.615827560424805,0.5116649999763467,7764.2907715408,8069.161864000307
28,46,error_only,0.6563839997397736,0.6038069996066042,0.1564110007166164,0.6944779997866135,1.2359779993857956,3.736054000000877,377.1638870239258,54.63266372680664,0.6799709999540937,9459.164376248737,9895.376951999424
29,46,error_only,0.3996010000264505,0.5329430005076574,0.11970400009886362,0.5980129999443307,1.0794610006996663,3.0586839993702597,365.8185005187988,51.76854133605957,0.7606720000694622,11622.833769145473,12044.24016699977
1,46,ours,0.49915999989025295,0.4123190001337207,0.46568600009777583,0.573274000089441,0.7185889999163919,2.812704000461963,0.0,0.0,0.4178439994575456,8543.133893000231,8546.36444100015
2,46,ours,0.5161959998076782,0.44017900017934153,0.47075400016183266,0.599123000029067,0.7798319993526093,2.9513029994632234,0.0,0.0,0.5160299997442053,8257.195561000117,8260.662893999324
3,46,ours,0.5112119997647824,0.4476670001167804,0.5016869999963092,0.5850260004081065,0.9211589995175018,3.1083490002856706,0.0,0.0,0.4879970001638867,8320.653546998983,8324.249892999433
4,46,ours,0.38716600010957336,0.3936929997507832,0.40067600002657855,0.47341799927380634,0.8671449995745206,2.644286000759166,0.0,0.0,0.3686179998112493,7668.416677000096,7671.429581000666
5,46,ours,0.4341040003055241,0.4294840000511613,0.4738420002468047,0.5234269992797635,0.9369429999424028,3.1103999999686494,253.75676155090332,23.989200592041016,0.4877210003542132,8824.182683856634,9105.526766999901
6,46,ours,0.5309369998940383,0.5044320005254121,0.5760160001955228,0.5807620000268798,1.0703560001275036,3.601200000048266,313.1721019744873,18.42951774597168,0.6013689999235794,8834.160629278813,9169.964817999244
7,46,ours,0.5575400000452646,0.5130509998707566,0.5848220007464988,0.9104770006160834,1.9802430006166105,5.195517999709409,304.0030002593994,16.66998863220215,0.5728569994971622,9768.998333109266,10095.439697000074
8,46,ours,0.5077870000604889,0.5070639999757987,0.5330240001057973,0.5927649999648565,1.076847000149428,3.5492400002112845,297.2297668457031,19.28257942199707,0.6832419994680095,9665.476700733052,9986.221529000431
9,46,ours,0.5096159993627225,0.4681010004787822,0.5467000000862754,0.5978300005153869,1.158239999313082,3.63434100017912,303.0540943145752,25.44403076171875,0.6667170000582701,9172.502618923318,9505.301801999849
10,46,ours,0.49987700003839564,0.5119409997860203,0.579241000195907,0.6030569993527024,1.193447000332526,3.76098299966543,322.90196418762207,32.54413604736328,0.7065119998515001,9553.194507765511,9913.108103000013
11,46,ours,0.520241999765858,0.4793980006070342,0.5485900001076516,0.625347000095644,1.1581539993130718,3.6701360004371963,330.1408290863037,24.525165557861328,0.5825709995406214,9513.918908355663,9872.837609999806
12,46,ours,0.5173609997655149,0.4500439999901573,0.5659360003846814,0.5770259995188098,1.1828770002466626,3.6253850003049592,313.66872787475586,40.46010971069336,0.5959830004940159,9400.020322414093,9758.370528000341
13,46,ours,0.5285930001264205,0.4661330003727926,0.5590400005530682,0.5753180003011948,1.1628730007942067,3.624168999522226,296.44083976745605,40.14301300048828,0.7280939998963731,9802.841898233055,10143.778014000418
14,46,ours,0.521912000294833,0.4799650005224976,0.5574159995376249,0.5509139991772827,1.2290529994061217,3.673082999739563,299.9260425567627,16.646385192871094,0.575894000576227,9335.439922249861,9656.261326999811
15,46,ours,0.5160450000403216,0.4696320002040011,0.5848219998370041,0.6178309995448217,1.2538290002339636,3.7732910004706355,319.1711902618408,32.26161003112793,0.565787000596174,9322.032854706777,9677.804733000812
16,46,ours,0.48486000014236197,0.4292660005376092,0.5214709999563638,0.5476899996210705,1.119583999752649,3.4060689995385474,302.30188369750977,28.595447540283203,0.7885559998612734,9567.97452776209,9903.066483999282
17,46,ours,0.4588310002873186,0.4602070002874825,0.5475219995787484,0.5803689991807914,1.1824789999081986,3.543746999639552,315.5176639556885,38.95711898803711,0.6216669999048463,9639.732635057044,9998.372832000314
18,46,ours,0.5400130003181403,0.5078449994471157,0.6287879996307311,0.6295840003076592,1.3355759992919047,3.97862099998747,373.55589866638184,39.115190505981445,0.694524999744317,10007.315428828406,10424.659664000501
19,46,ours,0.5998859996907413,0.5286249997880077,0.6393739995473879,0.605360000008659,1.3244120000308612,4.054568000356085,332.0116996765137,44.222354888916016,0.6308069996521226,9693.9727044346,10074.892134000038
20,46,ours,0.5193409997445997,0.49257099999522325,0.6069020000722958,0.5840730000272742,1.2919909995616763,3.735981999852811,313.96961212158203,64.14270401000977,0.7902369998191716,9980.090822868078,10362.729357999342
21,46,ours,0.5502829999386449,0.48612799946567975,0.6041679998816107,0.6020490000082646,1.3045160003457568,3.8808070003142348,391.36695861816406,33.24770927429199,0.6964639997022459,9862.23662710745,10291.428565999922
22,46,ours,0.5480939998960821,0.5056740001236903,0.6229400005395291,0.6694710000374471,1.2783860001945868,3.9844329994593863,315.1533603668213,75.90246200561523,0.6580819999726373,9809.533945628573,10205.232283000441
23,46,ours,0.5416860003606416,0.5347310006982298,0.5755380007030908,0.5766610001955996,1.2848359992858605,3.952613999899768,338.0570411682129,45.784711837768555,0.7078400003592833,10005.108487993311,10393.610694999552
24,46,ours,0.42178800049441634,0.40991900004883064,0.5209279997870908,0.5035279991716379,1.1353929994584178,3.280412999629334,282.26232528686523,87.9678726196289,0.5236699998931726,9983.151189094315,10357.185470000331
25,46,ours,0.44870299916510703,0.45567899996967753,0.5533849998755613,0.5280289997244836,1.156102999630093,3.450178999628406,287.92405128479004,88.90700340270996,0.563395999961358,8686.848013312556,9067.692642999646
26,46,ours,0.5060189996584086,0.43668199941748753,0.558325999918452,0.5609740001091268,1.116317999731109,3.516406999551691,297.1029281616211,72.38101959228516,0.5842900000061491,9567.835840246516,9941.42048499998
27,46,ours,0.51157600046281,0.44063499990443233,0.5732070003432455,0.557649000256788,1.2072720001015114,3.6061939999854076,319.2455768585205,29.073238372802734,0.538747000064177,8642.581299768608,8995.04505599998
28,46,ours,0.4393259996504639,0.4127789998165099,0.5357930003810907,0.49143399974127533,1.0933499997918261,3.268884999670263,282.7627658843994,38.2542610168457,0.5263410002953606,8954.06687709874,9278.87912999995
29,46,ours,0.32705500052543357,0.4032459992231452,0.5246000000624917,0.47533099950669566,1.054922000548686,3.0653399999209796,293.24841499328613,66.95008277893066,0.5166410001038457,8744.378713227889,9108.15919200013
