frame,seed,policy,n_gaussians,n_selected,fraction_selected,predicted_cost,scheduled_cost,budget_ms,jaccard_overlap,rejected_negative_count,norm_drift
1,42,no_op,3568,0,0.0,0.0,0.0,15.0,0.0,0,0.0
2,42,no_op,3635,0,0.0,0.0,0.0,15.0,0.0,0,0.0
3,42,no_op,3703,0,0.0,0.0,0.0,15.0,0.0,0,0.0
4,42,no_op,3775,0,0.0,0.0,0.0,15.0,0.0,0,0.0
5,42,no_op,3846,0,0.0,0.0,0.0,15.0,0.0,0,0.0
6,42,no_op,3922,0,0.0,0.0,0.0,15.0,0.0,0,0.0
7,42,no_op,3988,0,0.0,0.0,0.0,15.0,0.0,0,0.0
8,42,no_op,4055,0,0.0,0.0,0.0,15.0,0.0,0,0.0
9,42,no_op,4125,0,0.0,0.0,0.0,15.0,0.0,0,0.0
10,42,no_op,4197,0,0.0,0.0,0.0,15.0,0.0,0,0.0
11,42,no_op,4268,0,0.0,0.0,0.0,15.0,0.0,0,0.0
12,42,no_op,4334,0,0.0,0.0,0.0,15.0,0.0,0,0.0
13,42,no_op,4401,0,0.0,0.0,0.0,15.0,0.0,0,0.0
14,42,no_op,4474,0,0.0,0.0,0.0,15.0,0.0,0,0.0
15,42,no_op,4544,0,0.0,0.0,0.0,15.0,0.0,0,0.0
16,42,no_op,4609,0,0.0,0.0,0.0,15.0,0.0,0,0.0
17,42,no_op,4674,0,0.0,0.0,0.0,15.0,0.0,0,0.0
18,42,no_op,4746,0,0.0,0.0,0.0,15.0,0.0,0,0.0
19,42,no_op,4816,0,0.0,0.0,0.0,15.0,0.0,0,0.0
20,42,no_op,4888,0,0.0,0.0,0.0,15.0,0.0,0,0.0
21,42,no_op,4962,0,0.0,0.0,0.0,15.0,0.0,0,0.0
22,42,no_op,5022,0,0.0,0.0,0.0,15.0,0.0,0,0.0
23,42,no_op,5093,0,0.0,0.0,0.0,15.0,0.0,0,0.0
24,42,no_op,5160,0,0.0,0.0,0.0,15.0,0.0,0,0.0
25,42,no_op,5230,0,0.0,0.0,0.0,15.0,0.0,0,0.0
26,42,no_op,5295,0,0.0,0.0,0.0,15.0,0.0,0,0.0
27,42,no_op,5362,0,0.0,0.0,0.0,15.0,0.0,0,0.0
28,42,no_op,5431,0,0.0,0.0,0.0,15.0,0.0,0,0.0
29,42,no_op,5499,0,0.0,0.0,0.0,15.0,0.0,0,0.0
1,42,error_only,3574,2,0.0005595970900951316,13.609405517578125,14.970345973968506,15.0,0.0,0,0.0
2,42,error_only,3639,1,0.0002748007694421544,8.516422271728516,9.368064880371094,15.0,0.0,0,0.0
3,42,error_only,3710,1,0.00026954177897574127,8.505819320678711,9.356401443481445,15.0,0.0,0,0.0
4,42,error_only,3779,1,0.0002646202699126753,8.495326042175293,9.34485912322998,15.0,0.0,0,0.0
5,42,error_only,3848,1,0.0002598752598752599,8.484457969665527,9.332903861999512,15.0,0.0,0,0.0
6,42,error_only,3916,1,0.0002553626149131767,8.47425651550293,9.32168197631836,15.0,0.0,0,0.0
7,42,error_only,3988,1,0.00025075225677031093,8.464438438415527,9.310882568359375,15.0,0.0,0,0.0
8,42,error_only,4059,1,0.0002463661000246366,8.455289840698242,9.300819396972656,15.0,0.0,0,0.0
9,42,error_only,4131,1,0.0002420721374969741,8.445998191833496,9.290597915649414,15.0,0.0,0,0.0
10,42,error_only,4203,1,0.00023792529145848205,8.436718940734863,9.280390739440918,15.0,0.0,0,0.0
11,42,error_only,4273,1,0.0002340276152586005,8.427106857299805,9.269817352294922,15.0,0.0,0,0.0
12,42,error_only,4344,1,0.00023020257826887662,8.417665481567383,9.259431838989258,15.0,0.0,0,0.0
13,42,error_only,4414,1,0.00022655188038060717,8.407800674438477,9.248580932617188,15.0,0.0,0,0.0
14,42,error_only,4481,1,0.0002231644722160232,8.397902488708496,9.237692832946777,15.0,0.0,0,0.0
15,42,error_only,4548,1,0.00021987686895338611,8.38820743560791,9.227028846740723,15.0,0.0,0,0.0
16,42,error_only,4617,1,0.00021659085986571366,8.378612518310547,9.216473579406738,15.0,0.0,0,0.0
17,42,error_only,4685,1,0.00021344717182497332,8.36937141418457,9.206308364868164,15.0,0.0,0,0.0
18,42,error_only,4758,1,0.0002101723413198823,8.360552787780762,9.196608543395996,15.0,0.0,0,0.0
19,42,error_only,4830,1,0.00020703933747412008,8.352090835571289,9.187299728393555,15.0,0.0,0,0.0
20,42,error_only,4897,1,0.00020420665713702266,8.343893051147461,9.178282737731934,15.0,0.0,0,0.0
21,42,error_only,4972,1,0.00020112630732099757,8.33609390258789,9.169703483581543,15.0,0.0,0,0.0
22,42,error_only,5041,1,0.00019837333862328903,8.329188346862793,9.162107467651367,15.0,0.0,0,0.0
23,42,error_only,5109,1,0.00019573302016050108,8.323424339294434,9.155767440795898,15.0,0.0,0,0.0
24,42,error_only,5181,1,0.00019301293186643504,8.318549156188965,9.15040397644043,15.0,0.0,0,0.0
25,42,error_only,5249,1,0.00019051247856734617,8.313858985900879,9.145245552062988,15.0,0.0,0,0.0
26,42,error_only,5318,1,0.000188040616773223,8.310563087463379,9.141619682312012,15.0,0.0,0,0.0
27,42,error_only,5388,1,0.0001855976243504083,8.307486534118652,9.138235092163086,15.0,0.0,0,0.0
28,42,error_only,5459,1,0.00018318373328448433,8.305245399475098,9.135769844055176,15.0,0.0,0,0.0
29,42,error_only,5531,1,0.0001807991321641656,8.3030424118042,9.133346557617188,15.0,0.0,0,0.0
1,42,ours,3569,1,0.0002801905295601009,12.672670364379883,13.939937591552734,15.0,0.0,3488,0.830956220626831
2,42,ours,3640,0,0.0,0.0,0.0,15.0,0.0,3639,0.7532034516334534
3,42,ours,3710,0,0.0,0.0,0.0,15.0,0.0,2961,0.6838179230690002
4,42,ours,3771,0,0.0,0.0,0.0,15.0,0.0,3230,0.6215694546699524
5,42,ours,3842,0,0.0,0.0,0.0,15.0,0.0,3359,0.5658795833587646
6,42,ours,3906,0,0.0,0.0,0.0,15.0,0.0,3452,0.5161510705947876
7,42,ours,3973,0,0.0,0.0,0.0,15.0,0.0,3548,0.47146451473236084
8,42,ours,4038,1,0.00024764735017335313,13.52419376373291,14.87661361694336,15.0,0.0,3609,0.4315636456012726
9,42,ours,4110,1,0.00024330900243309004,13.205446243286133,14.525991439819336,15.0,0.0,3686,0.3957667350769043
10,42,ours,4178,1,0.00023934897079942556,13.475628852844238,14.82319164276123,15.0,0.0,3766,0.3637772500514984
11,42,ours,4250,1,0.00023529411764705883,13.615631103515625,14.977194786071777,15.0,0.0,3850,0.33614403009414673
12,42,ours,4321,1,0.00023142791020597085,12.92933177947998,14.222265243530273,15.0,0.0,3929,0.31417107582092285
13,42,ours,4380,1,0.00022831050228310502,11.446921348571777,12.59161376953125,15.0,0.0,4000,0.294479101896286
14,42,ours,4452,1,0.00022461814914645105,10.984756469726562,12.083231925964355,15.0,0.0,4096,0.2759580910205841
15,42,ours,4521,1,0.00022119000221190003,9.590848922729492,10.549934387207031,15.0,0.0,4158,0.25960803031921387
16,42,ours,4591,1,0.00021781746896101068,9.257394790649414,10.183134078979492,15.0,0.0,4232,0.2447032481431961
17,42,ours,4659,1,0.000214638334406525,8.840620994567871,9.72468376159668,15.0,0.0,4175,0.2311827689409256
18,42,ours,4723,1,0.00021172983273343214,8.097477912902832,8.907225608825684,15.0,0.0,4115,0.21902023255825043
19,42,ours,4792,1,0.00020868113522537563,8.64830493927002,9.51313591003418,15.0,0.0,4138,0.20771192014217377
20,42,ours,4866,1,0.0002055076037813399,9.996932983398438,10.996626853942871,15.0,0.0,4202,0.19729456305503845
21,42,ours,4934,1,0.00020267531414673692,12.209945678710938,13.430940628051758,15.0,0.0,4282,0.1883394718170166
22,42,ours,5005,2,0.0003996003996003996,13.470748901367188,14.81782341003418,15.0,0.0,4302,0.17967742681503296
23,42,ours,5075,1,0.00019704433497536947,10.415596961975098,11.457157135009766,15.0,0.0,4387,0.1721562296152115
24,42,ours,5144,1,0.00019440124416796267,13.34091854095459,14.675010681152344,15.0,0.0,4429,0.16502021253108978
25,42,ours,5213,1,0.0001918281220026856,13.331178665161133,14.664297103881836,15.0,0.0,4496,0.1588435173034668
26,42,ours,5284,1,0.00018925056775170325,12.892730712890625,14.18200397491455,15.0,0.0,4570,0.15332312881946564
27,42,ours,5351,1,0.00018688095683049897,13.218881607055664,14.540770530700684,15.0,0.0,4595,0.14859452843666077
28,42,ours,5418,1,0.00018456995201181247,13.484363555908203,14.832799911499023,15.0,0.0,4663,0.14421187341213226
29,42,ours,5487,1,0.00018224895206852561,12.434076309204102,13.677484512329102,15.0,0.0,4684,0.13998308777809143
1,42,full,3571,3571,1.0197030268418046,0.0,0.0,15.0,0.0,0,0.0
2,42,full,3640,3640,1.0193223186782414,0.0,0.0,15.0,0.0,0,0.0
3,42,full,3704,3704,1.0175824175824175,0.0,0.0,15.0,0.0,0,0.0
4,42,full,3767,3767,1.0170086393088553,0.0,0.0,15.0,0.0,0,0.0
5,42,full,3833,3833,1.017520573400584,0.0,0.0,15.0,0.0,0,0.0
6,42,full,3905,3905,1.0187842421080093,0.0,0.0,15.0,0.0,0,0.0
7,42,full,3975,3975,1.0179257362355953,0.0,0.0,15.0,0.0,0,0.0
8,42,full,4047,4047,1.0181132075471697,0.0,0.0,15.0,0.0,0,0.0
9,42,full,4119,4119,1.0177909562638991,0.0,0.0,15.0,0.0,0,0.0
10,42,full,4188,4188,1.0167516387472688,0.0,0.0,15.0,0.0,0,0.0
11,42,full,4254,4254,1.015759312320917,0.0,0.0,15.0,0.0,0,0.0
12,42,full,4324,4324,1.0164551010813352,0.0,0.0,15.0,0.0,0,0.0
13,42,full,4393,4393,1.0159574468085106,0.0,0.0,15.0,0.0,0,0.0
14,42,full,4462,4462,1.0157068062827226,0.0,0.0,15.0,0.0,0,0.0
15,42,full,4530,4530,1.0152398027790228,0.0,0.0,15.0,0.0,0,0.0
16,42,full,4596,4596,1.014569536423841,0.0,0.0,15.0,0.0,0,0.0
17,42,full,4663,4663,1.0145778938207137,0.0,0.0,15.0,0.0,0,0.0
18,42,full,4735,4735,1.015440703409822,0.0,0.0,15.0,0.0,0,0.0
19,42,full,4811,4811,1.0160506863780359,0.0,0.0,15.0,0.0,0,0.0
20,42,full,4880,4880,1.0143421326127624,0.0,0.0,15.0,0.0,0,0.0
21,42,full,4943,4943,1.0129098360655737,0.0,0.0,15.0,0.0,0,0.0
22,42,full,5015,5015,1.0145660530042484,0.0,0.0,15.0,0.0,0,0.0
23,42,full,5080,5080,1.0129611166500498,0.0,0.0,15.0,0.0,0,0.0
24,42,full,5146,5146,1.012992125984252,0.0,0.0,15.0,0.0,0,0.0
25,42,full,5215,5215,1.0134084726000778,0.0,0.0,15.0,0.0,0,0.0
26,42,full,5291,5291,1.0145733461169704,0.0,0.0,15.0,0.0,0,0.0
27,42,full,5357,5357,1.0124740124740124,0.0,0.0,15.0,0.0,0,0.0
28,42,full,5426,5426,1.012880343475826,0.0,0.0,15.0,0.0,0,0.0
29,42,full,5496,5496,1.0129008477699963,0.0,0.0,15.0,0.0,0,0.0
1,43,no_op,3570,0,0.0,0.0,0.0,15.0,0.0,0,0.0
2,43,no_op,3637,0,0.0,0.0,0.0,15.0,0.0,0,0.0
3,43,no_op,3711,0,0.0,0.0,0.0,15.0,0.0,0,0.0
4,43,no_op,3779,0,0.0,0.0,0.0,15.0,0.0,0,0.0
5,43,no_op,3845,0,0.0,0.0,0.0,15.0,0.0,0,0.0
6,43,no_op,3912,0,0.0,0.0,0.0,15.0,0.0,0,0.0
7,43,no_op,3984,0,0.0,0.0,0.0,15.0,0.0,0,0.0
8,43,no_op,4054,0,0.0,0.0,0.0,15.0,0.0,0,0.0
9,43,no_op,4117,0,0.0,0.0,0.0,15.0,0.0,0,0.0
10,43,no_op,4187,0,0.0,0.0,0.0,15.0,0.0,0,0.0
11,43,no_op,4258,0,0.0,0.0,0.0,15.0,0.0,0,0.0
12,43,no_op,4324,0,0.0,0.0,0.0,15.0,0.0,0,0.0
13,43,no_op,4393,0,0.0,0.0,0.0,15.0,0.0,0,0.0
14,43,no_op,4464,0,0.0,0.0,0.0,15.0,0.0,0,0.0
15,43,no_op,4534,0,0.0,0.0,0.0,15.0,0.0,0,0.0
16,43,no_op,4609,0,0.0,0.0,0.0,15.0,0.0,0,0.0
17,43,no_op,4677,0,0.0,0.0,0.0,15.0,0.0,0,0.0
18,43,no_op,4744,0,0.0,0.0,0.0,15.0,0.0,0,0.0
19,43,no_op,4806,0,0.0,0.0,0.0,15.0,0.0,0,0.0
20,43,no_op,4872,0,0.0,0.0,0.0,15.0,0.0,0,0.0
21,43,no_op,4941,0,0.0,0.0,0.0,15.0,0.0,0,0.0
22,43,no_op,5014,0,0.0,0.0,0.0,15.0,0.0,0,0.0
23,43,no_op,5084,0,0.0,0.0,0.0,15.0,0.0,0,0.0
24,43,no_op,5155,0,0.0,0.0,0.0,15.0,0.0,0,0.0
25,43,no_op,5229,0,0.0,0.0,0.0,15.0,0.0,0,0.0
26,43,no_op,5301,0,0.0,0.0,0.0,15.0,0.0,0,0.0
27,43,no_op,5373,0,0.0,0.0,0.0,15.0,0.0,0,0.0
28,43,no_op,5442,0,0.0,0.0,0.0,15.0,0.0,0,0.0
29,43,no_op,5506,0,0.0,0.0,0.0,15.0,0.0,0,0.0
1,43,error_only,3569,0,0.0,0.0,0.0,15.0,0.0,0,0.0
2,43,error_only,3634,0,0.0,0.0,0.0,15.0,0.0,0,0.0
3,43,error_only,3703,0,0.0,0.0,0.0,15.0,0.0,0,0.0
4,43,error_only,3773,0,0.0,0.0,0.0,15.0,0.0,0,0.0
5,43,error_only,3838,0,0.0,0.0,0.0,15.0,0.0,0,0.0
6,43,error_only,3911,0,0.0,0.0,0.0,15.0,0.0,0,0.0
7,43,error_only,3979,0,0.0,0.0,0.0,15.0,0.0,0,0.0
8,43,error_only,4046,0,0.0,0.0,0.0,15.0,0.0,0,0.0
9,43,error_only,4116,0,0.0,0.0,0.0,15.0,0.0,0,0.0
10,43,error_only,4183,0,0.0,0.0,0.0,15.0,0.0,0,0.0
11,43,error_only,4252,0,0.0,0.0,0.0,15.0,0.0,0,0.0
12,43,error_only,4318,0,0.0,0.0,0.0,15.0,0.0,0,0.0
13,43,error_only,4387,0,0.0,0.0,0.0,15.0,0.0,0,0.0
14,43,error_only,4461,0,0.0,0.0,0.0,15.0,0.0,0,0.0
15,43,error_only,4527,0,0.0,0.0,0.0,15.0,0.0,0,0.0
16,43,error_only,4596,0,0.0,0.0,0.0,15.0,0.0,0,0.0
17,43,error_only,4668,0,0.0,0.0,0.0,15.0,0.0,0,0.0
18,43,error_only,4735,0,0.0,0.0,0.0,15.0,0.0,0,0.0
19,43,error_only,4802,0,0.0,0.0,0.0,15.0,0.0,0,0.0
20,43,error_only,4861,0,0.0,0.0,0.0,15.0,0.0,0,0.0
21,43,error_only,4927,0,0.0,0.0,0.0,15.0,0.0,0,0.0
22,43,error_only,4999,0,0.0,0.0,0.0,15.0,0.0,0,0.0
23,43,error_only,5070,0,0.0,0.0,0.0,15.0,0.0,0,0.0
24,43,error_only,5146,0,0.0,0.0,0.0,15.0,0.0,0,0.0
25,43,error_only,5212,0,0.0,0.0,0.0,15.0,0.0,0,0.0
26,43,error_only,5283,0,0.0,0.0,0.0,15.0,0.0,0,0.0
27,43,error_only,5348,0,0.0,0.0,0.0,15.0,0.0,0,0.0
28,43,error_only,5417,0,0.0,0.0,0.0,15.0,0.0,0,0.0
29,43,error_only,5491,0,0.0,0.0,0.0,15.0,0.0,0,0.0
1,43,ours,3572,0,0.0,0.0,0.0,15.0,0.0,2153,0.8310185074806213
2,43,ours,3643,0,0.0,0.0,0.0,15.0,0.0,842,0.753326952457428
3,43,ours,3716,0,0.0,0.0,0.0,15.0,0.0,598,0.6838988661766052
4,43,ours,3785,0,0.0,0.0,0.0,15.0,0.0,607,0.6218073964118958
5,43,ours,3853,0,0.0,0.0,0.0,15.0,0.0,846,0.566102921962738
6,43,ours,3918,0,0.0,0.0,0.0,15.0,0.0,1214,0.5162967443466187
7,43,ours,3983,0,0.0,0.0,0.0,15.0,0.0,1637,0.47160032391548157
8,43,ours,4046,0,0.0,0.0,0.0,15.0,0.0,2228,0.4315580427646637
9,43,ours,4117,0,0.0,0.0,0.0,15.0,0.0,2771,0.39573657512664795
10,43,ours,4190,0,0.0,0.0,0.0,15.0,0.0,2971,0.3637874722480774
11,43,ours,4259,0,0.0,0.0,0.0,15.0,0.0,3008,0.3362240493297577
12,43,ours,4326,0,0.0,0.0,0.0,15.0,0.0,3075,0.3141923248767853
13,43,ours,4398,0,0.0,0.0,0.0,15.0,0.0,3034,0.29413965344429016
14,43,ours,4466,0,0.0,0.0,0.0,15.0,0.0,3019,0.27605733275413513
15,43,ours,4538,0,0.0,0.0,0.0,15.0,0.0,3010,0.2595269978046417
16,43,ours,4608,0,0.0,0.0,0.0,15.0,0.0,2872,0.24466472864151
17,43,ours,4677,0,0.0,0.0,0.0,15.0,0.0,2773,0.2311418205499649
18,43,ours,4748,0,0.0,0.0,0.0,15.0,0.0,2743,0.21883082389831543
19,43,ours,4815,0,0.0,0.0,0.0,15.0,0.0,2659,0.20771144330501556
20,43,ours,4885,0,0.0,0.0,0.0,15.0,0.0,2616,0.1973855346441269
21,43,ours,4950,0,0.0,0.0,0.0,15.0,0.0,2518,0.18827666342258453
22,43,ours,5020,0,0.0,0.0,0.0,15.0,0.0,2417,0.17962764203548431
23,43,ours,5095,0,0.0,0.0,0.0,15.0,0.0,2415,0.17188559472560883
24,43,ours,5166,0,0.0,0.0,0.0,15.0,0.0,2367,0.1649177521467209
25,43,ours,5231,0,0.0,0.0,0.0,15.0,0.0,2374,0.15896520018577576
26,43,ours,5301,0,0.0,0.0,0.0,15.0,0.0,2310,0.15329693257808685
27,43,ours,5371,0,0.0,0.0,0.0,15.0,0.0,2237,0.14841990172863007
28,43,ours,5447,0,0.0,0.0,0.0,15.0,0.0,2174,0.1437981128692627
29,43,ours,5518,0,0.0,0.0,0.0,15.0,0.0,2114,0.1399870067834854
1,44,no_op,3573,0,0.0,0.0,0.0,15.0,0.0,0,0.0
2,44,no_op,3635,0,0.0,0.0,0.0,15.0,0.0,0,0.0
3,44,no_op,3702,0,0.0,0.0,0.0,15.0,0.0,0,0.0
4,44,no_op,3772,0,0.0,0.0,0.0,15.0,0.0,0,0.0
5,44,no_op,3845,0,0.0,0.0,0.0,15.0,0.0,0,0.0
6,44,no_op,3915,0,0.0,0.0,0.0,15.0,0.0,0,0.0
7,44,no_op,3982,0,0.0,0.0,0.0,15.0,0.0,0,0.0
8,44,no_op,4049,0,0.0,0.0,0.0,15.0,0.0,0,0.0
9,44,no_op,4114,0,0.0,0.0,0.0,15.0,0.0,0,0.0
10,44,no_op,4177,0,0.0,0.0,0.0,15.0,0.0,0,0.0
11,44,no_op,4243,0,0.0,0.0,0.0,15.0,0.0,0,0.0
12,44,no_op,4312,0,0.0,0.0,0.0,15.0,0.0,0,0.0
13,44,no_op,4383,0,0.0,0.0,0.0,15.0,0.0,0,0.0
14,44,no_op,4452,0,0.0,0.0,0.0,15.0,0.0,0,0.0
15,44,no_op,4518,0,0.0,0.0,0.0,15.0,0.0,0,0.0
16,44,no_op,4587,0,0.0,0.0,0.0,15.0,0.0,0,0.0
17,44,no_op,4657,0,0.0,0.0,0.0,15.0,0.0,0,0.0
18,44,no_op,4728,0,0.0,0.0,0.0,15.0,0.0,0,0.0
19,44,no_op,4802,0,0.0,0.0,0.0,15.0,0.0,0,0.0
20,44,no_op,4865,0,0.0,0.0,0.0,15.0,0.0,0,0.0
21,44,no_op,4940,0,0.0,0.0,0.0,15.0,0.0,0,0.0
22,44,no_op,5006,0,0.0,0.0,0.0,15.0,0.0,0,0.0
23,44,no_op,5077,0,0.0,0.0,0.0,15.0,0.0,0,0.0
24,44,no_op,5144,0,0.0,0.0,0.0,15.0,0.0,0,0.0
25,44,no_op,5209,0,0.0,0.0,0.0,15.0,0.0,0,0.0
26,44,no_op,5277,0,0.0,0.0,0.0,15.0,0.0,0,0.0
27,44,no_op,5348,0,0.0,0.0,0.0,15.0,0.0,0,0.0
28,44,no_op,5418,0,0.0,0.0,0.0,15.0,0.0,0,0.0
29,44,no_op,5487,0,0.0,0.0,0.0,15.0,0.0,0,0.0
1,44,error_only,3569,0,0.0,0.0,0.0,15.0,0.0,0,0.0
2,44,error_only,3637,0,0.0,0.0,0.0,15.0,0.0,0,0.0
3,44,error_only,3707,0,0.0,0.0,0.0,15.0,0.0,0,0.0
4,44,error_only,3772,0,0.0,0.0,0.0,15.0,0.0,0,0.0
5,44,error_only,3839,0,0.0,0.0,0.0,15.0,0.0,0,0.0
6,44,error_only,3905,0,0.0,0.0,0.0,15.0,0.0,0,0.0
7,44,error_only,3970,0,0.0,0.0,0.0,15.0,0.0,0,0.0
8,44,error_only,4042,0,0.0,0.0,0.0,15.0,0.0,0,0.0
9,44,error_only,4108,0,0.0,0.0,0.0,15.0,0.0,0,0.0
10,44,error_only,4177,0,0.0,0.0,0.0,15.0,0.0,0,0.0
11,44,error_only,4246,0,0.0,0.0,0.0,15.0,0.0,0,0.0
12,44,error_only,4319,0,0.0,0.0,0.0,15.0,0.0,0,0.0
13,44,error_only,4388,0,0.0,0.0,0.0,15.0,0.0,0,0.0
14,44,error_only,4459,0,0.0,0.0,0.0,15.0,0.0,0,0.0
15,44,error_only,4531,0,0.0,0.0,0.0,15.0,0.0,0,0.0
16,44,error_only,4603,0,0.0,0.0,0.0,15.0,0.0,0,0.0
17,44,error_only,4671,0,0.0,0.0,0.0,15.0,0.0,0,0.0
18,44,error_only,4738,0,0.0,0.0,0.0,15.0,0.0,0,0.0
19,44,error_only,4802,0,0.0,0.0,0.0,15.0,0.0,0,0.0
20,44,error_only,4871,0,0.0,0.0,0.0,15.0,0.0,0,0.0
21,44,error_only,4934,0,0.0,0.0,0.0,15.0,0.0,0,0.0
22,44,error_only,5003,0,0.0,0.0,0.0,15.0,0.0,0,0.0
23,44,error_only,5074,0,0.0,0.0,0.0,15.0,0.0,0,0.0
24,44,error_only,5139,0,0.0,0.0,0.0,15.0,0.0,0,0.0
25,44,error_only,5208,0,0.0,0.0,0.0,15.0,0.0,0,0.0
26,44,error_only,5278,0,0.0,0.0,0.0,15.0,0.0,0,0.0
27,44,error_only,5347,0,0.0,0.0,0.0,15.0,0.0,0,0.0
28,44,error_only,5416,0,0.0,0.0,0.0,15.0,0.0,0,0.0
29,44,error_only,5487,0,0.0,0.0,0.0,15.0,0.0,0,0.0
1,44,ours,3574,0,0.0,0.0,0.0,15.0,0.0,3196,0.8310648202896118
2,44,ours,3638,0,0.0,0.0,0.0,15.0,0.0,64,0.7531249523162842
3,44,ours,3711,0,0.0,0.0,0.0,15.0,0.0,137,0.6837347745895386
4,44,ours,3785,0,0.0,0.0,0.0,15.0,0.0,104,0.6217448711395264
5,44,ours,3850,0,0.0,0.0,0.0,15.0,0.0,74,0.5660383701324463
6,44,ours,3922,0,0.0,0.0,0.0,15.0,0.0,77,0.5162731409072876
7,44,ours,3989,0,0.0,0.0,0.0,15.0,0.0,72,0.4717208743095398
8,44,ours,4060,0,0.0,0.0,0.0,15.0,0.0,74,0.43176546692848206
9,44,ours,4130,0,0.0,0.0,0.0,15.0,0.0,71,0.39593765139579773
10,44,ours,4194,0,0.0,0.0,0.0,15.0,0.0,64,0.3639535903930664
11,44,ours,4264,0,0.0,0.0,0.0,15.0,0.0,72,0.336147665977478
12,44,ours,4334,0,0.0,0.0,0.0,15.0,0.0,82,0.3141466975212097
13,44,ours,4407,0,0.0,0.0,0.0,15.0,0.0,109,0.29409629106521606
14,44,ours,4475,0,0.0,0.0,0.0,15.0,0.0,125,0.27608129382133484
15,44,ours,4548,0,0.0,0.0,0.0,15.0,0.0,155,0.2594867944717407
16,44,ours,4615,0,0.0,0.0,0.0,15.0,0.0,165,0.2447681576013565
17,44,ours,4681,0,0.0,0.0,0.0,15.0,0.0,194,0.2311936318874359
18,44,ours,4750,0,0.0,0.0,0.0,15.0,0.0,205,0.21884018182754517
19,44,ours,4818,0,0.0,0.0,0.0,15.0,0.0,214,0.20770953595638275
20,44,ours,4887,0,0.0,0.0,0.0,15.0,0.0,227,0.19735436141490936
21,44,ours,4955,0,0.0,0.0,0.0,15.0,0.0,235,0.18819059431552887
22,44,ours,5026,0,0.0,0.0,0.0,15.0,0.0,249,0.17965465784072876
23,44,ours,5097,0,0.0,0.0,0.0,15.0,0.0,282,0.17213991284370422
24,44,ours,5166,0,0.0,0.0,0.0,15.0,0.0,290,0.16498370468616486
25,44,ours,5236,0,0.0,0.0,0.0,15.0,0.0,316,0.15887579321861267
26,44,ours,5308,0,0.0,0.0,0.0,15.0,0.0,334,0.1533488631248474
27,44,ours,5375,0,0.0,0.0,0.0,15.0,0.0,356,0.14862214028835297
28,44,ours,5445,0,0.0,0.0,0.0,15.0,0.0,366,0.14408090710639954
29,44,ours,5513,0,0.0,0.0,0.0,15.0,0.0,594,0.14011026918888092
1,45,no_op,3575,0,0.0,0.0,0.0,15.0,0.0,0,0.0
2,45,no_op,3639,0,0.0,0.0,0.0,15.0,0.0,0,0.0
3,45,no_op,3708,0,0.0,0.0,0.0,15.0,0.0,0,0.0
4,45,no_op,3778,0,0.0,0.0,0.0,15.0,0.0,0,0.0
5,45,no_op,3846,0,0.0,0.0,0.0,15.0,0.0,0,0.0
6,45,no_op,3917,0,0.0,0.0,0.0,15.0,0.0,0,0.0
7,45,no_op,3985,0,0.0,0.0,0.0,15.0,0.0,0,0.0
8,45,no_op,4057,0,0.0,0.0,0.0,15.0,0.0,0,0.0
9,45,no_op,4128,0,0.0,0.0,0.0,15.0,0.0,0,0.0
10,45,no_op,4204,0,0.0,0.0,0.0,15.0,0.0,0,0.0
11,45,no_op,4277,0,0.0,0.0,0.0,15.0,0.0,0,0.0
12,45,no_op,4346,0,0.0,0.0,0.0,15.0,0.0,0,0.0
13,45,no_op,4419,0,0.0,0.0,0.0,15.0,0.0,0,0.0
14,45,no_op,4487,0,0.0,0.0,0.0,15.0,0.0,0,0.0
15,45,no_op,4559,0,0.0,0.0,0.0,15.0,0.0,0,0.0
16,45,no_op,4624,0,0.0,0.0,0.0,15.0,0.0,0,0.0
17,45,no_op,4692,0,0.0,0.0,0.0,15.0,0.0,0,0.0
18,45,no_op,4754,0,0.0,0.0,0.0,15.0,0.0,0,0.0
19,45,no_op,4826,0,0.0,0.0,0.0,15.0,0.0,0,0.0
20,45,no_op,4894,0,0.0,0.0,0.0,15.0,0.0,0,0.0
21,45,no_op,4963,0,0.0,0.0,0.0,15.0,0.0,0,0.0
22,45,no_op,5031,0,0.0,0.0,0.0,15.0,0.0,0,0.0
23,45,no_op,5102,0,0.0,0.0,0.0,15.0,0.0,0,0.0
24,45,no_op,5166,0,0.0,0.0,0.0,15.0,0.0,0,0.0
25,45,no_op,5237,0,0.0,0.0,0.0,15.0,0.0,0,0.0
26,45,no_op,5309,0,0.0,0.0,0.0,15.0,0.0,0,0.0
27,45,no_op,5375,0,0.0,0.0,0.0,15.0,0.0,0,0.0
28,45,no_op,5446,0,0.0,0.0,0.0,15.0,0.0,0,0.0
29,45,no_op,5517,0,0.0,0.0,0.0,15.0,0.0,0,0.0
1,45,error_only,3575,0,0.0,0.0,0.0,15.0,0.0,0,0.0
2,45,error_only,3644,0,0.0,0.0,0.0,15.0,0.0,0,0.0
3,45,error_only,3718,0,0.0,0.0,0.0,15.0,0.0,0,0.0
4,45,error_only,3789,0,0.0,0.0,0.0,15.0,0.0,0,0.0
5,45,error_only,3853,0,0.0,0.0,0.0,15.0,0.0,0,0.0
6,45,error_only,3921,0,0.0,0.0,0.0,15.0,0.0,0,0.0
7,45,error_only,3994,0,0.0,0.0,0.0,15.0,0.0,0,0.0
8,45,error_only,4056,0,0.0,0.0,0.0,15.0,0.0,0,0.0
9,45,error_only,4125,0,0.0,0.0,0.0,15.0,0.0,0,0.0
10,45,error_only,4191,0,0.0,0.0,0.0,15.0,0.0,0,0.0
11,45,error_only,4265,0,0.0,0.0,0.0,15.0,0.0,0,0.0
12,45,error_only,4336,0,0.0,0.0,0.0,15.0,0.0,0,0.0
13,45,error_only,4406,0,0.0,0.0,0.0,15.0,0.0,0,0.0
14,45,error_only,4473,0,0.0,0.0,0.0,15.0,0.0,0,0.0
15,45,error_only,4545,0,0.0,0.0,0.0,15.0,0.0,0,0.0
16,45,error_only,4615,0,0.0,0.0,0.0,15.0,0.0,0,0.0
17,45,error_only,4687,0,0.0,0.0,0.0,15.0,0.0,0,0.0
18,45,error_only,4757,0,0.0,0.0,0.0,15.0,0.0,0,0.0
19,45,error_only,4827,0,0.0,0.0,0.0,15.0,0.0,0,0.0
20,45,error_only,4897,0,0.0,0.0,0.0,15.0,0.0,0,0.0
21,45,error_only,4965,0,0.0,0.0,0.0,15.0,0.0,0,0.0
22,45,error_only,5031,0,0.0,0.0,0.0,15.0,0.0,0,0.0
23,45,error_only,5102,0,0.0,0.0,0.0,15.0,0.0,0,0.0
24,45,error_only,5171,0,0.0,0.0,0.0,15.0,0.0,0,0.0
25,45,error_only,5238,0,0.0,0.0,0.0,15.0,0.0,0,0.0
26,45,error_only,5304,0,0.0,0.0,0.0,15.0,0.0,0,0.0
27,45,error_only,5373,0,0.0,0.0,0.0,15.0,0.0,0,0.0
28,45,error_only,5444,0,0.0,0.0,0.0,15.0,0.0,0,0.0
29,45,error_only,5513,0,0.0,0.0,0.0,15.0,0.0,0,0.0
1,45,ours,3579,0,0.0,0.0,0.0,15.0,0.0,8,0.8311821222305298
2,45,ours,3647,0,0.0,0.0,0.0,15.0,0.0,3569,0.753350019454956
3,45,ours,3715,0,0.0,0.0,0.0,15.0,0.0,2208,0.683860719203949
4,45,ours,3781,0,0.0,0.0,0.0,15.0,0.0,2301,0.6216804385185242
5,45,ours,3847,0,0.0,0.0,0.0,15.0,0.0,2885,0.5658372044563293
6,45,ours,3913,0,0.0,0.0,0.0,15.0,0.0,3398,0.5160096883773804
7,45,ours,3983,0,0.0,0.0,0.0,15.0,0.0,3596,0.4713366627693176
8,45,ours,4056,0,0.0,0.0,0.0,15.0,0.0,3712,0.43152081966400146
9,45,ours,4128,0,0.0,0.0,0.0,15.0,0.0,3777,0.39591625332832336
10,45,ours,4198,0,0.0,0.0,0.0,15.0,0.0,3852,0.36394813656806946
11,45,ours,4272,0,0.0,0.0,0.0,15.0,0.0,3917,0.33620354533195496
12,45,ours,4345,0,0.0,0.0,0.0,15.0,0.0,3977,0.3141467273235321
13,45,ours,4414,0,0.0,0.0,0.0,15.0,0.0,4055,0.2942807078361511
14,45,ours,4480,0,0.0,0.0,0.0,15.0,0.0,4108,0.27605411410331726
15,45,ours,4556,0,0.0,0.0,0.0,15.0,0.0,4166,0.25936776399612427
16,45,ours,4630,0,0.0,0.0,0.0,15.0,0.0,4216,0.24459348618984222
17,45,ours,4699,0,0.0,0.0,0.0,15.0,0.0,4246,0.23110467195510864
18,45,ours,4769,0,0.0,0.0,0.0,15.0,0.0,4251,0.21881242096424103
19,45,ours,4834,0,0.0,0.0,0.0,15.0,0.0,4265,0.20773011445999146
20,45,ours,4903,0,0.0,0.0,0.0,15.0,0.0,4238,0.1973540335893631
21,45,ours,4972,0,0.0,0.0,0.0,15.0,0.0,4260,0.18806900084018707
22,45,ours,5041,0,0.0,0.0,0.0,15.0,0.0,4222,0.17975956201553345
23,45,ours,5106,0,0.0,0.0,0.0,15.0,0.0,4203,0.17228321731090546
24,45,ours,5178,0,0.0,0.0,0.0,15.0,0.0,4172,0.16492222249507904
25,45,ours,5249,0,0.0,0.0,0.0,15.0,0.0,4181,0.15875618159770966
26,45,ours,5324,0,0.0,0.0,0.0,15.0,0.0,4187,0.1532689481973648
27,45,ours,5396,0,0.0,0.0,0.0,15.0,0.0,4220,0.14852672815322876
28,45,ours,5467,0,0.0,0.0,0.0,15.0,0.0,4250,0.14405228197574615
29,45,ours,5536,0,0.0,0.0,0.0,15.0,0.0,4299,0.1399809718132019
1,46,no_op,3571,0,0.0,0.0,0.0,15.0,0.0,0,0.0
2,46,no_op,3637,0,0.0,0.0,0.0,15.0,0.0,0,0.0
3,46,no_op,3706,0,0.0,0.0,0.0,15.0,0.0,0,0.0
4,46,no_op,3777,0,0.0,0.0,0.0,15.0,0.0,0,0.0
5,46,no_op,3849,0,0.0,0.0,0.0,15.0,0.0,0,0.0
6,46,no_op,3921,0,0.0,0.0,0.0,15.0,0.0,0,0.0
7,46,no_op,3991,0,0.0,0.0,0.0,15.0,0.0,0,0.0
8,46,no_op,4063,0,0.0,0.0,0.0,15.0,0.0,0,0.0
9,46,no_op,4135,0,0.0,0.0,0.0,15.0,0.0,0,0.0
10,46,no_op,4201,0,0.0,0.0,0.0,15.0,0.0,0,0.0
11,46,no_op,4270,0,0.0,0.0,0.0,15.0,0.0,0,0.0
12,46,no_op,4340,0,0.0,0.0,0.0,15.0,0.0,0,0.0
13,46,no_op,4412,0,0.0,0.0,0.0,15.0,0.0,0,0.0
14,46,no_op,4479,0,0.0,0.0,0.0,15.0,0.0,0,0.0
15,46,no_op,4552,0,0.0,0.0,0.0,15.0,0.0,0,0.0
16,46,no_op,4624,0,0.0,0.0,0.0,15.0,0.0,0,0.0
17,46,no_op,4691,0,0.0,0.0,0.0,15.0,0.0,0,0.0
18,46,no_op,4760,0,0.0,0.0,0.0,15.0,0.0,0,0.0
19,46,no_op,4825,0,0.0,0.0,0.0,15.0,0.0,0,0.0
20,46,no_op,4893,0,0.0,0.0,0.0,15.0,0.0,0,0.0
21,46,no_op,4964,0,0.0,0.0,0.0,15.0,0.0,0,0.0
22,46,no_op,5028,0,0.0,0.0,0.0,15.0,0.0,0,0.0
23,46,no_op,5092,0,0.0,0.0,0.0,15.0,0.0,0,0.0
24,46,no_op,5164,0,0.0,0.0,0.0,15.0,0.0,0,0.0
25,46,no_op,5233,0,0.0,0.0,0.0,15.0,0.0,0,0.0
26,46,no_op,5301,0,0.0,0.0,0.0,15.0,0.0,0,0.0
27,46,no_op,5373,0,0.0,0.0,0.0,15.0,0.0,0,0.0
28,46,no_op,5445,0,0.0,0.0,0.0,15.0,0.0,0,0.0
29,46,no_op,5517,0,0.0,0.0,0.0,15.0,0.0,0,0.0
1,46,error_only,3567,7,0.0019624334174376226,12.60104751586914,13.861152172088623,15.0,0.0,0,0.0
2,46,error_only,3633,7,0.0019267822736030828,13.431709289550781,14.77488088607788,15.0,0.0,0,0.0
3,46,error_only,3700,7,0.0018918918918918919,13.407454490661621,14.748199701309204,15.0,0.0,0,0.0
4,46,error_only,3772,7,0.001855779427359491,13.38278865814209,14.721067905426025,15.0,0.0,0,0.0
5,46,error_only,3845,7,0.0018205461638491547,13.357975006103516,14.693772554397583,15.0,0.0,0,0.0
6,46,error_only,3918,7,0.0017866258295048494,13.334029197692871,14.667431831359863,15.0,0.0,0,0.0
7,46,error_only,3991,7,0.0017539463793535455,13.31119441986084,14.642314434051514,15.0,0.0,0,0.0
8,46,error_only,4062,7,0.0017232890201870998,13.289588928222656,14.61854887008667,15.0,0.0,0,0.0
9,46,error_only,4132,7,0.0016940948693126815,13.268366813659668,14.595203876495361,15.0,0.0,0,0.0
10,46,error_only,4206,7,0.0016642891107941037,13.24693775177002,14.571631908416748,15.0,0.0,0,0.0
11,46,error_only,4277,7,0.0016366612111292963,13.2251558303833,14.54767107963562,15.0,0.0,0,0.0
12,46,error_only,4351,7,0.0016088255573431394,13.203421592712402,14.523765325546265,15.0,0.0,0,0.0
13,46,error_only,4420,7,0.001583710407239819,13.181235313415527,14.499358892440796,15.0,0.0,0,0.0
14,46,error_only,4493,7,0.0015579790785666592,13.159404754638672,14.47534465789795,15.0,0.0,0,0.0
15,46,error_only,4558,7,0.00153576129881527,13.138065338134766,14.451872825622559,15.0,0.0,0,0.0
16,46,error_only,4625,7,0.0015135135135135136,13.11701774597168,14.42872142791748,15.0,0.0,0,0.0
17,46,error_only,4692,7,0.0014919011082693947,13.096689224243164,14.406357765197754,15.0,0.0,0,0.0
18,46,error_only,4762,7,0.0014699706005879883,13.076412200927734,14.384052515029907,15.0,0.0,0,0.0
19,46,error_only,4826,7,0.0014504765851636966,13.056514739990234,14.362167835235596,15.0,0.0,0,0.0
20,46,error_only,4893,7,0.001430615164520744,13.037473678588867,14.34122109413147,15.0,0.0,0,0.0
21,46,error_only,4964,7,0.0014101531023368251,13.01890754699707,14.320798397064209,15.0,0.0,0,0.0
22,46,error_only,5032,7,0.0013910969793322733,13.001523971557617,14.301675796508789,15.0,0.0,0,0.0
23,46,error_only,5103,7,0.0013717421124828531,12.985559463500977,14.284116983413696,15.0,0.0,0,0.0
24,46,error_only,5171,7,0.0013537033455811255,12.97147274017334,14.26862096786499,15.0,0.0,0,0.0
25,46,error_only,5236,7,0.001336898395721925,12.959781646728516,14.25575852394104,15.0,0.0,0,0.0
26,46,error_only,5302,7,0.0013202565069784986,12.949563026428223,14.24451994895935,15.0,0.0,0,0.0
27,46,error_only,5367,7,0.0013042668157257314,12.94103717803955,14.235140562057495,15.0,0.0,0,0.0
28,46,error_only,5438,7,0.0012872379551305626,12.934822082519531,14.228304624557495,15.0,0.0,0,0.0
29,46,error_only,5511,7,0.001270186898929414,12.929255485534668,14.22218132019043,15.0,0.0,0,0.0
1,46,ours,3573,0,0.0,0.0,0.0,15.0,0.0,3573,0.8310399651527405
2,46,ours,3642,0,0.0,0.0,0.0,15.0,0.0,3203,0.7533026337623596
3,46,ours,3708,0,0.0,0.0,0.0,15.0,0.0,1740,0.6837858557701111
4,46,ours,3775,0,0.0,0.0,0.0,15.0,0.0,927,0.6216099262237549
5,46,ours,3841,1,0.0002603488674824265,13.604458808898926,14.96490478515625,15.0,0.0,1270,0.5658388733863831
6,46,ours,3911,1,0.00025568908207619537,10.072504043579102,11.079754829406738,15.0,0.0,1355,0.5161371827125549
7,46,ours,3982,1,0.00025113008538422905,8.758796691894531,9.634676933288574,15.0,0.0,1377,0.4715338945388794
8,46,ours,4050,1,0.0002469135802469136,7.351807594299316,8.08698844909668,15.0,0.0,1291,0.4315583109855652
9,46,ours,4115,2,0.0004860267314702309,13.615022659301758,14.976524353027344,15.0,0.0,1246,0.39562761783599854
10,46,ours,4181,2,0.00047835446065534564,11.882182121276855,13.070400714874268,15.0,0.0,1173,0.3634510338306427
11,46,ours,4244,2,0.000471253534401508,11.558527946472168,12.714381217956543,15.0,0.0,1100,0.33614227175712585
12,46,ours,4317,2,0.000463284688441047,9.489014625549316,10.437916278839111,15.0,0.0,1043,0.3139818012714386
13,46,ours,4385,3,0.0006841505131128849,13.51456069946289,14.866018295288086,15.0,0.0,1048,0.29413434863090515
14,46,ours,4452,1,0.00022461814914645105,10.240433692932129,11.264477729797363,15.0,0.0,1026,0.27596405148506165
15,46,ours,4519,2,0.0004425757911042266,12.844620704650879,14.129082679748535,15.0,0.0,1076,0.2595328986644745
16,46,ours,4590,2,0.00043572984749455336,11.474489212036133,12.621938705444336,15.0,0.0,1083,0.24458260834217072
17,46,ours,4660,2,0.00042918454935622315,11.782340049743652,12.960574626922607,15.0,0.0,1165,0.2310844510793686
18,46,ours,4729,2,0.00042292239374074856,12.19992446899414,13.419917106628418,15.0,0.0,1228,0.21885527670383453
19,46,ours,4802,2,0.00041649312786339027,12.916303634643555,14.207934856414795,15.0,0.0,1410,0.2075522094964981
20,46,ours,4874,3,0.0006155108740254411,13.196545600891113,14.516200065612793,15.0,0.25,1488,0.197307288646698
21,46,ours,4939,2,0.00040494027130998176,12.137365341186523,13.351101875305176,15.0,0.0,1563,0.18832865357398987
22,46,ours,5008,4,0.0007987220447284345,13.6168212890625,14.978503704071045,15.0,0.0,1667,0.17981022596359253
23,46,ours,5078,3,0.0005907837731390311,13.099688529968262,14.409657955169678,15.0,0.4,1731,0.1722826361656189
24,46,ours,5150,5,0.000970873786407767,12.624101638793945,13.886512041091919,15.0,0.0,1858,0.16493767499923706
25,46,ours,5215,4,0.0007670182166826462,12.038230895996094,13.242053985595703,15.0,0.0,1979,0.1591396927833557
26,46,ours,5285,5,0.000946073793755913,12.153826713562012,13.369210481643677,15.0,0.0,2077,0.15345172584056854
27,46,ours,5360,3,0.0005597014925373135,11.824922561645508,13.007414817810059,15.0,0.14285714285714285,2125,0.14832276105880737
28,46,ours,5431,3,0.0005523844595838704,13.425214767456055,14.767736673355103,15.0,0.2,2192,0.1441335678100586
29,46,ours,5504,5,0.0009084302325581395,12.349782943725586,13.584761381149292,15.0,0.0,2269,0.13996358215808868
