experiment,variant,beta,seed,domain,budget_fraction,realized_delta_q,oracle_delta_q,ose,ndcg
sensitivity,B2_beta_0.80,0.8,42,tum_fr1_desk_val,0.1,0.05306234583258629,0.14877355098724365,0.35666515932314097,0.3838752839049028
sensitivity,B2_beta_0.80,0.8,42,tum_fr1_desk_val,0.2,0.1867445707321167,0.22372642159461975,0.8347005286817778,0.541391219043127
sensitivity,B2_beta_0.80,0.8,42,tum_fr1_desk_val,0.4,0.258422315120697,0.37412458658218384,0.6907386402324646,0.6181278155435299
sensitivity,B2_beta_0.80,0.8,42,tum_fr1_desk_val,0.6,0.32290804386138916,0.4049728810787201,0.7973571835913854,0.6581614230792958
sensitivity,B2_beta_0.80,0.8,42,tum_fr1_desk_val,0.8,0.4076228439807892,0.44048771262168884,0.9253897964617608,0.6826665156903573
sensitivity,B2_beta_0.80,0.8,42,tum_fr2_xyz,0.1,0.0747782289981842,0.09468899667263031,0.7897245057888935,0.684069561018027
sensitivity,B2_beta_0.80,0.8,42,tum_fr2_xyz,0.2,0.07564136385917664,0.14344912767410278,0.5273044166429476,0.6701175308392764
sensitivity,B2_beta_0.80,0.8,42,tum_fr2_xyz,0.4,0.17335668206214905,0.23647519946098328,0.7330860704481231,0.7966356639141245
sensitivity,B2_beta_0.80,0.8,42,tum_fr2_xyz,0.6,0.1754675805568695,0.23266978561878204,0.754148513734737,0.8342808608551376
sensitivity,B2_beta_0.80,0.8,42,tum_fr2_xyz,0.8,0.18181881308555603,0.2437291443347931,0.745987133060843,0.8479534734609234
sensitivity,B2_beta_0.80,0.8,43,tum_fr1_desk_val,0.1,0.12577305734157562,0.22852715849876404,0.5503636970947542,0.5639628499767095
sensitivity,B2_beta_0.80,0.8,43,tum_fr1_desk_val,0.2,0.15772637724876404,0.3096950054168701,0.5092958213630072,0.5425048735437473
sensitivity,B2_beta_0.80,0.8,43,tum_fr1_desk_val,0.4,0.32953977584838867,0.436788409948349,0.7544608803671062,0.6555232443780982
sensitivity,B2_beta_0.80,0.8,43,tum_fr1_desk_val,0.6,0.4562920331954956,0.4868185222148895,0.937293884683258,0.676870963747357
sensitivity,B2_beta_0.80,0.8,43,tum_fr1_desk_val,0.8,0.5197800993919373,0.5047381520271301,1.0298014663769341,0.703932451264233
sensitivity,B2_beta_0.80,0.8,43,tum_fr2_xyz,0.1,0.04288620129227638,0.08183559775352478,0.5240530677238016,0.5655172468465169
sensitivity,B2_beta_0.80,0.8,43,tum_fr2_xyz,0.2,0.11418022215366364,0.19038072228431702,0.5997467326848257,0.6199589345205854
sensitivity,B2_beta_0.80,0.8,43,tum_fr2_xyz,0.4,0.1743624210357666,0.337510347366333,0.5166135415705599,0.6185614467199625
sensitivity,B2_beta_0.80,0.8,43,tum_fr2_xyz,0.6,0.3364129066467285,0.3901675343513489,0.8622267831272662,0.6992624664365807
sensitivity,B2_beta_0.80,0.8,43,tum_fr2_xyz,0.8,0.4134129583835602,0.47540831565856934,0.8695955372907516,0.7337713804110721
sensitivity,B2_beta_0.80,0.8,44,tum_fr1_desk_val,0.1,0.14109469950199127,0.17743204534053802,0.7952041091514949,0.7206043870594765
sensitivity,B2_beta_0.80,0.8,44,tum_fr1_desk_val,0.2,0.22750018537044525,0.22170570492744446,1.0261358641336653,0.7459885031752155
sensitivity,B2_beta_0.80,0.8,44,tum_fr1_desk_val,0.4,0.24477484822273254,0.36898475885391235,0.6633738541106103,0.7674213962999893
sensitivity,B2_beta_0.80,0.8,44,tum_fr1_desk_val,0.6,0.40086829662323,0.5344743728637695,0.7500234051917246,0.794789637634917
sensitivity,B2_beta_0.80,0.8,44,tum_fr1_desk_val,0.8,0.404529869556427,0.5601627826690674,0.7221648328853124,0.8182334477836896
sensitivity,B2_beta_0.80,0.8,44,tum_fr2_xyz,0.1,0.031851787120103836,0.10548802465200424,0.3019469196215484,0.6580454464768551
sensitivity,B2_beta_0.80,0.8,44,tum_fr2_xyz,0.2,0.09262783825397491,0.19699403643608093,0.4702062825235181,0.7797611662128205
sensitivity,B2_beta_0.80,0.8,44,tum_fr2_xyz,0.4,0.16232550144195557,0.302217960357666,0.5371139950739797,0.7268766655354783
sensitivity,B2_beta_0.80,0.8,44,tum_fr2_xyz,0.6,0.2633393108844757,0.3939777612686157,0.6684115960058311,0.7854864933701283
sensitivity,B2_beta_0.80,0.8,44,tum_fr2_xyz,0.8,0.37443235516548157,0.4344448447227478,0.8618639422129541,0.8273920686622955
sensitivity,B2_beta_0.80,0.8,45,tum_fr1_desk_val,0.1,0.050230249762535095,0.4239445924758911,0.11848305054288688,0.03540039653132117
sensitivity,B2_beta_0.80,0.8,45,tum_fr1_desk_val,0.2,0.21206876635551453,0.5745325684547424,0.3691153022616972,0.1829024777741195
sensitivity,B2_beta_0.80,0.8,45,tum_fr1_desk_val,0.4,0.4266049265861511,0.8934377431869507,0.47748701581550984,0.3378156703419249
sensitivity,B2_beta_0.80,0.8,45,tum_fr1_desk_val,0.6,0.5926438570022583,1.0196146965026855,0.5812429471864403,0.4346156035607468
sensitivity,B2_beta_0.80,0.8,45,tum_fr1_desk_val,0.8,0.8611708879470825,1.098691701889038,0.7838148578243359,0.47591620692315195
sensitivity,B2_beta_0.80,0.8,45,tum_fr2_xyz,0.1,0.07172703742980957,0.07897429913282394,0.9082325406503341,0.6221041105140663
sensitivity,B2_beta_0.80,0.8,45,tum_fr2_xyz,0.2,0.10046911239624023,0.17670920491218567,0.5685561584672741,0.660236800675714
sensitivity,B2_beta_0.80,0.8,45,tum_fr2_xyz,0.4,0.14840568602085114,0.404036283493042,0.3673078097460739,0.7637646316783208
sensitivity,B2_beta_0.80,0.8,45,tum_fr2_xyz,0.6,0.22006621956825256,0.483527272939682,0.4551267887725477,0.7968786579892653
sensitivity,B2_beta_0.80,0.8,45,tum_fr2_xyz,0.8,0.23479357361793518,0.5111280679702759,0.45936348194823556,0.8075532669093981
sensitivity,B2_beta_0.80,0.8,46,tum_fr1_desk_val,0.1,0.03237529098987579,0.2551996409893036,0.1268625990057987,0.09123192443024158
sensitivity,B2_beta_0.80,0.8,46,tum_fr1_desk_val,0.2,0.08701928704977036,0.33358636498451233,0.2608598359384746,0.15359946376494366
sensitivity,B2_beta_0.80,0.8,46,tum_fr1_desk_val,0.4,0.26414260268211365,0.5427982211112976,0.4866312886490463,0.3439378441205827
sensitivity,B2_beta_0.80,0.8,46,tum_fr1_desk_val,0.6,0.35308122634887695,0.6048338413238525,0.5837656499814904,0.39735963724086915
sensitivity,B2_beta_0.80,0.8,46,tum_fr1_desk_val,0.8,0.5976654291152954,0.6498000621795654,0.9197681790194335,0.5064521009645726
sensitivity,B2_beta_0.80,0.8,46,tum_fr2_xyz,0.1,0.024367643520236015,0.06018306314945221,0.4048919778444018,0.24899779260605184
sensitivity,B2_beta_0.80,0.8,46,tum_fr2_xyz,0.2,0.04354512691497803,0.09243206679821014,0.471104062824879,0.34685597693514053
sensitivity,B2_beta_0.80,0.8,46,tum_fr2_xyz,0.4,0.07593094557523727,0.17216911911964417,0.4410253218070887,0.37308490640883146
sensitivity,B2_beta_0.80,0.8,46,tum_fr2_xyz,0.6,0.14152756333351135,0.23603671789169312,0.5995997512660494,0.4362992255456478
sensitivity,B2_beta_0.80,0.8,46,tum_fr2_xyz,0.8,0.1495063304901123,0.2549758553504944,0.5863548312096057,0.4882817626793523
sensitivity,B2_beta_0.90,0.9,42,tum_fr1_desk_val,0.1,0.05306234583258629,0.14877355098724365,0.35666515932314097,0.3838752839049028
sensitivity,B2_beta_0.90,0.9,42,tum_fr1_desk_val,0.2,0.1867445707321167,0.22372642159461975,0.8347005286817778,0.5353709373151184
sensitivity,B2_beta_0.90,0.9,42,tum_fr1_desk_val,0.4,0.26380670070648193,0.37412458658218384,0.705130598513139,0.6203145245313444
sensitivity,B2_beta_0.90,0.9,42,tum_fr1_desk_val,0.6,0.3261391520500183,0.4049728810787201,0.8053357625526154,0.6660694948534839
sensitivity,B2_beta_0.90,0.9,42,tum_fr1_desk_val,0.8,0.4076228439807892,0.44048771262168884,0.9253897964617608,0.6805916872128321
sensitivity,B2_beta_0.90,0.9,42,tum_fr2_xyz,0.1,0.0747782289981842,0.09468899667263031,0.7897245057888935,0.684069561018027
sensitivity,B2_beta_0.90,0.9,42,tum_fr2_xyz,0.2,0.09795888513326645,0.14344912767410278,0.6828823562245171,0.6684974309559377
sensitivity,B2_beta_0.90,0.9,42,tum_fr2_xyz,0.4,0.16796359419822693,0.23647519946098328,0.7102799256678097,0.7933841184736002
sensitivity,B2_beta_0.90,0.9,42,tum_fr2_xyz,0.6,0.17411351203918457,0.23266978561878204,0.7483288132700342,0.8339452860874934
sensitivity,B2_beta_0.90,0.9,42,tum_fr2_xyz,0.8,0.18181881308555603,0.2437291443347931,0.745987133060843,0.8480810683263317
sensitivity,B2_beta_0.90,0.9,43,tum_fr1_desk_val,0.1,0.12577305734157562,0.22852715849876404,0.5503636970947542,0.7259943537602894
sensitivity,B2_beta_0.90,0.9,43,tum_fr1_desk_val,0.2,0.26018136739730835,0.3096950054168701,0.8401212626786612,0.795008988233768
sensitivity,B2_beta_0.90,0.9,43,tum_fr1_desk_val,0.4,0.30881041288375854,0.436788409948349,0.7070022893928276,0.8117582042654732
sensitivity,B2_beta_0.90,0.9,43,tum_fr1_desk_val,0.6,0.4650680124759674,0.4868185222148895,0.955321093385736,0.8236180468662458
sensitivity,B2_beta_0.90,0.9,43,tum_fr1_desk_val,0.8,0.5197800993919373,0.5047381520271301,1.0298014663769341,0.8505016991101026
sensitivity,B2_beta_0.90,0.9,43,tum_fr2_xyz,0.1,0.04288620129227638,0.08183559775352478,0.5240530677238016,0.5655172468465169
sensitivity,B2_beta_0.90,0.9,43,tum_fr2_xyz,0.2,0.11156393587589264,0.19038072228431702,0.5860043426520791,0.6105264305142744
sensitivity,B2_beta_0.90,0.9,43,tum_fr2_xyz,0.4,0.1743624210357666,0.337510347366333,0.5166135415705599,0.6152039658494624
sensitivity,B2_beta_0.90,0.9,43,tum_fr2_xyz,0.6,0.3364129066467285,0.3901675343513489,0.8622267831272662,0.6946754147065118
sensitivity,B2_beta_0.90,0.9,43,tum_fr2_xyz,0.8,0.427410364151001,0.47540831565856934,0.8990384498608051,0.7553566583591211
sensitivity,B2_beta_0.90,0.9,44,tum_fr1_desk_val,0.1,0.14109469950199127,0.17743204534053802,0.7952041091514949,0.8147149091414477
sensitivity,B2_beta_0.90,0.9,44,tum_fr1_desk_val,0.2,0.15447059273719788,0.22170570492744446,0.6967370813501583,0.8016148601910761
sensitivity,B2_beta_0.90,0.9,44,tum_fr1_desk_val,0.4,0.24477484822273254,0.36898475885391235,0.6633738541106103,0.8286921476869995
sensitivity,B2_beta_0.90,0.9,44,tum_fr1_desk_val,0.6,0.3367002010345459,0.5344743728637695,0.6299650868774497,0.8488864831007121
sensitivity,B2_beta_0.90,0.9,44,tum_fr1_desk_val,0.8,0.398575097322464,0.5601627826690674,0.7115344013181073,0.8618888553319606
sensitivity,B2_beta_0.90,0.9,44,tum_fr2_xyz,0.1,0.0445224829018116,0.10548802465200424,0.4220619243565146,0.7757347911212776
sensitivity,B2_beta_0.90,0.9,44,tum_fr2_xyz,0.2,0.09262783825397491,0.19699403643608093,0.4702062825235181,0.8027804000208465
sensitivity,B2_beta_0.90,0.9,44,tum_fr2_xyz,0.4,0.16191869974136353,0.302217960357666,0.5357679410980676,0.7508304460586912
sensitivity,B2_beta_0.90,0.9,44,tum_fr2_xyz,0.6,0.29286545515060425,0.3939777612686157,0.7433552766379993,0.8036807601622281
sensitivity,B2_beta_0.90,0.9,44,tum_fr2_xyz,0.8,0.37443235516548157,0.4344448447227478,0.8618639422129541,0.8436850123831381
sensitivity,B2_beta_0.90,0.9,45,tum_fr1_desk_val,0.1,0.050230249762535095,0.4239445924758911,0.11848305054288688,0.03540039653132117
sensitivity,B2_beta_0.90,0.9,45,tum_fr1_desk_val,0.2,0.2047848105430603,0.5745325684547424,0.3564372469422842,0.20870827295609698
sensitivity,B2_beta_0.90,0.9,45,tum_fr1_desk_val,0.4,0.4266049265861511,0.8934377431869507,0.47748701581550984,0.34537681281764177
sensitivity,B2_beta_0.90,0.9,45,tum_fr1_desk_val,0.6,0.49478572607040405,1.0196146965026855,0.48526734943588307,0.3894093690638224
sensitivity,B2_beta_0.90,0.9,45,tum_fr1_desk_val,0.8,0.7068386077880859,1.098691701889038,0.6433457175833077,0.4536598826293276
sensitivity,B2_beta_0.90,0.9,45,tum_fr2_xyz,0.1,0.06322695314884186,0.07897429913282394,0.8006015353993513,0.5456360525124605
sensitivity,B2_beta_0.90,0.9,45,tum_fr2_xyz,0.2,0.11442067474126816,0.17670920491218567,0.6475082513276326,0.7157521560478738
sensitivity,B2_beta_0.90,0.9,45,tum_fr2_xyz,0.4,0.13296814262866974,0.404036283493042,0.32909950113419606,0.7826585676659521
sensitivity,B2_beta_0.90,0.9,45,tum_fr2_xyz,0.6,0.2072892189025879,0.483527272939682,0.42870221850221085,0.8076743474956728
sensitivity,B2_beta_0.90,0.9,45,tum_fr2_xyz,0.8,0.2605910003185272,0.5111280679702759,0.5098350326465172,0.8296645297272084
sensitivity,B2_beta_0.90,0.9,46,tum_fr1_desk_val,0.1,0.03237529098987579,0.2551996409893036,0.1268625990057987,0.08947684292310551
sensitivity,B2_beta_0.90,0.9,46,tum_fr1_desk_val,0.2,0.05868542939424515,0.33358636498451233,0.175922740840269,0.1350795436054349
sensitivity,B2_beta_0.90,0.9,46,tum_fr1_desk_val,0.4,0.27877113223075867,0.5427982211112976,0.5135815046044213,0.3393594471016499
sensitivity,B2_beta_0.90,0.9,46,tum_fr1_desk_val,0.6,0.35308122634887695,0.6048338413238525,0.5837656499814904,0.388909574621303
sensitivity,B2_beta_0.90,0.9,46,tum_fr1_desk_val,0.8,0.5976654291152954,0.6498000621795654,0.9197681790194335,0.49733592250574027
sensitivity,B2_beta_0.90,0.9,46,tum_fr2_xyz,0.1,0.028163358569145203,0.06018306314945221,0.4679614565246166,0.2903898705478911
sensitivity,B2_beta_0.90,0.9,46,tum_fr2_xyz,0.2,0.04710858315229416,0.09243206679821014,0.5096562230786789,0.3545168448659169
sensitivity,B2_beta_0.90,0.9,46,tum_fr2_xyz,0.4,0.07593094557523727,0.17216911911964417,0.4410253218070887,0.37695804129570043
sensitivity,B2_beta_0.90,0.9,46,tum_fr2_xyz,0.6,0.14152756333351135,0.23603671789169312,0.5995997512660494,0.4395225456801005
sensitivity,B2_beta_0.90,0.9,46,tum_fr2_xyz,0.8,0.14782525599002838,0.2549758553504944,0.5797617581837604,0.48902713187718794
sensitivity,B2_beta_0.95,0.95,42,tum_fr1_desk_val,0.1,0.05306234583258629,0.14877355098724365,0.35666515932314097,0.3838752839049028
sensitivity,B2_beta_0.95,0.95,42,tum_fr1_desk_val,0.2,0.1867445707321167,0.22372642159461975,0.8347005286817778,0.5353709373151184
sensitivity,B2_beta_0.95,0.95,42,tum_fr1_desk_val,0.4,0.2695666551589966,0.37412458658218384,0.7205264171926236,0.6271598685367549
sensitivity,B2_beta_0.95,0.95,42,tum_fr1_desk_val,0.6,0.3261391520500183,0.4049728810787201,0.8053357625526154,0.6664913870553338
sensitivity,B2_beta_0.95,0.95,42,tum_fr1_desk_val,0.8,0.4076228439807892,0.44048771262168884,0.9253897964617608,0.6809932979491367
sensitivity,B2_beta_0.95,0.95,42,tum_fr2_xyz,0.1,0.0747782289981842,0.09468899667263031,0.7897245057888935,0.684069561018027
sensitivity,B2_beta_0.95,0.95,42,tum_fr2_xyz,0.2,0.09795888513326645,0.14344912767410278,0.6828823562245171,0.6684974309559377
sensitivity,B2_beta_0.95,0.95,42,tum_fr2_xyz,0.4,0.17530424892902374,0.23647519946098328,0.741321888787449,0.792230963324925
sensitivity,B2_beta_0.95,0.95,42,tum_fr2_xyz,0.6,0.2073705792427063,0.23266978561878204,0.8912655752810852,0.8327899028735934
sensitivity,B2_beta_0.95,0.95,42,tum_fr2_xyz,0.8,0.18181881308555603,0.2437291443347931,0.745987133060843,0.8478672238276772
sensitivity,B2_beta_0.95,0.95,43,tum_fr1_desk_val,0.1,0.10980022698640823,0.22852715849876404,0.48046903004008507,0.692769706873331
sensitivity,B2_beta_0.95,0.95,43,tum_fr1_desk_val,0.2,0.25844627618789673,0.3096950054168701,0.8345186823236752,0.7908820151151358
sensitivity,B2_beta_0.95,0.95,43,tum_fr1_desk_val,0.4,0.30881041288375854,0.436788409948349,0.7070022893928276,0.8142645441294206
sensitivity,B2_beta_0.95,0.95,43,tum_fr1_desk_val,0.6,0.4650680124759674,0.4868185222148895,0.955321093385736,0.8260365661115745
sensitivity,B2_beta_0.95,0.95,43,tum_fr1_desk_val,0.8,0.5197800993919373,0.5047381520271301,1.0298014663769341,0.852868021592881
sensitivity,B2_beta_0.95,0.95,43,tum_fr2_xyz,0.1,0.04288620129227638,0.08183559775352478,0.5240530677238016,0.5655172468465169
sensitivity,B2_beta_0.95,0.95,43,tum_fr2_xyz,0.2,0.11156393587589264,0.19038072228431702,0.5860043426520791,0.6105264305142744
sensitivity,B2_beta_0.95,0.95,43,tum_fr2_xyz,0.4,0.1743624210357666,0.337510347366333,0.5166135415705599,0.6146891376738399
sensitivity,B2_beta_0.95,0.95,43,tum_fr2_xyz,0.6,0.3364129066467285,0.3901675343513489,0.8622267831272662,0.6944254886113368
sensitivity,B2_beta_0.95,0.95,43,tum_fr2_xyz,0.8,0.427410364151001,0.47540831565856934,0.8990384498608051,0.7553583167203417
sensitivity,B2_beta_0.95,0.95,44,tum_fr1_desk_val,0.1,0.14109469950199127,0.17743204534053802,0.7952041091514949,0.8147149091414477
sensitivity,B2_beta_0.95,0.95,44,tum_fr1_desk_val,0.2,0.14475798606872559,0.22170570492744446,0.6529285278735335,0.7987894454097452
sensitivity,B2_beta_0.95,0.95,44,tum_fr1_desk_val,0.4,0.2404797226190567,0.36898475885391235,0.6517334668474267,0.8130371777404335
sensitivity,B2_beta_0.95,0.95,44,tum_fr1_desk_val,0.6,0.3367002010345459,0.5344743728637695,0.6299650868774497,0.8482986585031995
sensitivity,B2_beta_0.95,0.95,44,tum_fr1_desk_val,0.8,0.398575097322464,0.5601627826690674,0.7115344013181073,0.8613265956111419
sensitivity,B2_beta_0.95,0.95,44,tum_fr2_xyz,0.1,0.0445224829018116,0.10548802465200424,0.4220619243565146,0.6978921549314896
sensitivity,B2_beta_0.95,0.95,44,tum_fr2_xyz,0.2,0.09262783825397491,0.19699403643608093,0.4702062825235181,0.7505686417342127
sensitivity,B2_beta_0.95,0.95,44,tum_fr2_xyz,0.4,0.16191869974136353,0.302217960357666,0.5357679410980676,0.7101945074859631
sensitivity,B2_beta_0.95,0.95,44,tum_fr2_xyz,0.6,0.29286545515060425,0.3939777612686157,0.7433552766379993,0.767183192393029
sensitivity,B2_beta_0.95,0.95,44,tum_fr2_xyz,0.8,0.37443235516548157,0.4344448447227478,0.8618639422129541,0.8091827219993286
sensitivity,B2_beta_0.95,0.95,45,tum_fr1_desk_val,0.1,0.050230249762535095,0.4239445924758911,0.11848305054288688,0.036063818213233276
sensitivity,B2_beta_0.95,0.95,45,tum_fr1_desk_val,0.2,0.2047848105430603,0.5745325684547424,0.3564372469422842,0.21587467263669502
sensitivity,B2_beta_0.95,0.95,45,tum_fr1_desk_val,0.4,0.34714680910110474,0.8934377431869507,0.38855175736956427,0.3285416957722376
sensitivity,B2_beta_0.95,0.95,45,tum_fr1_desk_val,0.6,0.584175705909729,1.0196146965026855,0.5729377010591308,0.40540431236157337
sensitivity,B2_beta_0.95,0.95,45,tum_fr1_desk_val,0.8,0.7068386077880859,1.098691701889038,0.6433457175833077,0.4586646182307532
sensitivity,B2_beta_0.95,0.95,45,tum_fr2_xyz,0.1,0.067080557346344,0.07897429913282394,0.8493972037605763,0.7744504046934164
sensitivity,B2_beta_0.95,0.95,45,tum_fr2_xyz,0.2,0.11442067474126816,0.17670920491218567,0.6475082513276326,0.7760014997797433
sensitivity,B2_beta_0.95,0.95,45,tum_fr2_xyz,0.4,0.13296814262866974,0.404036283493042,0.32909950113419606,0.8290071198518322
sensitivity,B2_beta_0.95,0.95,45,tum_fr2_xyz,0.6,0.2072892189025879,0.483527272939682,0.42870221850221085,0.8472002141897423
sensitivity,B2_beta_0.95,0.95,45,tum_fr2_xyz,0.8,0.2605910003185272,0.5111280679702759,0.5098350326465172,0.8655899487307521
sensitivity,B2_beta_0.95,0.95,46,tum_fr1_desk_val,0.1,0.03237529098987579,0.2551996409893036,0.1268625990057987,0.08947684292310551
sensitivity,B2_beta_0.95,0.95,46,tum_fr1_desk_val,0.2,0.05868542939424515,0.33358636498451233,0.175922740840269,0.13468422700475352
sensitivity,B2_beta_0.95,0.95,46,tum_fr1_desk_val,0.4,0.27877113223075867,0.5427982211112976,0.5135815046044213,0.33636984734636166
sensitivity,B2_beta_0.95,0.95,46,tum_fr1_desk_val,0.6,0.3737340569496155,0.6048338413238525,0.6179119375206781,0.3882748828284544
sensitivity,B2_beta_0.95,0.95,46,tum_fr1_desk_val,0.8,0.5269385576248169,0.6498000621795654,0.8109241291053642,0.45467853730839053
sensitivity,B2_beta_0.95,0.95,46,tum_fr2_xyz,0.1,0.028163358569145203,0.06018306314945221,0.4679614565246166,0.2903898705478911
sensitivity,B2_beta_0.95,0.95,46,tum_fr2_xyz,0.2,0.04710858315229416,0.09243206679821014,0.5096562230786789,0.3545168448659169
sensitivity,B2_beta_0.95,0.95,46,tum_fr2_xyz,0.4,0.07593094557523727,0.17216911911964417,0.4410253218070887,0.3764079671906444
sensitivity,B2_beta_0.95,0.95,46,tum_fr2_xyz,0.6,0.14152756333351135,0.23603671789169312,0.5995997512660494,0.43874269862642773
sensitivity,B2_beta_0.95,0.95,46,tum_fr2_xyz,0.8,0.14782525599002838,0.2549758553504944,0.5797617581837604,0.48788267640006894
ablation,B0,,42,tum_fr1_desk_val,0.1,0.05306234583258629,0.14877355098724365,0.35666515932314097,0.3838752839049028
ablation,B0,,42,tum_fr1_desk_val,0.2,0.1867445707321167,0.22372642159461975,0.8347005286817778,0.5320208192991787
ablation,B0,,42,tum_fr1_desk_val,0.4,0.2695666551589966,0.37412458658218384,0.7205264171926236,0.6245416387862522
ablation,B0,,42,tum_fr1_desk_val,0.6,0.3261391520500183,0.4049728810787201,0.8053357625526154,0.664056931877727
ablation,B0,,42,tum_fr1_desk_val,0.8,0.4061662256717682,0.44048771262168884,0.9220829657960807,0.6855850333293794
ablation,B0,,42,tum_fr2_xyz,0.1,0.0747782289981842,0.09468899667263031,0.7897245057888935,0.684069561018027
ablation,B0,,42,tum_fr2_xyz,0.2,0.09795888513326645,0.14344912767410278,0.6828823562245171,0.6684974309559377
ablation,B0,,42,tum_fr2_xyz,0.4,0.17530424892902374,0.23647519946098328,0.741321888787449,0.7920335621524136
ablation,B0,,42,tum_fr2_xyz,0.6,0.2073705792427063,0.23266978561878204,0.8912655752810852,0.8324207864186244
ablation,B0,,42,tum_fr2_xyz,0.8,0.18181881308555603,0.2437291443347931,0.745987133060843,0.8475569905680541
ablation,B0,,43,tum_fr1_desk_val,0.1,0.10980022698640823,0.22852715849876404,0.48046903004008507,0.6608171581395555
ablation,B0,,43,tum_fr1_desk_val,0.2,0.25844627618789673,0.3096950054168701,0.8345186823236752,0.761308313686668
ablation,B0,,43,tum_fr1_desk_val,0.4,0.30881041288375854,0.436788409948349,0.7070022893928276,0.7865471340893698
ablation,B0,,43,tum_fr1_desk_val,0.6,0.4381253719329834,0.4868185222148895,0.8999767735620793,0.8007931183068256
ablation,B0,,43,tum_fr1_desk_val,0.8,0.5197800993919373,0.5047381520271301,1.0298014663769341,0.8260563779466973
ablation,B0,,43,tum_fr2_xyz,0.1,0.04288620129227638,0.08183559775352478,0.5240530677238016,0.5655172468465169
ablation,B0,,43,tum_fr2_xyz,0.2,0.09905721247196198,0.19038072228431702,0.5203111222622501,0.547951634864068
ablation,B0,,43,tum_fr2_xyz,0.4,0.1743624210357666,0.337510347366333,0.5166135415705599,0.6112148609619906
ablation,B0,,43,tum_fr2_xyz,0.6,0.3364129066467285,0.3901675343513489,0.8622267831272662,0.6929512030852145
ablation,B0,,43,tum_fr2_xyz,0.8,0.427410364151001,0.47540831565856934,0.8990384498608051,0.7553216805359328
ablation,B0,,44,tum_fr1_desk_val,0.1,0.14109469950199127,0.17743204534053802,0.7952041091514949,0.8147149091414477
ablation,B0,,44,tum_fr1_desk_val,0.2,0.14475798606872559,0.22170570492744446,0.6529285278735335,0.7914043633755383
ablation,B0,,44,tum_fr1_desk_val,0.4,0.2404797226190567,0.36898475885391235,0.6517334668474267,0.8069708755709671
ablation,B0,,44,tum_fr1_desk_val,0.6,0.3367002010345459,0.5344743728637695,0.6299650868774497,0.8424523634048471
ablation,B0,,44,tum_fr1_desk_val,0.8,0.398575097322464,0.5601627826690674,0.7115344013181073,0.8558616594855615
ablation,B0,,44,tum_fr2_xyz,0.1,0.0445224829018116,0.10548802465200424,0.4220619243565146,0.6978921549314896
ablation,B0,,44,tum_fr2_xyz,0.2,0.09262783825397491,0.19699403643608093,0.4702062825235181,0.7505686417342127
ablation,B0,,44,tum_fr2_xyz,0.4,0.16799426078796387,0.302217960357666,0.5558711832693061,0.7156088071590471
ablation,B0,,44,tum_fr2_xyz,0.6,0.26474088430404663,0.3939777612686157,0.6719690896559369,0.7521464488424624
ablation,B0,,44,tum_fr2_xyz,0.8,0.37212857604026794,0.4344448447227478,0.8565611308200471,0.8029673213353762
ablation,B0,,45,tum_fr1_desk_val,0.1,0.050230249762535095,0.4239445924758911,0.11848305054288688,0.036063818213233276
ablation,B0,,45,tum_fr1_desk_val,0.2,0.2047848105430603,0.5745325684547424,0.3564372469422842,0.22701217237629057
ablation,B0,,45,tum_fr1_desk_val,0.4,0.40993282198905945,0.8934377431869507,0.45882639336294256,0.3661499605945405
ablation,B0,,45,tum_fr1_desk_val,0.6,0.584175705909729,1.0196146965026855,0.5729377010591308,0.4194224819464724
ablation,B0,,45,tum_fr1_desk_val,0.8,0.7868291735649109,1.098691701889038,0.7161510049184538,0.4816534545268158
ablation,B0,,45,tum_fr2_xyz,0.1,0.067080557346344,0.07897429913282394,0.8493972037605763,0.8016472515394577
ablation,B0,,45,tum_fr2_xyz,0.2,0.10885612666606903,0.17670920491218567,0.6160183933823954,0.7982894802512757
ablation,B0,,45,tum_fr2_xyz,0.4,0.13296814262866974,0.404036283493042,0.32909950113419606,0.8451522379987422
ablation,B0,,45,tum_fr2_xyz,0.6,0.21930065751075745,0.483527272939682,0.4535435026075132,0.8628964680633647
ablation,B0,,45,tum_fr2_xyz,0.8,0.2605910003185272,0.5111280679702759,0.5098350326465172,0.8782326674791466
ablation,B0,,46,tum_fr1_desk_val,0.1,0.028929123654961586,0.2551996409893036,0.11335879004072039,0.07871398267840893
ablation,B0,,46,tum_fr1_desk_val,0.2,0.05868542939424515,0.33358636498451233,0.175922740840269,0.13086360687673132
ablation,B0,,46,tum_fr1_desk_val,0.4,0.23934389650821686,0.5427982211112976,0.44094450348188546,0.29603028766045836
ablation,B0,,46,tum_fr1_desk_val,0.6,0.3744621276855469,0.6048338413238525,0.6191156908065396,0.37444650764107884
ablation,B0,,46,tum_fr1_desk_val,0.8,0.5084900259971619,0.6498000621795654,0.782533040188161,0.4213228705946023
ablation,B0,,46,tum_fr2_xyz,0.1,0.028163358569145203,0.06018306314945221,0.4679614565246166,0.32521362284317923
ablation,B0,,46,tum_fr2_xyz,0.2,0.047041866928339005,0.09243206679821014,0.5089344365921455,0.37275618576387654
ablation,B0,,46,tum_fr2_xyz,0.4,0.07365821301937103,0.17216911911964417,0.42782474068382087,0.39930463313648856
ablation,B0,,46,tum_fr2_xyz,0.6,0.14152756333351135,0.23603671789169312,0.5995997512660494,0.4594710094035349
ablation,B0,,46,tum_fr2_xyz,0.8,0.14782525599002838,0.2549758553504944,0.5797617581837604,0.5073425057884299
ablation,B2,0.9,42,tum_fr1_desk_val,0.1,0.05306234583258629,0.14877355098724365,0.35666515932314097,0.3838752839049028
ablation,B2,0.9,42,tum_fr1_desk_val,0.2,0.1867445707321167,0.22372642159461975,0.8347005286817778,0.5353709373151184
ablation,B2,0.9,42,tum_fr1_desk_val,0.4,0.26380670070648193,0.37412458658218384,0.705130598513139,0.6203145245313444
ablation,B2,0.9,42,tum_fr1_desk_val,0.6,0.3261391520500183,0.4049728810787201,0.8053357625526154,0.6660694948534839
ablation,B2,0.9,42,tum_fr1_desk_val,0.8,0.4076228439807892,0.44048771262168884,0.9253897964617608,0.6805916872128321
ablation,B2,0.9,42,tum_fr2_xyz,0.1,0.0747782289981842,0.09468899667263031,0.7897245057888935,0.684069561018027
ablation,B2,0.9,42,tum_fr2_xyz,0.2,0.09795888513326645,0.14344912767410278,0.6828823562245171,0.6684974309559377
ablation,B2,0.9,42,tum_fr2_xyz,0.4,0.16796359419822693,0.23647519946098328,0.7102799256678097,0.7933841184736002
ablation,B2,0.9,42,tum_fr2_xyz,0.6,0.17411351203918457,0.23266978561878204,0.7483288132700342,0.8339452860874934
ablation,B2,0.9,42,tum_fr2_xyz,0.8,0.18181881308555603,0.2437291443347931,0.745987133060843,0.8480810683263317
ablation,B2,0.9,43,tum_fr1_desk_val,0.1,0.12577305734157562,0.22852715849876404,0.5503636970947542,0.7259943537602894
ablation,B2,0.9,43,tum_fr1_desk_val,0.2,0.26018136739730835,0.3096950054168701,0.8401212626786612,0.795008988233768
ablation,B2,0.9,43,tum_fr1_desk_val,0.4,0.30881041288375854,0.436788409948349,0.7070022893928276,0.8117582042654732
ablation,B2,0.9,43,tum_fr1_desk_val,0.6,0.4650680124759674,0.4868185222148895,0.955321093385736,0.8236180468662458
ablation,B2,0.9,43,tum_fr1_desk_val,0.8,0.5197800993919373,0.5047381520271301,1.0298014663769341,0.8505016991101026
ablation,B2,0.9,43,tum_fr2_xyz,0.1,0.04288620129227638,0.08183559775352478,0.5240530677238016,0.5655172468465169
ablation,B2,0.9,43,tum_fr2_xyz,0.2,0.11156393587589264,0.19038072228431702,0.5860043426520791,0.6105264305142744
ablation,B2,0.9,43,tum_fr2_xyz,0.4,0.1743624210357666,0.337510347366333,0.5166135415705599,0.6152039658494624
ablation,B2,0.9,43,tum_fr2_xyz,0.6,0.3364129066467285,0.3901675343513489,0.8622267831272662,0.6946754147065118
ablation,B2,0.9,43,tum_fr2_xyz,0.8,0.427410364151001,0.47540831565856934,0.8990384498608051,0.7553566583591211
ablation,B2,0.9,44,tum_fr1_desk_val,0.1,0.14109469950199127,0.17743204534053802,0.7952041091514949,0.8147149091414477
ablation,B2,0.9,44,tum_fr1_desk_val,0.2,0.15447059273719788,0.22170570492744446,0.6967370813501583,0.8016148601910761
ablation,B2,0.9,44,tum_fr1_desk_val,0.4,0.24477484822273254,0.36898475885391235,0.6633738541106103,0.8286921476869995
ablation,B2,0.9,44,tum_fr1_desk_val,0.6,0.3367002010345459,0.5344743728637695,0.6299650868774497,0.8488864831007121
ablation,B2,0.9,44,tum_fr1_desk_val,0.8,0.398575097322464,0.5601627826690674,0.7115344013181073,0.8618888553319606
ablation,B2,0.9,44,tum_fr2_xyz,0.1,0.0445224829018116,0.10548802465200424,0.4220619243565146,0.7757347911212776
ablation,B2,0.9,44,tum_fr2_xyz,0.2,0.09262783825397491,0.19699403643608093,0.4702062825235181,0.8027804000208465
ablation,B2,0.9,44,tum_fr2_xyz,0.4,0.16191869974136353,0.302217960357666,0.5357679410980676,0.7508304460586912
ablation,B2,0.9,44,tum_fr2_xyz,0.6,0.29286545515060425,0.3939777612686157,0.7433552766379993,0.8036807601622281
ablation,B2,0.9,44,tum_fr2_xyz,0.8,0.37443235516548157,0.4344448447227478,0.8618639422129541,0.8436850123831381
ablation,B2,0.9,45,tum_fr1_desk_val,0.1,0.050230249762535095,0.4239445924758911,0.11848305054288688,0.03540039653132117
ablation,B2,0.9,45,tum_fr1_desk_val,0.2,0.2047848105430603,0.5745325684547424,0.3564372469422842,0.20870827295609698
ablation,B2,0.9,45,tum_fr1_desk_val,0.4,0.4266049265861511,0.8934377431869507,0.47748701581550984,0.34537681281764177
ablation,B2,0.9,45,tum_fr1_desk_val,0.6,0.49478572607040405,1.0196146965026855,0.48526734943588307,0.3894093690638224
ablation,B2,0.9,45,tum_fr1_desk_val,0.8,0.7068386077880859,1.098691701889038,0.6433457175833077,0.4536598826293276
ablation,B2,0.9,45,tum_fr2_xyz,0.1,0.06322695314884186,0.07897429913282394,0.8006015353993513,0.5456360525124605
ablation,B2,0.9,45,tum_fr2_xyz,0.2,0.11442067474126816,0.17670920491218567,0.6475082513276326,0.7157521560478738
ablation,B2,0.9,45,tum_fr2_xyz,0.4,0.13296814262866974,0.404036283493042,0.32909950113419606,0.7826585676659521
ablation,B2,0.9,45,tum_fr2_xyz,0.6,0.2072892189025879,0.483527272939682,0.42870221850221085,0.8076743474956728
ablation,B2,0.9,45,tum_fr2_xyz,0.8,0.2605910003185272,0.5111280679702759,0.5098350326465172,0.8296645297272084
ablation,B2,0.9,46,tum_fr1_desk_val,0.1,0.03237529098987579,0.2551996409893036,0.1268625990057987,0.08947684292310551
ablation,B2,0.9,46,tum_fr1_desk_val,0.2,0.05868542939424515,0.33358636498451233,0.175922740840269,0.1350795436054349
ablation,B2,0.9,46,tum_fr1_desk_val,0.4,0.27877113223075867,0.5427982211112976,0.5135815046044213,0.3393594471016499
ablation,B2,0.9,46,tum_fr1_desk_val,0.6,0.35308122634887695,0.6048338413238525,0.5837656499814904,0.388909574621303
ablation,B2,0.9,46,tum_fr1_desk_val,0.8,0.5976654291152954,0.6498000621795654,0.9197681790194335,0.49733592250574027
ablation,B2,0.9,46,tum_fr2_xyz,0.1,0.028163358569145203,0.06018306314945221,0.4679614565246166,0.2903898705478911
ablation,B2,0.9,46,tum_fr2_xyz,0.2,0.04710858315229416,0.09243206679821014,0.5096562230786789,0.3545168448659169
ablation,B2,0.9,46,tum_fr2_xyz,0.4,0.07593094557523727,0.17216911911964417,0.4410253218070887,0.37695804129570043
ablation,B2,0.9,46,tum_fr2_xyz,0.6,0.14152756333351135,0.23603671789169312,0.5995997512660494,0.4395225456801005
ablation,B2,0.9,46,tum_fr2_xyz,0.8,0.14782525599002838,0.2549758553504944,0.5797617581837604,0.48902713187718794
ablation,B2_static,,42,tum_fr1_desk_val,0.1,0.05306234583258629,0.14877355098724365,0.35666515932314097,0.3838752839049028
ablation,B2_static,,42,tum_fr1_desk_val,0.2,0.1867445707321167,0.22372642159461975,0.8347005286817778,0.5320208192991787
ablation,B2_static,,42,tum_fr1_desk_val,0.4,0.2695666551589966,0.37412458658218384,0.7205264171926236,0.6245416387862522
ablation,B2_static,,42,tum_fr1_desk_val,0.6,0.3261391520500183,0.4049728810787201,0.8053357625526154,0.664056931877727
ablation,B2_static,,42,tum_fr1_desk_val,0.8,0.4061662256717682,0.44048771262168884,0.9220829657960807,0.6855850333293794
ablation,B2_static,,42,tum_fr2_xyz,0.1,0.0747782289981842,0.09468899667263031,0.7897245057888935,0.684069561018027
ablation,B2_static,,42,tum_fr2_xyz,0.2,0.09795888513326645,0.14344912767410278,0.6828823562245171,0.6684974309559377
ablation,B2_static,,42,tum_fr2_xyz,0.4,0.17530424892902374,0.23647519946098328,0.741321888787449,0.7920335621524136
ablation,B2_static,,42,tum_fr2_xyz,0.6,0.2073705792427063,0.23266978561878204,0.8912655752810852,0.8324207864186244
ablation,B2_static,,42,tum_fr2_xyz,0.8,0.18181881308555603,0.2437291443347931,0.745987133060843,0.8475569905680541
ablation,B2_static,,43,tum_fr1_desk_val,0.1,0.10980022698640823,0.22852715849876404,0.48046903004008507,0.6608171581395555
ablation,B2_static,,43,tum_fr1_desk_val,0.2,0.25844627618789673,0.3096950054168701,0.8345186823236752,0.761308313686668
ablation,B2_static,,43,tum_fr1_desk_val,0.4,0.30881041288375854,0.436788409948349,0.7070022893928276,0.7865471340893698
ablation,B2_static,,43,tum_fr1_desk_val,0.6,0.4381253719329834,0.4868185222148895,0.8999767735620793,0.8007931183068256
ablation,B2_static,,43,tum_fr1_desk_val,0.8,0.5197800993919373,0.5047381520271301,1.0298014663769341,0.8260563779466973
ablation,B2_static,,43,tum_fr2_xyz,0.1,0.04288620129227638,0.08183559775352478,0.5240530677238016,0.5655172468465169
ablation,B2_static,,43,tum_fr2_xyz,0.2,0.09905721247196198,0.19038072228431702,0.5203111222622501,0.547951634864068
ablation,B2_static,,43,tum_fr2_xyz,0.4,0.1743624210357666,0.337510347366333,0.5166135415705599,0.6112148609619906
ablation,B2_static,,43,tum_fr2_xyz,0.6,0.3364129066467285,0.3901675343513489,0.8622267831272662,0.6929512030852145
ablation,B2_static,,43,tum_fr2_xyz,0.8,0.427410364151001,0.47540831565856934,0.8990384498608051,0.7553216805359328
ablation,B2_static,,44,tum_fr1_desk_val,0.1,0.14109469950199127,0.17743204534053802,0.7952041091514949,0.8147149091414477
ablation,B2_static,,44,tum_fr1_desk_val,0.2,0.14475798606872559,0.22170570492744446,0.6529285278735335,0.7914043633755383
ablation,B2_static,,44,tum_fr1_desk_val,0.4,0.2404797226190567,0.36898475885391235,0.6517334668474267,0.8069708755709671
ablation,B2_static,,44,tum_fr1_desk_val,0.6,0.3367002010345459,0.5344743728637695,0.6299650868774497,0.8424523634048471
ablation,B2_static,,44,tum_fr1_desk_val,0.8,0.398575097322464,0.5601627826690674,0.7115344013181073,0.8558616594855615
ablation,B2_static,,44,tum_fr2_xyz,0.1,0.0445224829018116,0.10548802465200424,0.4220619243565146,0.6978921549314896
ablation,B2_static,,44,tum_fr2_xyz,0.2,0.09262783825397491,0.19699403643608093,0.4702062825235181,0.7505686417342127
ablation,B2_static,,44,tum_fr2_xyz,0.4,0.16799426078796387,0.302217960357666,0.5558711832693061,0.7156088071590471
ablation,B2_static,,44,tum_fr2_xyz,0.6,0.26474088430404663,0.3939777612686157,0.6719690896559369,0.7521464488424624
ablation,B2_static,,44,tum_fr2_xyz,0.8,0.37212857604026794,0.4344448447227478,0.8565611308200471,0.8029673213353762
ablation,B2_static,,45,tum_fr1_desk_val,0.1,0.050230249762535095,0.4239445924758911,0.11848305054288688,0.036063818213233276
ablation,B2_static,,45,tum_fr1_desk_val,0.2,0.2047848105430603,0.5745325684547424,0.3564372469422842,0.22701217237629057
ablation,B2_static,,45,tum_fr1_desk_val,0.4,0.40993282198905945,0.8934377431869507,0.45882639336294256,0.3661499605945405
ablation,B2_static,,45,tum_fr1_desk_val,0.6,0.584175705909729,1.0196146965026855,0.5729377010591308,0.4194224819464724
ablation,B2_static,,45,tum_fr1_desk_val,0.8,0.7868291735649109,1.098691701889038,0.7161510049184538,0.4816534545268158
ablation,B2_static,,45,tum_fr2_xyz,0.1,0.067080557346344,0.07897429913282394,0.8493972037605763,0.8016472515394577
ablation,B2_static,,45,tum_fr2_xyz,0.2,0.10885612666606903,0.17670920491218567,0.6160183933823954,0.7982894802512757
ablation,B2_static,,45,tum_fr2_xyz,0.4,0.13296814262866974,0.404036283493042,0.32909950113419606,0.8451522379987422
ablation,B2_static,,45,tum_fr2_xyz,0.6,0.21930065751075745,0.483527272939682,0.4535435026075132,0.8628964680633647
ablation,B2_static,,45,tum_fr2_xyz,0.8,0.2605910003185272,0.5111280679702759,0.5098350326465172,0.8782326674791466
ablation,B2_static,,46,tum_fr1_desk_val,0.1,0.028929123654961586,0.2551996409893036,0.11335879004072039,0.07871398267840893
ablation,B2_static,,46,tum_fr1_desk_val,0.2,0.05868542939424515,0.33358636498451233,0.175922740840269,0.13086360687673132
ablation,B2_static,,46,tum_fr1_desk_val,0.4,0.23934389650821686,0.5427982211112976,0.44094450348188546,0.29603028766045836
ablation,B2_static,,46,tum_fr1_desk_val,0.6,0.3744621276855469,0.6048338413238525,0.6191156908065396,0.37444650764107884
ablation,B2_static,,46,tum_fr1_desk_val,0.8,0.5084900259971619,0.6498000621795654,0.782533040188161,0.4213228705946023
ablation,B2_static,,46,tum_fr2_xyz,0.1,0.028163358569145203,0.06018306314945221,0.4679614565246166,0.32521362284317923
ablation,B2_static,,46,tum_fr2_xyz,0.2,0.047041866928339005,0.09243206679821014,0.5089344365921455,0.37275618576387654
ablation,B2_static,,46,tum_fr2_xyz,0.4,0.07365821301937103,0.17216911911964417,0.42782474068382087,0.39930463313648856
ablation,B2_static,,46,tum_fr2_xyz,0.6,0.14152756333351135,0.23603671789169312,0.5995997512660494,0.4594710094035349
ablation,B2_static,,46,tum_fr2_xyz,0.8,0.14782525599002838,0.2549758553504944,0.5797617581837604,0.5073425057884299
