beta,seed,domain,n_candidates,spearman_rho,spearman_pval,pearson_r,ndcg_20pct,ose_20pct,regret_20pct,dq_10pct,dq_20pct,dq_40pct,dq_60pct,dq_80pct,d_norm,mu_shift,sigma_shift,t_ema_ms,t_infer_ms,t_selection_ms,t_total_ms
0.8,42,tum_fr1_desk_val,40,0.3575984990619137,0.02348658628256184,0.2836386561393738,0.541391219043127,0.8347005286817778,0.03698185086250305,0.05306234583258629,0.1867445707321167,0.258422315120697,0.32290804386138916,0.4076228439807892,0.680030107498169,6.476266384124756,7.3117170333862305,0.08657400030642748,0.487904002511641,4.078751000633929,4.653229003451997
0.8,42,tum_fr2_xyz,40,0.46341463414634154,0.002599607407110345,0.3846738338470459,0.6701175308392764,0.5273044166429476,0.06780776381492615,0.0747782289981842,0.07564136385917664,0.17335668206214905,0.1754675805568695,0.18181881308555603,0.6232602596282959,5.768312454223633,3.7827563285827637,0.13161199967726134,0.6259209985728376,2.8881540019938257,3.6456870002439246
0.8,43,tum_fr1_desk_val,40,0.44840525328330205,0.003709545334327634,0.513575553894043,0.5425048735437473,0.5092958213630072,0.15196862816810608,0.12577305734157562,0.15772637724876404,0.32953977584838867,0.4562920331954956,0.5197800993919373,0.2198217809200287,1.7819173336029053,5.524752140045166,0.0693340007273946,0.3964339994126931,2.1958650031592697,2.6616330032993574
0.8,43,tum_fr2_xyz,40,0.249718574108818,0.12018128339071224,0.2502610981464386,0.6199589345205854,0.5997467326848257,0.07620050013065338,0.04288620129227638,0.11418022215366364,0.1743624210357666,0.3364129066467285,0.4134129583835602,0.5731950402259827,5.006926536560059,10.233649253845215,0.06659900100203231,0.2888390008592978,1.6108659983729012,1.9663040002342314
0.8,44,tum_fr1_desk_val,40,0.3416510318949344,0.03095378277623839,0.5370414853096008,0.7459885031752155,1.0261358641336653,-0.0057944804430007935,0.14109469950199127,0.22750018537044525,0.24477484822273254,0.40086829662323,0.404529869556427,0.4667719900608063,4.383055686950684,10.986788749694824,0.055223001254489645,0.2058629979728721,1.6647240008751396,1.9258100001025014
0.8,44,tum_fr2_xyz,40,0.33245778611632276,0.03608166164451033,0.4679555594921112,0.7797611662128205,0.4702062825235181,0.10436619818210602,0.031851787120103836,0.09262783825397491,0.16232550144195557,0.2633393108844757,0.37443235516548157,0.1521727442741394,0.8234460353851318,1.1137341260910034,0.05938899994362146,0.2726480015553534,1.6869729988684412,2.019010000367416
0.8,45,tum_fr1_desk_val,40,-0.016885553470919325,0.9176340384640626,0.07538720220327377,0.1829024777741195,0.3691153022616972,0.3624638020992279,0.050230249762535095,0.21206876635551453,0.4266049265861511,0.5926438570022583,0.8611708879470825,0.3114224076271057,2.433638572692871,5.793519496917725,0.054337000619852915,0.23654200049350038,1.60146099733538,1.8923399984487332
0.8,45,tum_fr2_xyz,40,0.20356472795497188,0.20771549014294044,0.2914015054702759,0.660236800675714,0.5685561584672741,0.07624009251594543,0.07172703742980957,0.10046911239624023,0.14840568602085114,0.22006621956825256,0.23479357361793518,0.27501800656318665,1.9570492506027222,9.341463088989258,0.05491900083143264,0.22806599736213684,1.7205920012202114,2.003576999413781
0.8,46,tum_fr1_desk_val,40,-0.09699812382739213,0.5515603045648172,0.11699489504098892,0.15359946376494366,0.2608598359384746,0.24656707793474197,0.03237529098987579,0.08701928704977036,0.26414260268211365,0.35308122634887695,0.5976654291152954,0.46544769406318665,3.9861996173858643,1.5041366815567017,0.05760199928772636,0.26150700068683363,1.5460610011359677,1.8651700011105277
0.8,46,tum_fr2_xyz,40,0.0628517823639775,0.7000256231980622,-0.26943719387054443,0.34685597693514053,0.471104062824879,0.04888693988323212,0.024367643520236015,0.04354512691497803,0.07593094557523727,0.14152756333351135,0.1495063304901123,0.3026127219200134,2.1481809616088867,2.9044623374938965,0.053157000365899876,0.2855499988072552,1.590931999089662,1.929638998262817
0.9,42,tum_fr1_desk_val,40,0.4080675422138837,0.008951853105400982,0.2753061354160309,0.5353709373151184,0.8347005286817778,0.03698185086250305,0.05306234583258629,0.1867445707321167,0.26380670070648193,0.3261391520500183,0.4076228439807892,0.34001433849334717,3.2381255626678467,3.6558585166931152,0.05832099850522354,0.23501400210079737,1.7008489994623233,1.9941840000683442
0.9,42,tum_fr2_xyz,40,0.45966228893058164,0.0028454981777393477,0.3678968548774719,0.6684974309559377,0.6828823562245171,0.045490242540836334,0.0747782289981842,0.09795888513326645,0.16796359419822693,0.17411351203918457,0.18181881308555603,0.3116290867328644,2.8841447830200195,1.8913781642913818,0.05468499875860289,0.21482099691638723,1.5527739997196477,1.8222799953946378
0.9,43,tum_fr1_desk_val,40,0.4643527204502815,0.0025411277747663798,0.539492130279541,0.795008988233768,0.8401212626786612,0.04951363801956177,0.12577305734157562,0.26018136739730835,0.30881041288375854,0.4650680124759674,0.5197800993919373,0.10991017520427704,0.8909512162208557,2.762376070022583,0.0543610003660433,0.22272099886322394,1.5880619976087473,1.8651439968380146
0.9,43,tum_fr2_xyz,40,0.22851782363977488,0.15610608278787994,0.2360963225364685,0.6105264305142744,0.5860043426520791,0.07881678640842438,0.04288620129227638,0.11156393587589264,0.1743624210357666,0.3364129066467285,0.427410364151001,0.28659722208976746,2.5034594535827637,5.116820335388184,0.05548799890675582,0.2546869982325006,1.5717839996796101,1.8819589968188666
0.9,44,tum_fr1_desk_val,40,0.29174484052532834,0.06775810252566332,0.5148946642875671,0.8016148601910761,0.6967370813501583,0.06723511219024658,0.14109469950199127,0.15447059273719788,0.24477484822273254,0.3367002010345459,0.398575097322464,0.23338526487350464,2.1915204524993896,5.493398189544678,0.0542029993084725,0.1861969976744149,2.282983001350658,2.5233829983335454
0.9,44,tum_fr2_xyz,40,0.34333958724202635,0.030080596152322735,0.45883283019065857,0.8027804000208465,0.4702062825235181,0.10436619818210602,0.0445224829018116,0.09262783825397491,0.16191869974136353,0.29286545515060425,0.37443235516548157,0.07608713954687119,0.4117276072502136,0.5568654537200928,0.09624900121707469,0.41026800317922607,2.014581001276383,2.521098005672684
0.9,45,tum_fr1_desk_val,40,-0.04465290806754222,0.7843989449011584,0.09389802813529968,0.20870827295609698,0.3564372469422842,0.36974775791168213,0.050230249762535095,0.2047848105430603,0.4266049265861511,0.49478572607040405,0.7068386077880859,0.15571020543575287,1.2168081998825073,2.8967559337615967,0.054044001444708556,0.26233600146952085,1.6494299998157658,1.9658100027299952
0.9,45,tum_fr2_xyz,40,0.2433395872420263,0.13026454283231093,0.32147055864334106,0.7157521560478738,0.6475082513276326,0.06228853017091751,0.06322695314884186,0.11442067474126816,0.13296814262866974,0.2072892189025879,0.2605910003185272,0.137508362531662,0.9785178303718567,4.670731544494629,0.05576799958362244,0.2620409977680538,1.6390320015489124,1.9568409989005886
0.9,46,tum_fr1_desk_val,40,-0.11500938086303941,0.47977274206873655,0.08429361134767532,0.1350795436054349,0.175922740840269,0.2749009355902672,0.03237529098987579,0.05868542939424515,0.27877113223075867,0.35308122634887695,0.5976654291152954,0.2327231913805008,1.9930922985076904,0.7520707249641418,0.0579169973207172,0.25506000019959174,1.6506730025867,1.963650000107009
0.9,46,tum_fr2_xyz,40,0.04371482176360226,0.7888242303415803,-0.3083796501159668,0.3545168448659169,0.5096562230786789,0.045323483645915985,0.028163358569145203,0.04710858315229416,0.07593094557523727,0.14152756333351135,0.14782525599002838,0.1513056457042694,1.0740834474563599,1.4522342681884766,0.05624799814540893,0.2602029999252409,1.599699000507826,1.9161499985784758
0.95,42,tum_fr1_desk_val,40,0.4123827392120076,0.00818695055443484,0.27144765853881836,0.5353709373151184,0.8347005286817778,0.03698185086250305,0.05306234583258629,0.1867445707321167,0.2695666551589966,0.3261391520500183,0.4076228439807892,0.17000748217105865,1.6190664768218994,1.827921748161316,0.054661999456584454,0.2310150011908263,1.6056919994298369,1.8913690000772476
0.95,42,tum_fr2_xyz,40,0.45178236397748606,0.0034290561109604663,0.3613986670970917,0.6684974309559377,0.6828823562245171,0.045490242540836334,0.0747782289981842,0.09795888513326645,0.17530424892902374,0.2073705792427063,0.18181881308555603,0.15581528842449188,1.442080020904541,0.9456817507743835,0.0532020021637436,0.32860899955267087,1.5714969995315187,1.9533080012479331
0.95,43,tum_fr1_desk_val,40,0.4467166979362102,0.003857146449512124,0.5523895621299744,0.7908820151151358,0.8345186823236752,0.05124872922897339,0.10980022698640823,0.25844627618789673,0.30881041288375854,0.4650680124759674,0.5197800993919373,0.05495510250329971,0.44547560811042786,1.381187915802002,0.054489999456563964,0.22793300013290718,1.5109809974092059,1.793403996998677
0.95,43,tum_fr2_xyz,40,0.22495309568480304,0.16284253121694395,0.23699915409088135,0.6105264305142744,0.5860043426520791,0.07881678640842438,0.04288620129227638,0.11156393587589264,0.1743624210357666,0.3364129066467285,0.427410364151001,0.14329896867275238,1.2517335414886475,2.558410167694092,0.054045001888880506,0.19886099835275672,1.5408939980261493,1.7937999982677866
0.95,44,tum_fr1_desk_val,40,0.2692307692307693,0.09296706732970737,0.4994860291481018,0.7987894454097452,0.6529285278735335,0.07694771885871887,0.14109469950199127,0.14475798606872559,0.2404797226190567,0.3367002010345459,0.398575097322464,0.1166929230093956,1.095763921737671,2.7466952800750732,0.05224499909672886,0.19138099742121994,1.5946950006764382,1.838320997194387
0.95,44,tum_fr2_xyz,40,0.351219512195122,0.026269987173822028,0.4502946436405182,0.7505686417342127,0.4702062825235181,0.10436619818210602,0.0445224829018116,0.09262783825397491,0.16191869974136353,0.29286545515060425,0.37443235516548157,0.038043513894081116,0.2058635950088501,0.27843254804611206,0.06272999962675385,0.22390400044969283,1.6765360014687758,1.9631700015452225
0.95,45,tum_fr1_desk_val,40,-0.03133208255159475,0.8478011248622941,0.099443718791008,0.21587467263669502,0.3564372469422842,0.36974775791168213,0.050230249762535095,0.2047848105430603,0.34714680910110474,0.584175705909729,0.7068386077880859,0.07785537093877792,0.608407735824585,1.4483741521835327,0.0576940001337789,0.23824899835744873,1.7180909999297,2.0140339984209277
0.95,45,tum_fr2_xyz,40,0.27936210131332084,0.0808526019530224,0.3341366946697235,0.7760014997797433,0.6475082513276326,0.06228853017091751,0.067080557346344,0.11442067474126816,0.13296814262866974,0.2072892189025879,0.2605910003185272,0.06875410676002502,0.4892587959766388,2.335362195968628,0.05556299947784282,0.2797429988277145,1.6881449992069975,2.0234509975125547
0.95,46,tum_fr1_desk_val,40,-0.14258911819887432,0.3800993262677639,0.06913360953330994,0.13468422700475352,0.175922740840269,0.2749009355902672,0.03237529098987579,0.05868542939424515,0.27877113223075867,0.3737340569496155,0.5269385576248169,0.11636161804199219,0.9965461492538452,0.3760378956794739,0.05439300002763048,0.20213599782437086,1.5524760019616224,1.8090049998136237
0.95,46,tum_fr2_xyz,40,0.02213883677298312,0.8921416078965296,-0.32628047466278076,0.3545168448659169,0.5096562230786789,0.045323483645915985,0.028163358569145203,0.04710858315229416,0.07593094557523727,0.14152756333351135,0.14782525599002838,0.07565315067768097,0.5370452404022217,0.7261102795600891,0.0614119999227114,0.377480002498487,2.74553700000979,3.1844290024309885
