config,base_type,beta,seed,domain,step,frame,n_samples,latency_ms,t_norm_per_cand_us,d_norm,mu_l2_shift,sigma_l2_shift,mean_mu,mean_sigma,overlap_20,per_frame_rho
B0,A1_standard,0.0,42,tum_fr1_desk_val,0,45,125,0.021452997316373512,0.1716239785309881,0.0,0.0,0.0,9.395514488220215,11.994841575622559,1.0,0.07788018433179723
B0,A1_standard,0.0,42,tum_fr1_desk_val,1,55,125,0.037881000025663525,0.3030480002053082,0.0,0.0,0.0,9.395514488220215,11.994841575622559,0.16,0.17858678955453147
B2_static,A1_b2_static_start,0.0,42,tum_fr1_desk_val,0,45,125,0.025320001441286877,0.20256001153029501,0.0,0.0,0.0,9.395514488220215,11.994841575622559,1.0,0.07788018433179723
B2_static,A1_b2_static_start,0.0,42,tum_fr1_desk_val,1,55,125,0.027846999728353694,0.22277599782682955,0.0,0.0,0.0,9.395514488220215,11.994841575622559,0.16,0.17858678955453147
B2_beta_0.80,A1_online_adaptive,0.8,42,tum_fr1_desk_val,0,45,125,0.06744699931005016,0.5395759944804013,0.21567964553833008,1.9011324644088745,6.520971298217773,9.18838119506836,11.278462409973145,1.0,0.09622734254992318
B2_beta_0.80,A1_online_adaptive,0.8,42,tum_fr1_desk_val,1,55,125,0.07961599840200506,0.6369279872160405,0.18120163679122925,1.5243775844573975,2.498765707015991,9.365828514099121,11.56974983215332,0.16,0.14309677419354835
B2_beta_0.90,A1_online_adaptive,0.9,42,tum_fr1_desk_val,0,45,125,0.0673829999868758,0.5390639998950064,0.10784061253070831,0.9505739212036133,3.2604856491088867,9.291945457458496,11.636651039123535,1.0,0.08344086021505376
B2_beta_0.90,A1_online_adaptive,0.9,42,tum_fr1_desk_val,1,55,125,0.09884600149234757,0.7907680119387805,0.08029861003160477,0.6676039099693298,0.9246285557746887,9.370312690734863,11.746475219726562,0.16,0.1589185867895545
B2_beta_0.95,A1_online_adaptive,0.95,42,tum_fr1_desk_val,0,45,125,0.0835230021039024,0.6681840168312192,0.05392026901245117,0.47528690099716187,1.6302467584609985,9.343729019165039,11.815744400024414,1.0,0.08130875576036865
B2_beta_0.95,A1_online_adaptive,0.95,42,tum_fr1_desk_val,1,55,125,0.0849839998409152,0.6798719987273216,0.037573594599962234,0.3101811110973358,0.381337970495224,9.380324363708496,11.861702919006348,0.16,0.17083870967741932
B0,A1_standard,0.0,42,tum_fr2_xyz,0,10,125,0.02728099934756756,0.21824799478054047,0.0,0.0,0.0,9.395514488220215,11.994841575622559,1.0,0.021775729646697384
B0,A1_standard,0.0,42,tum_fr2_xyz,1,20,125,0.032203999580815434,0.2576319966465235,0.0,0.0,0.0,9.395514488220215,11.994841575622559,0.24,0.1164731182795699
B2_static,A1_b2_static_start,0.0,42,tum_fr2_xyz,0,10,125,0.02447299993946217,0.19578399951569736,0.0,0.0,0.0,9.395514488220215,11.994841575622559,1.0,0.021775729646697384
B2_static,A1_b2_static_start,0.0,42,tum_fr2_xyz,1,20,125,0.030383998819161206,0.24307199055328965,0.0,0.0,0.0,9.395514488220215,11.994841575622559,0.24,0.1164731182795699
B2_beta_0.80,A1_online_adaptive,0.8,42,tum_fr2_xyz,0,10,125,0.10996799755957909,0.8797439804766327,0.3813023865222931,2.4777064323425293,9.407289505004883,9.146468162536621,11.189569473266602,1.0,0.023023041474654376
B2_beta_0.80,A1_online_adaptive,0.8,42,tum_fr2_xyz,1,20,125,0.1051439976436086,0.8411519811488688,0.16080641746520996,1.0133399963378906,2.077890157699585,9.207892417907715,11.348276138305664,0.24,0.25886943164362514
B2_beta_0.90,A1_online_adaptive,0.9,42,tum_fr2_xyz,0,10,125,0.07036399983917363,0.562911998713389,0.19065198302268982,1.2388601303100586,4.703644752502441,9.270989418029785,11.592205047607422,1.0,0.013867895545314896
B2_beta_0.90,A1_online_adaptive,0.9,42,tum_fr2_xyz,1,20,125,0.08362700100406073,0.6690160080324858,0.07653126120567322,0.4506065547466278,0.7078193426132202,9.289249420166016,11.631295204162598,0.24,0.2124669738863287
B2_beta_0.95,A1_online_adaptive,0.95,42,tum_fr2_xyz,0,10,125,0.06726700303261168,0.5381360242608935,0.09532594680786133,0.6194300055503845,2.3518259525299072,9.333250999450684,11.793523788452148,1.0,0.02460829493087557
B2_beta_0.95,A1_online_adaptive,0.95,42,tum_fr2_xyz,1,20,125,0.07940900104586035,0.6352720083668828,0.03729776665568352,0.21663516759872437,0.30730482935905457,9.339268684387207,11.80300235748291,0.24,0.1655668202764977
B0,A1_standard,0.0,43,tum_fr1_desk_val,0,45,125,0.02605500048957765,0.2084400039166212,0.0,0.0,0.0,9.395514488220215,11.994841575622559,1.0,0.31031029185867887
B0,A1_standard,0.0,43,tum_fr1_desk_val,1,55,125,0.03927199941244908,0.3141759952995926,0.0,0.0,0.0,9.395514488220215,11.994841575622559,0.0,0.29832258064516126
B2_static,A1_b2_static_start,0.0,43,tum_fr1_desk_val,0,45,125,0.02363599924137816,0.18908799393102527,0.0,0.0,0.0,9.395514488220215,11.994841575622559,1.0,0.31031029185867887
B2_static,A1_b2_static_start,0.0,43,tum_fr1_desk_val,1,55,125,0.029202998121036217,0.23362398496828973,0.0,0.0,0.0,9.395514488220215,11.994841575622559,0.0,0.29832258064516126
B2_beta_0.80,A1_online_adaptive,0.8,43,tum_fr1_desk_val,0,45,125,0.06549699901370332,0.5239759921096265,0.21567964553833008,1.9011324644088745,6.520971298217773,9.18838119506836,11.278462409973145,1.0,0.2724976958525345
B2_beta_0.80,A1_online_adaptive,0.8,43,tum_fr1_desk_val,1,55,125,0.08149199857143685,0.6519359885714948,0.18120163679122925,1.5243775844573975,2.498765707015991,9.365828514099121,11.56974983215332,0.04,0.25800307219662055
B2_beta_0.90,A1_online_adaptive,0.9,43,tum_fr1_desk_val,0,45,125,0.5901950025872793,4.721560020698234,0.10784061253070831,0.9505739212036133,3.2604856491088867,9.291945457458496,11.636651039123535,1.0,0.2876251920122887
B2_beta_0.90,A1_online_adaptive,0.9,43,tum_fr1_desk_val,1,55,125,0.1265479986614082,1.0123839892912656,0.08029861003160477,0.6676039099693298,0.9246285557746887,9.370312690734863,11.746475219726562,0.04,0.27760983102918585
B2_beta_0.95,A1_online_adaptive,0.95,43,tum_fr1_desk_val,0,45,125,0.08005899871932343,0.6404719897545874,0.05392026901245117,0.47528690099716187,1.6302467584609985,9.343729019165039,11.815744400024414,1.0,0.2991827956989247
B2_beta_0.95,A1_online_adaptive,0.95,43,tum_fr1_desk_val,1,55,125,0.10207499872194603,0.8165999897755682,0.037573594599962234,0.3101811110973358,0.381337970495224,9.380324363708496,11.861702919006348,0.04,0.2857081413210445
B0,A1_standard,0.0,43,tum_fr2_xyz,0,10,125,0.02870800017262809,0.22966400138102472,0.0,0.0,0.0,9.395514488220215,11.994841575622559,1.0,0.08918586789554529
B0,A1_standard,0.0,43,tum_fr2_xyz,1,20,125,0.03548400127328932,0.2838720101863146,0.0,0.0,0.0,9.395514488220215,11.994841575622559,0.28,0.0504700460829493
B2_static,A1_b2_static_start,0.0,43,tum_fr2_xyz,0,10,125,0.02825399860739708,0.22603198885917664,0.0,0.0,0.0,9.395514488220215,11.994841575622559,1.0,0.08918586789554529
B2_static,A1_b2_static_start,0.0,43,tum_fr2_xyz,1,20,125,0.030535000405507162,0.2442800032440573,0.0,0.0,0.0,9.395514488220215,11.994841575622559,0.28,0.0504700460829493
B2_beta_0.80,A1_online_adaptive,0.8,43,tum_fr2_xyz,0,10,125,0.07271099821082316,0.5816879856865853,0.3813023865222931,2.4777064323425293,9.407289505004883,9.146468162536621,11.189569473266602,1.0,0.16054685099846389
B2_beta_0.80,A1_online_adaptive,0.8,43,tum_fr2_xyz,1,20,125,0.1361860013275873,1.0894880106206983,0.16080641746520996,1.0133399963378906,2.077890157699585,9.207892417907715,11.348276138305664,0.28,0.07995698924731182
B2_beta_0.90,A1_online_adaptive,0.9,43,tum_fr2_xyz,0,10,125,0.07086800178512931,0.5669440142810345,0.19065198302268982,1.2388601303100586,4.703644752502441,9.270989418029785,11.592205047607422,1.0,0.16282642089093702
B2_beta_0.90,A1_online_adaptive,0.9,43,tum_fr2_xyz,1,20,125,0.08352299846592359,0.6681839877273887,0.07653126120567322,0.4506065547466278,0.7078193426132202,9.289249420166016,11.631295204162598,0.32,0.10796313364055297
B2_beta_0.95,A1_online_adaptive,0.95,43,tum_fr2_xyz,0,10,125,0.066230000811629,0.529840006493032,0.09532594680786133,0.6194300055503845,2.3518259525299072,9.333250999450684,11.793523788452148,1.0,0.13009523809523807
B2_beta_0.95,A1_online_adaptive,0.95,43,tum_fr2_xyz,1,20,125,0.08266900113085285,0.6613520090468228,0.03729776665568352,0.21663516759872437,0.30730482935905457,9.339268684387207,11.80300235748291,0.28,0.07270046082949308
B0,A1_standard,0.0,44,tum_fr1_desk_val,0,45,125,0.04205799996270798,0.33646399970166385,0.0,0.0,0.0,9.395514488220215,11.994841575622559,1.0,0.32312749615975417
B0,A1_standard,0.0,44,tum_fr1_desk_val,1,55,125,0.05328699990059249,0.42629599920473993,0.0,0.0,0.0,9.395514488220215,11.994841575622559,0.12,0.3500399385560675
B2_static,A1_b2_static_start,0.0,44,tum_fr1_desk_val,0,45,125,0.025449000531807542,0.20359200425446033,0.0,0.0,0.0,9.395514488220215,11.994841575622559,1.0,0.32312749615975417
B2_static,A1_b2_static_start,0.0,44,tum_fr1_desk_val,1,55,125,0.027970996598014608,0.22376797278411686,0.0,0.0,0.0,9.395514488220215,11.994841575622559,0.12,0.3500399385560675
B2_beta_0.80,A1_online_adaptive,0.8,44,tum_fr1_desk_val,0,45,125,0.06751299952156842,0.5401039961725473,0.21567964553833008,1.9011324644088745,6.520971298217773,9.18838119506836,11.278462409973145,1.0,0.34113671274961593
B2_beta_0.80,A1_online_adaptive,0.8,44,tum_fr1_desk_val,1,55,125,0.07620299948030151,0.6096239958424121,0.18120163679122925,1.5243775844573975,2.498765707015991,9.365828514099121,11.56974983215332,0.08,0.36784024577572955
B2_beta_0.90,A1_online_adaptive,0.9,44,tum_fr1_desk_val,0,45,125,0.07221399937407114,0.5777119949925691,0.10784061253070831,0.9505739212036133,3.2604856491088867,9.291945457458496,11.636651039123535,1.0,0.32957910906298
B2_beta_0.90,A1_online_adaptive,0.9,44,tum_fr1_desk_val,1,55,125,0.08998100020107813,0.719848001608625,0.08029861003160477,0.6676039099693298,0.9246285557746887,9.370312690734863,11.746475219726562,0.08,0.3620768049155145
B2_beta_0.95,A1_online_adaptive,0.95,44,tum_fr1_desk_val,0,45,125,0.07143499897210859,0.5714799917768687,0.05392026901245117,0.47528690099716187,1.6302467584609985,9.343729019165039,11.815744400024414,1.0,0.32764362519201223
B2_beta_0.95,A1_online_adaptive,0.95,44,tum_fr1_desk_val,1,55,125,0.08078199971350841,0.6462559977080673,0.037573594599962234,0.3101811110973358,0.381337970495224,9.380324363708496,11.861702919006348,0.08,0.3575299539170506
B0,A1_standard,0.0,44,tum_fr2_xyz,0,10,125,0.028146998374722898,0.22517598699778318,0.0,0.0,0.0,9.395514488220215,11.994841575622559,1.0,0.3883932411674347
B0,A1_standard,0.0,44,tum_fr2_xyz,1,20,125,0.03205399843864143,0.25643198750913143,0.0,0.0,0.0,9.395514488220215,11.994841575622559,0.2,0.33541013824884786
B2_static,A1_b2_static_start,0.0,44,tum_fr2_xyz,0,10,125,0.027692000003298745,0.22153600002638996,0.0,0.0,0.0,9.395514488220215,11.994841575622559,1.0,0.3883932411674347
B2_static,A1_b2_static_start,0.0,44,tum_fr2_xyz,1,20,125,0.05844199768034741,0.4675359814427793,0.0,0.0,0.0,9.395514488220215,11.994841575622559,0.2,0.33541013824884786
B2_beta_0.80,A1_online_adaptive,0.8,44,tum_fr2_xyz,0,10,125,0.08544700176571496,0.6835760141257197,0.3813023865222931,2.4777064323425293,9.407289505004883,9.146468162536621,11.189569473266602,1.0,0.5532288786482334
B2_beta_0.80,A1_online_adaptive,0.8,44,tum_fr2_xyz,1,20,125,0.07930600258987397,0.6344480207189918,0.16080641746520996,1.0133399963378906,2.077890157699585,9.207892417907715,11.348276138305664,0.2,0.286900153609831
B2_beta_0.90,A1_online_adaptive,0.9,44,tum_fr2_xyz,0,10,125,0.06798500180593692,0.5438800144474953,0.19065198302268982,1.2388601303100586,4.703644752502441,9.270989418029785,11.592205047607422,1.0,0.4921167434715821
B2_beta_0.90,A1_online_adaptive,0.9,44,tum_fr2_xyz,1,20,125,0.07907400140538812,0.6325920112431049,0.07653126120567322,0.4506065547466278,0.7078193426132202,9.289249420166016,11.631295204162598,0.24,0.3178187403993855
B2_beta_0.95,A1_online_adaptive,0.95,44,tum_fr2_xyz,0,10,125,0.06781799675081857,0.5425439740065485,0.09532594680786133,0.6194300055503845,2.3518259525299072,9.333250999450684,11.793523788452148,1.0,0.43657757296466965
B2_beta_0.95,A1_online_adaptive,0.95,44,tum_fr2_xyz,1,20,125,0.08711600094102323,0.6969280075281858,0.03729776665568352,0.21663516759872437,0.30730482935905457,9.339268684387207,11.80300235748291,0.24,0.32286943164362514
B0,A1_standard,0.0,45,tum_fr1_desk_val,0,45,125,0.028932001441717148,0.23145601153373718,0.0,0.0,0.0,9.395514488220215,11.994841575622559,1.0,0.09581566820276496
B0,A1_standard,0.0,45,tum_fr1_desk_val,1,55,125,0.031668001611251384,0.25334401289001107,0.0,0.0,0.0,9.395514488220215,11.994841575622559,0.16,0.13517050691244237
B2_static,A1_b2_static_start,0.0,45,tum_fr1_desk_val,0,45,125,0.02405499981250614,0.19243999850004911,0.0,0.0,0.0,9.395514488220215,11.994841575622559,1.0,0.09581566820276496
B2_static,A1_b2_static_start,0.0,45,tum_fr1_desk_val,1,55,125,0.029460999940056354,0.23568799952045083,0.0,0.0,0.0,9.395514488220215,11.994841575622559,0.16,0.13517050691244237
B2_beta_0.80,A1_online_adaptive,0.8,45,tum_fr1_desk_val,0,45,125,0.06865400064270943,0.5492320051416755,0.21567964553833008,1.9011324644088745,6.520971298217773,9.18838119506836,11.278462409973145,1.0,0.08633486943164362
B2_beta_0.80,A1_online_adaptive,0.8,45,tum_fr1_desk_val,1,55,125,0.10925199967459776,0.874015997396782,0.18120163679122925,1.5243775844573975,2.498765707015991,9.365828514099121,11.56974983215332,0.16,0.10025192012288785
B2_beta_0.90,A1_online_adaptive,0.9,45,tum_fr1_desk_val,0,45,125,0.0700229975336697,0.5601839802693576,0.10784061253070831,0.9505739212036133,3.2604856491088867,9.291945457458496,11.636651039123535,1.0,0.09083870967741933
B2_beta_0.90,A1_online_adaptive,0.9,45,tum_fr1_desk_val,1,55,125,0.0819669985503424,0.6557359884027392,0.08029861003160477,0.6676039099693298,0.9246285557746887,9.370312690734863,11.746475219726562,0.12,0.12283256528417819
B2_beta_0.95,A1_online_adaptive,0.95,45,tum_fr1_desk_val,0,45,125,0.06873700112919323,0.5498960090335459,0.05392026901245117,0.47528690099716187,1.6302467584609985,9.343729019165039,11.815744400024414,1.0,0.0972227342549923
B2_beta_0.95,A1_online_adaptive,0.95,45,tum_fr1_desk_val,1,55,125,0.11351000284776092,0.9080800227820873,0.037573594599962234,0.3101811110973358,0.381337970495224,9.380324363708496,11.861702919006348,0.12,0.13045775729646697
B0,A1_standard,0.0,45,tum_fr2_xyz,0,10,125,0.027678001060849056,0.22142400848679245,0.0,0.0,0.0,9.395514488220215,11.994841575622559,1.0,0.33537327188940086
B0,A1_standard,0.0,45,tum_fr2_xyz,1,20,125,0.03446100163273513,0.27568801306188107,0.0,0.0,0.0,9.395514488220215,11.994841575622559,0.2,0.088147465437788
B2_static,A1_b2_static_start,0.0,45,tum_fr2_xyz,0,10,125,0.02630999733810313,0.21047997870482504,0.0,0.0,0.0,9.395514488220215,11.994841575622559,1.0,0.33537327188940086
B2_static,A1_b2_static_start,0.0,45,tum_fr2_xyz,1,20,125,0.030406001314986497,0.24324801051989198,0.0,0.0,0.0,9.395514488220215,11.994841575622559,0.2,0.088147465437788
B2_beta_0.80,A1_online_adaptive,0.8,45,tum_fr2_xyz,0,10,125,0.06760199903510511,0.5408159922808409,0.3813023865222931,2.4777064323425293,9.407289505004883,9.146468162536621,11.189569473266602,1.0,0.34450998463901683
B2_beta_0.80,A1_online_adaptive,0.8,45,tum_fr2_xyz,1,20,125,0.0844509995658882,0.6756079965271056,0.16080641746520996,1.0133399963378906,2.077890157699585,9.207892417907715,11.348276138305664,0.2,0.1354838709677419
B2_beta_0.90,A1_online_adaptive,0.9,45,tum_fr2_xyz,0,10,125,0.1258550000784453,1.0068400006275624,0.19065198302268982,1.2388601303100586,4.703644752502441,9.270989418029785,11.592205047607422,1.0,0.36200307219662053
B2_beta_0.90,A1_online_adaptive,0.9,45,tum_fr2_xyz,1,20,125,0.0837600018712692,0.6700800149701536,0.07653126120567322,0.4506065547466278,0.7078193426132202,9.289249420166016,11.631295204162598,0.2,0.12396927803379415
B2_beta_0.95,A1_online_adaptive,0.95,45,tum_fr2_xyz,0,10,125,0.07165500210248865,0.5732400168199092,0.09532594680786133,0.6194300055503845,2.3518259525299072,9.333250999450684,11.793523788452148,1.0,0.3576835637480798
B2_beta_0.95,A1_online_adaptive,0.95,45,tum_fr2_xyz,1,20,125,0.0846820003062021,0.6774560024496168,0.03729776665568352,0.21663516759872437,0.30730482935905457,9.339268684387207,11.80300235748291,0.2,0.0950168970814132
B0,A1_standard,0.0,46,tum_fr1_desk_val,0,45,125,0.028648002626141533,0.22918402100913227,0.0,0.0,0.0,9.395514488220215,11.994841575622559,1.0,0.42042396313364044
B0,A1_standard,0.0,46,tum_fr1_desk_val,1,55,125,0.03211700095562264,0.25693600764498115,0.0,0.0,0.0,9.395514488220215,11.994841575622559,0.36,0.3472012288786482
B2_static,A1_b2_static_start,0.0,46,tum_fr1_desk_val,0,45,125,0.039080001442926005,0.31264001154340804,0.0,0.0,0.0,9.395514488220215,11.994841575622559,1.0,0.42042396313364044
B2_static,A1_b2_static_start,0.0,46,tum_fr1_desk_val,1,55,125,0.030367998988367617,0.24294399190694094,0.0,0.0,0.0,9.395514488220215,11.994841575622559,0.36,0.3472012288786482
B2_beta_0.80,A1_online_adaptive,0.8,46,tum_fr1_desk_val,0,45,125,0.0669189976179041,0.5353519809432328,0.21567964553833008,1.9011324644088745,6.520971298217773,9.18838119506836,11.278462409973145,1.0,0.4168663594470045
B2_beta_0.80,A1_online_adaptive,0.8,46,tum_fr1_desk_val,1,55,125,0.08194499969249591,0.6555599975399673,0.18120163679122925,1.5243775844573975,2.498765707015991,9.365828514099121,11.56974983215332,0.4,0.340405529953917
B2_beta_0.90,A1_online_adaptive,0.9,46,tum_fr1_desk_val,0,45,125,0.06860000212327577,0.5488000169862062,0.10784061253070831,0.9505739212036133,3.2604856491088867,9.291945457458496,11.636651039123535,1.0,0.41757296466973876
B2_beta_0.90,A1_online_adaptive,0.9,46,tum_fr1_desk_val,1,55,125,0.08340799831785262,0.6672639865428209,0.08029861003160477,0.6676039099693298,0.9246285557746887,9.370312690734863,11.746475219726562,0.4,0.339047619047619
B2_beta_0.95,A1_online_adaptive,0.95,46,tum_fr1_desk_val,0,45,125,0.06936600038898177,0.5549280031118542,0.05392026901245117,0.47528690099716187,1.6302467584609985,9.343729019165039,11.815744400024414,1.0,0.4202273425499231
B2_beta_0.95,A1_online_adaptive,0.95,46,tum_fr1_desk_val,1,55,125,0.08245199933298863,0.6596159946639091,0.037573594599962234,0.3101811110973358,0.381337970495224,9.380324363708496,11.861702919006348,0.36,0.33878955453148996
B0,A1_standard,0.0,46,tum_fr2_xyz,0,10,125,0.02952399881905876,0.2361919905524701,0.0,0.0,0.0,9.395514488220215,11.994841575622559,1.0,0.2236559139784946
B0,A1_standard,0.0,46,tum_fr2_xyz,1,20,125,0.03277400173828937,0.26219201390631497,0.0,0.0,0.0,9.395514488220215,11.994841575622559,0.12,0.022064516129032253
B2_static,A1_b2_static_start,0.0,46,tum_fr2_xyz,0,10,125,0.03691700112540275,0.295336009003222,0.0,0.0,0.0,9.395514488220215,11.994841575622559,1.0,0.2236559139784946
B2_static,A1_b2_static_start,0.0,46,tum_fr2_xyz,1,20,125,0.044702999730361626,0.357623997842893,0.0,0.0,0.0,9.395514488220215,11.994841575622559,0.12,0.022064516129032253
B2_beta_0.80,A1_online_adaptive,0.8,46,tum_fr2_xyz,0,10,125,0.07088599886628799,0.5670879909303039,0.3813023865222931,2.4777064323425293,9.407289505004883,9.146468162536621,11.189569473266602,1.0,0.2841167434715821
B2_beta_0.80,A1_online_adaptive,0.8,46,tum_fr2_xyz,1,20,125,0.08427200009464286,0.6741760007571429,0.16080641746520996,1.0133399963378906,2.077890157699585,9.207892417907715,11.348276138305664,0.16,0.11993855606758831
B2_beta_0.90,A1_online_adaptive,0.9,46,tum_fr2_xyz,0,10,125,0.06920700252521783,0.5536560202017426,0.19065198302268982,1.2388601303100586,4.703644752502441,9.270989418029785,11.592205047607422,1.0,0.25173579109062977
B2_beta_0.90,A1_online_adaptive,0.9,46,tum_fr2_xyz,1,20,125,0.08462000187137164,0.6769600149709731,0.07653126120567322,0.4506065547466278,0.7078193426132202,9.289249420166016,11.631295204162598,0.2,0.09569278033794161
B2_beta_0.95,A1_online_adaptive,0.95,46,tum_fr2_xyz,0,10,125,0.07949799692141823,0.6359839753713459,0.09532594680786133,0.6194300055503845,2.3518259525299072,9.333250999450684,11.793523788452148,1.0,0.24078033794162823
B2_beta_0.95,A1_online_adaptive,0.95,46,tum_fr2_xyz,1,20,125,0.08932299897423945,0.7145839917939156,0.03729776665568352,0.21663516759872437,0.30730482935905457,9.339268684387207,11.80300235748291,0.2,0.06846082949308756
B2_beta_0.80,sequential_stream,0.8,42,stream_tum_fr2_xyz,0,0,4,0.07684100273763761,19.210250684409402,3.5599935054779053,30.841835021972656,15.427642822265625,12.945517539978027,13.936840057373047,1.0,0.7999999999999999
B2_beta_0.80,sequential_stream,0.8,42,stream_tum_fr2_xyz,1,1,4,0.06525899880216457,16.314749700541142,0.4158375561237335,2.553248882293701,9.308526992797852,13.103339195251465,14.569724082946777,1.0,0.7999999999999999
B2_beta_0.80,sequential_stream,0.8,42,stream_tum_fr2_xyz,2,2,4,0.1067689991032239,26.692249775805976,1.4106768369674683,12.535459518432617,23.027111053466797,11.875011444091797,12.241625785827637,0.0,0.39999999999999997
B2_beta_0.80,sequential_stream,0.8,42,stream_tum_fr2_xyz,3,3,4,0.11111500134575181,27.77875033643795,1.0886284112930298,9.291348457336426,17.720582962036133,10.789552688598633,10.27489185333252,0.0,0.39999999999999997
B2_beta_0.80,sequential_stream,0.8,42,stream_tum_fr2_xyz,4,4,4,0.07969700163812377,19.92425040953094,0.9406132102012634,8.198208808898926,15.477051734924316,9.855113983154297,8.580659866333008,0.0,0.7999999999999999
B2_beta_0.80,sequential_stream,0.8,42,stream_tum_fr2_xyz,5,5,4,0.0659079996694345,16.476999917358626,2.3982865810394287,24.564556121826172,23.324878692626953,11.918590545654297,10.446534156799316,0.0,0.0
B2_beta_0.80,sequential_stream,0.8,42,stream_tum_fr2_xyz,6,6,4,0.06356900121318176,15.892250303295441,0.9982796311378479,9.763824462890625,1.641204833984375,12.71173095703125,10.143658638000488,0.0,0.7999999999999999
B2_beta_0.80,sequential_stream,0.8,42,stream_tum_fr2_xyz,7,7,4,0.06426999971154146,16.067499927885365,0.17788375914096832,1.0276247262954712,3.3838376998901367,12.539095878601074,9.705414772033691,0.0,0.19999999999999998
B2_beta_0.80,sequential_stream,0.8,42,stream_tum_fr2_xyz,8,8,4,0.064437001128681,16.10925028217025,1.4416284561157227,13.770480155944824,14.970342636108398,11.105338096618652,8.16240119934082,0.0,0.0
B2_beta_0.80,sequential_stream,0.8,42,stream_tum_fr2_xyz,9,9,4,0.04894700032309629,12.236750080774073,0.9489647150039673,9.152085304260254,15.057913780212402,10.160526275634766,6.628017902374268,1.0,0.0
B2_beta_0.90,sequential_stream,0.9,42,stream_tum_fr2_xyz,0,0,4,0.9306000029027928,232.6500007256982,1.779996395111084,15.420913696289062,7.7138214111328125,11.170514106750488,12.965839385986328,1.0,0.39999999999999997
B2_beta_0.90,sequential_stream,0.9,42,stream_tum_fr2_xyz,1,1,4,0.12798900206689723,31.997250516724307,0.312466025352478,2.64917254447937,5.3527913093566895,11.426926612854004,13.379382133483887,0.0,0.39999999999999997
B2_beta_0.90,sequential_stream,0.9,42,stream_tum_fr2_xyz,2,2,4,0.06846300311735831,17.115750779339578,0.5530967712402344,4.798583030700684,10.39348316192627,10.980401992797852,12.334366798400879,1.0,-0.6000000000000001
B2_beta_0.90,sequential_stream,0.9,42,stream_tum_fr2_xyz,3,3,4,0.06577699969056994,16.444249922642484,0.4547900855541229,3.9291365146636963,8.997241020202637,10.52713394165039,11.341726303100586,1.0,-0.39999999999999997
B2_beta_0.90,sequential_stream,0.9,42,stream_tum_fr2_xyz,4,4,4,0.06648800263064913,16.622000657662284,0.4435383081436157,3.9215188026428223,8.750473976135254,10.08615493774414,10.38792610168457,0.0,0.7999999999999999
B2_beta_0.90,sequential_stream,0.9,42,stream_tum_fr2_xyz,5,5,4,0.0636549993942026,15.913749848550651,1.1776219606399536,12.035795211791992,10.014607429504395,11.094788551330566,11.140135765075684,0.0,0.0
B2_beta_0.90,sequential_stream,0.9,42,stream_tum_fr2_xyz,6,6,4,0.06203100201673806,15.507750504184514,0.5928852558135986,5.887041091918945,1.2372558116912842,11.573739051818848,10.91933822631836,0.0,0.39999999999999997
B2_beta_0.90,sequential_stream,0.9,42,stream_tum_fr2_xyz,7,7,4,0.0605670029472094,15.14175073680235,0.15866772830486298,1.1001994609832764,2.1210978031158447,11.60122013092041,10.622648239135742,0.0,0.19999999999999998
B2_beta_0.90,sequential_stream,0.9,42,stream_tum_fr2_xyz,8,8,4,0.05995800165692344,14.98950041423086,0.6274284720420837,5.689528942108154,7.995612144470215,10.978129386901855,9.759416580200195,0.0,0.0
B2_beta_0.90,sequential_stream,0.9,42,stream_tum_fr2_xyz,9,9,4,0.04937999983667396,12.34499995916849,0.46251681447029114,4.187909126281738,8.734899520874023,10.51844310760498,8.832523345947266,1.0,0.0
B2_beta_0.95,sequential_stream,0.95,42,stream_tum_fr2_xyz,0,0,4,0.03992500205640681,9.981250514101703,0.889998197555542,7.710456848144531,3.856903314590454,10.283014297485352,12.480340957641602,1.0,0.39999999999999997
B2_beta_0.95,sequential_stream,0.95,42,stream_tum_fr2_xyz,1,1,4,0.058936002460541204,14.734000615135301,0.18607492744922638,1.695275902748108,2.854543685913086,10.455594062805176,12.711385726928711,0.0,0.7999999999999999
B2_beta_0.95,sequential_stream,0.95,42,stream_tum_fr2_xyz,2,2,4,0.05989399869577028,14.97349967394257,0.23209351301193237,1.977839708328247,4.888930320739746,10.280899047851562,12.222277641296387,1.0,-0.39999999999999997
B2_beta_0.95,sequential_stream,0.95,42,stream_tum_fr2_xyz,3,3,4,0.06116500298958272,15.29125074739568,0.19241414964199066,1.6756787300109863,4.464389324188232,10.089240074157715,11.731561660766602,1.0,-0.39999999999999997
B2_beta_0.95,sequential_stream,0.95,42,stream_tum_fr2_xyz,4,4,4,0.0606319990765769,15.157999769144226,0.20499104261398315,1.7853890657424927,4.568322658538818,9.890645980834961,11.235169410705566,0.0,0.7999999999999999
B2_beta_0.95,sequential_stream,0.95,42,stream_tum_fr2_xyz,5,5,4,0.06286099960561842,15.715249901404604,0.5915172696113586,6.085467338562012,4.615637302398682,10.40473747253418,11.568912506103516,0.0,0.0
B2_beta_0.95,sequential_stream,0.95,42,stream_tum_fr2_xyz,6,6,4,0.06042800305294804,15.10700076323701,0.3311407268047333,3.3083415031433105,0.7590298652648926,10.678715705871582,11.4370756149292,0.0,0.39999999999999997
B2_beta_0.95,sequential_stream,0.95,42,stream_tum_fr2_xyz,7,7,4,0.06067299909773283,15.168249774433207,0.12443483620882034,1.025713324546814,1.227504014968872,10.737207412719727,11.262843132019043,0.0,0.19999999999999998
B2_beta_0.95,sequential_stream,0.95,42,stream_tum_fr2_xyz,8,8,4,0.059450998378451914,14.862749594612978,0.2706510126590729,2.357736825942993,4.195523262023926,10.468862533569336,10.79921817779541,0.0,0.0
B2_beta_0.95,sequential_stream,0.95,42,stream_tum_fr2_xyz,9,9,4,0.046159999328665435,11.539999832166359,0.20603390038013458,1.7740663290023804,4.754146575927734,10.264482498168945,10.283781051635742,1.0,0.0
B2_beta_0.80,sequential_stream,0.8,43,stream_tum_fr2_xyz,0,0,4,0.041671002691145986,10.417750672786497,0.43927380442619324,3.9031870365142822,19.608322143554688,9.027362823486328,9.936140060424805,1.0,-0.39999999999999997
B2_beta_0.80,sequential_stream,0.8,43,stream_tum_fr2_xyz,1,1,4,0.061656999605474994,15.414249901368748,1.624409556388855,13.111442565917969,11.607003211975098,10.631916046142578,11.33151912689209,1.0,-0.7999999999999999
B2_beta_0.80,sequential_stream,0.8,43,stream_tum_fr2_xyz,2,2,4,0.06465000114985742,16.162500287464354,1.1712613105773926,10.19972038269043,13.952067375183105,11.79620361328125,12.949947357177734,1.0,-0.19999999999999998
B2_beta_0.80,sequential_stream,0.8,43,stream_tum_fr2_xyz,3,3,4,0.062004997744224966,15.501249436056241,0.7761229872703552,6.269362449645996,21.093338012695312,11.02026081085205,10.561809539794922,0.0,0.19999999999999998
B2_beta_0.80,sequential_stream,0.8,43,stream_tum_fr2_xyz,4,4,4,0.06292000034591183,15.730000086477958,1.3057106733322144,11.179152488708496,14.920848846435547,9.716313362121582,8.83376407623291,0.0,0.0
B2_beta_0.80,sequential_stream,0.8,43,stream_tum_fr2_xyz,5,5,4,0.058426998293725774,14.606749573431443,2.817624568939209,27.584754943847656,40.26340103149414,12.307700157165527,12.65966510772705,0.0,0.0
B2_beta_0.80,sequential_stream,0.8,43,stream_tum_fr2_xyz,6,6,4,0.04653699943446554,11.634249858616386,0.3014114201068878,1.7129091024398804,10.119393348693848,12.006287574768066,13.47305679321289,1.0,1.0
B2_beta_0.80,sequential_stream,0.8,43,stream_tum_fr2_xyz,7,7,4,0.06053899778635241,15.134749446588103,1.3378770351409912,13.045269012451172,22.89141273498535,13.160400390625,15.591205596923828,0.0,0.7999999999999999
B2_beta_0.80,sequential_stream,0.8,43,stream_tum_fr2_xyz,8,8,4,0.06057199789211154,15.142999473027885,1.6145656108856201,15.4556884765625,24.982465744018555,11.552892684936523,13.020468711853027,0.0,0.0
B2_beta_0.80,sequential_stream,0.8,43,stream_tum_fr2_xyz,9,9,4,0.04547299977275543,11.368249943188857,0.8968822360038757,8.45179271697998,12.46017837524414,10.663039207458496,11.719635009765625,1.0,0.0
B2_beta_0.90,sequential_stream,0.9,43,stream_tum_fr2_xyz,0,0,4,0.03699200169648975,9.248000424122438,0.2196376472711563,1.9516011476516724,9.80416488647461,9.211437225341797,10.965489387512207,1.0,-0.19999999999999998
B2_beta_0.90,sequential_stream,0.9,43,stream_tum_fr2_xyz,1,1,4,0.06784400102333166,16.961000255832914,0.798288106918335,6.371944427490234,4.875080108642578,9.995305061340332,11.560243606567383,1.0,-0.7999999999999999
B2_beta_0.90,sequential_stream,0.9,43,stream_tum_fr2_xyz,2,2,4,0.05969000267214142,14.922500668035354,0.649928629398346,5.567005634307861,6.643693447113037,10.64111042022705,12.346585273742676,1.0,-0.19999999999999998
B2_beta_0.90,sequential_stream,0.9,43,stream_tum_fr2_xyz,3,3,4,0.060771999415010214,15.192999853752553,0.27246254682540894,2.2009975910186768,10.142305374145508,10.368647575378418,11.21285343170166,0.0,-0.7999999999999999
B2_beta_0.90,sequential_stream,0.9,43,stream_tum_fr2_xyz,4,4,4,0.06033599856891669,15.083999642229173,0.5875853896141052,5.0606770515441895,8.150477409362793,9.78183650970459,10.28372573852539,0.0,-0.39999999999999997
B2_beta_0.90,sequential_stream,0.9,43,stream_tum_fr2_xyz,5,5,4,0.057964000006904826,14.491000001726206,1.4056097269058228,13.711008071899414,18.769264221191406,11.070977210998535,12.051681518554688,0.0,0.0
B2_beta_0.90,sequential_stream,0.9,43,stream_tum_fr2_xyz,6,6,4,0.046666002162965015,11.666500540741254,0.14515866339206696,0.8353927731513977,5.848329544067383,11.043943405151367,12.519174575805664,0.0,0.39999999999999997
B2_beta_0.90,sequential_stream,0.9,43,stream_tum_fr2_xyz,7,7,4,0.0844489986775443,21.112249669386074,0.7700515985488892,7.625607490539551,12.654924392700195,11.717232704162598,13.673638343811035,0.0,0.7999999999999999
B2_beta_0.90,sequential_stream,0.9,43,stream_tum_fr2_xyz,8,8,4,0.06004000169923529,15.010000424808823,0.6629290580749512,6.093936920166016,10.275160789489746,11.057795524597168,12.580025672912598,0.0,0.0
B2_beta_0.90,sequential_stream,0.9,43,stream_tum_fr2_xyz,9,9,4,0.04530700243776664,11.32675060944166,0.3992510735988617,3.5320448875427246,5.48877477645874,10.662376403808594,11.973650932312012,0.0,0.0
B2_beta_0.95,sequential_stream,0.95,43,stream_tum_fr2_xyz,0,0,4,0.037452002288773656,9.363000572193414,0.10981819033622742,0.9757930040359497,4.902082443237305,9.303475379943848,11.480164527893066,1.0,-0.39999999999999997
B2_beta_0.95,sequential_stream,0.95,43,stream_tum_fr2_xyz,1,1,4,0.05912300184718333,14.780750461795833,0.3956649899482727,3.140157699584961,2.2096452713012695,9.69080924987793,11.751809120178223,1.0,-0.7999999999999999
B2_beta_0.95,sequential_stream,0.95,43,stream_tum_fr2_xyz,2,2,4,0.062376002460950986,15.594000615237746,0.34036874771118164,2.8938980102539062,3.2030348777770996,10.028935432434082,12.135400772094727,1.0,-0.39999999999999997
B2_beta_0.95,sequential_stream,0.95,43,stream_tum_fr2_xyz,3,3,4,0.06308500087470748,15.771250218676869,0.1056223139166832,0.8578007817268372,5.017282962799072,9.92331314086914,11.579092979431152,0.0,-0.39999999999999997
B2_beta_0.95,sequential_stream,0.95,43,stream_tum_fr2_xyz,4,4,4,0.06304599810391665,15.761499525979161,0.27148324251174927,2.353120803833008,4.277499675750732,9.652173042297363,11.09621810913086,1.0,0.39999999999999997
B2_beta_0.95,sequential_stream,0.95,43,stream_tum_fr2_xyz,5,5,4,0.06558299719472416,16.39574929868104,0.708300769329071,6.897409439086914,8.990036010742188,10.303226470947266,11.939569473266602,0.0,0.0
B2_beta_0.95,sequential_stream,0.95,43,stream_tum_fr2_xyz,6,6,4,0.04833800267078914,12.084500667697284,0.10328667610883713,0.7484611868858337,3.019427537918091,10.32809829711914,12.178923606872559,0.0,0.39999999999999997
B2_beta_0.95,sequential_stream,0.95,43,stream_tum_fr2_xyz,7,7,4,0.06843500159448013,17.10875039862003,0.41886958479881287,4.190250396728516,6.562500953674316,10.70053482055664,12.773165702819824,0.0,0.7999999999999999
B2_beta_0.95,sequential_stream,0.95,43,stream_tum_fr2_xyz,8,8,4,0.06053399920347147,15.133499800867867,0.2805950939655304,2.502307415008545,4.606139183044434,10.421650886535645,12.271384239196777,0.0,0.0
B2_beta_0.95,sequential_stream,0.95,43,stream_tum_fr2_xyz,9,9,4,0.05079000038676895,12.697500096692238,0.1678728461265564,1.404730200767517,2.4999263286590576,10.255748748779297,11.983628273010254,0.0,0.0
B2_beta_0.80,sequential_stream,0.8,44,stream_tum_fr2_xyz,0,0,4,0.03853399903164245,9.633499757910613,0.41672417521476746,2.745668411254883,1.19699227809906,9.80176830291748,12.072444915771484,1.0,-0.7999999999999999
B2_beta_0.80,sequential_stream,0.8,44,stream_tum_fr2_xyz,1,1,4,0.059752001106971875,14.938000276742969,0.7429395318031311,6.473133087158203,17.202566146850586,9.058829307556152,10.217705726623535,0.0,1.0
B2_beta_0.80,sequential_stream,0.8,44,stream_tum_fr2_xyz,2,2,4,0.06361399937304668,15.90349984326167,0.7296478152275085,6.3335137367248535,3.025059223175049,9.786873817443848,10.016068458557129,0.0,1.0
B2_beta_0.80,sequential_stream,0.8,44,stream_tum_fr2_xyz,3,3,4,0.06075100100133568,15.18775025033392,1.0644441843032837,8.965081214904785,15.592524528503418,8.72413444519043,8.255743026733398,0.0,0.0
B2_beta_0.80,sequential_stream,0.8,44,stream_tum_fr2_xyz,4,4,4,0.045468001189874485,11.367000297468621,0.5955588817596436,4.901637554168701,12.79019832611084,8.13079833984375,6.8152666091918945,0.0,0.0
B2_beta_0.80,sequential_stream,0.8,44,stream_tum_fr2_xyz,5,5,4,0.04264400195097551,10.661000487743877,0.48707911372184753,3.5693953037261963,4.058860778808594,7.644160270690918,6.3113250732421875,0.0,0.7999999999999999
B2_beta_0.80,sequential_stream,0.8,44,stream_tum_fr2_xyz,6,6,4,0.05842099926667288,14.60524981666822,4.003994464874268,40.37458419799805,35.71699905395508,11.523011207580566,9.859192848205566,0.0,1.0
B2_beta_0.80,sequential_stream,0.8,44,stream_tum_fr2_xyz,7,7,4,0.060719998145941645,15.179999536485411,1.0054054260253906,9.386425018310547,12.889510154724121,10.612150192260742,8.650131225585938,1.0,0.7999999999999999
B2_beta_0.80,sequential_stream,0.8,44,stream_tum_fr2_xyz,8,8,4,0.06149799810373224,15.37449952593306,1.3718587160110474,13.309845924377441,11.649141311645508,9.243610382080078,7.384142875671387,1.0,0.7999999999999999
B2_beta_0.80,sequential_stream,0.8,44,stream_tum_fr2_xyz,9,9,4,0.06265100091695786,15.662750229239464,1.0148475170135498,8.789447784423828,8.915281295776367,8.546268463134766,6.62980842590332,1.0,0.39999999999999997
B2_beta_0.90,sequential_stream,0.9,44,stream_tum_fr2_xyz,0,0,4,0.04750700099975802,11.876750249939505,0.20836132764816284,1.372828722000122,0.5984960198402405,9.598640441894531,12.033642768859863,1.0,-0.39999999999999997
B2_beta_0.90,sequential_stream,0.9,44,stream_tum_fr2_xyz,1,1,4,0.05838700235472061,14.596750588680152,0.3511570692062378,3.1336753368377686,8.57303237915039,9.247483253479004,11.110153198242188,0.0,0.7999999999999999
B2_beta_0.90,sequential_stream,0.9,44,stream_tum_fr2_xyz,2,2,4,0.06132700218586251,15.331750546465628,0.3466034233570099,2.9364964962005615,2.2830581665039062,9.592639923095703,10.920090675354004,0.0,1.0
B2_beta_0.90,sequential_stream,0.9,44,stream_tum_fr2_xyz,3,3,4,0.06342300184769556,15.85575046192389,0.5128017663955688,4.374199867248535,8.680378913879395,9.080693244934082,9.949524879455566,0.0,0.0
B2_beta_0.90,sequential_stream,0.9,44,stream_tum_fr2_xyz,4,4,4,0.046000997826922685,11.500249456730671,0.3333412706851959,2.7986316680908203,7.970911026000977,8.748370170593262,9.059908866882324,0.0,0.0
B2_beta_0.90,sequential_stream,0.9,44,stream_tum_fr2_xyz,5,5,4,0.04105500192963518,10.263750482408796,0.3054691553115845,2.3374686241149902,4.064727306365967,8.443293571472168,8.58347225189209,0.0,0.19999999999999998
B2_beta_0.90,sequential_stream,0.9,44,stream_tum_fr2_xyz,6,6,4,0.05925499863224104,14.81374965806026,1.9437332153320312,19.516855239868164,15.819514274597168,10.302804946899414,10.130191802978516,0.0,1.0
B2_beta_0.90,sequential_stream,0.9,44,stream_tum_fr2_xyz,7,7,4,0.06919400038896129,17.29850009724032,0.375149130821228,3.2871477603912354,6.497000217437744,9.96939468383789,9.498560905456543,1.0,0.7999999999999999
B2_beta_0.90,sequential_stream,0.9,44,stream_tum_fr2_xyz,8,8,4,0.060479000239865854,15.119750059966464,0.6208811402320862,5.857029914855957,6.521443843841553,9.349400520324707,8.780722618103027,1.0,1.0
B2_beta_0.90,sequential_stream,0.9,44,stream_tum_fr2_xyz,9,9,4,0.060482001572381705,15.120500393095426,0.4968344569206238,4.3327460289001465,5.64609432220459,8.990150451660156,8.263896942138672,1.0,0.39999999999999997
B2_beta_0.95,sequential_stream,0.95,44,stream_tum_fr2_xyz,0,0,4,0.04788800288224593,11.972000720561482,0.10418102145195007,0.6864171028137207,0.2992459535598755,9.497076988220215,12.014242172241211,1.0,-0.39999999999999997
B2_beta_0.95,sequential_stream,0.95,44,stream_tum_fr2_xyz,1,1,4,0.06257399945752695,15.643499864381738,0.1705004870891571,1.5416183471679688,4.279507637023926,9.32657527923584,11.553466796875,0.0,0.39999999999999997
B2_beta_0.95,sequential_stream,0.95,44,stream_tum_fr2_xyz,2,2,4,0.06019800275680609,15.049500689201523,0.16952639818191528,1.4150562286376953,1.3403689861297607,9.495200157165527,11.436269760131836,0.0,0.7999999999999999
B2_beta_0.95,sequential_stream,0.95,44,stream_tum_fr2_xyz,3,3,4,0.06024799949955195,15.061999874887988,0.2515239715576172,2.1652884483337402,4.591699123382568,9.244098663330078,10.925178527832031,0.0,0.0
B2_beta_0.95,sequential_stream,0.95,44,stream_tum_fr2_xyz,4,4,4,0.04406500011100434,11.016250027751084,0.17485764622688293,1.4871937036514282,4.441493988037109,9.069766998291016,10.431587219238281,0.0,0.0
B2_beta_0.95,sequential_stream,0.95,44,stream_tum_fr2_xyz,5,5,4,0.03995600127382204,9.98900031845551,0.168845996260643,1.320967674255371,2.662230968475342,8.901158332824707,10.124785423278809,0.0,0.19999999999999998
B2_beta_0.95,sequential_stream,0.95,44,stream_tum_fr2_xyz,6,6,4,0.0616489996900782,15.41224992251955,0.9534875750541687,9.556611061096191,7.212315559387207,9.80802059173584,10.82107925415039,0.0,0.7999999999999999
B2_beta_0.95,sequential_stream,0.95,44,stream_tum_fr2_xyz,7,7,4,0.06122100239736028,15.30525059934007,0.16299034655094147,1.3534339666366577,3.5187554359436035,9.666054725646973,10.470718383789062,1.0,0.7999999999999999
B2_beta_0.95,sequential_stream,0.95,44,stream_tum_fr2_xyz,8,8,4,0.06158199903438799,15.395499758596998,0.2952016592025757,2.732603073120117,3.6818387508392334,9.371224403381348,10.063193321228027,0.0,0.7999999999999999
B2_beta_0.95,sequential_stream,0.95,44,stream_tum_fr2_xyz,9,9,4,0.06406100146705285,16.015250366763212,0.24278944730758667,2.1246678829193115,3.3803727626800537,9.190507888793945,9.740655899047852,0.0,0.39999999999999997
B2_beta_0.80,sequential_stream,0.8,45,stream_tum_fr2_xyz,0,0,4,0.045366003178060055,11.341500794515014,0.7948029041290283,6.066512584686279,9.19547176361084,8.953956604003906,11.297836303710938,1.0,-0.6000000000000001
B2_beta_0.80,sequential_stream,0.8,45,stream_tum_fr2_xyz,1,1,4,0.06024399772286415,15.060999430716038,0.515250563621521,4.3389892578125,10.132104873657227,8.550243377685547,10.233467102050781,0.0,-1.0
B2_beta_0.80,sequential_stream,0.8,45,stream_tum_fr2_xyz,2,2,4,0.06296499850577675,15.741249626444187,0.28001755475997925,1.7721911668777466,5.947840213775635,8.820194244384766,9.678252220153809,0.0,0.7999999999999999
B2_beta_0.80,sequential_stream,0.8,45,stream_tum_fr2_xyz,3,3,4,0.06149899854790419,15.374749636976048,0.7413103580474854,5.924034595489502,13.000248908996582,8.08300495147705,8.149730682373047,0.0,0.0
B2_beta_0.80,sequential_stream,0.8,45,stream_tum_fr2_xyz,4,4,4,0.06044699694029987,15.111749235074967,0.6696416735649109,5.395760536193848,10.080239295959473,7.416943073272705,6.957376003265381,0.0,0.0
B2_beta_0.80,sequential_stream,0.8,45,stream_tum_fr2_xyz,5,5,4,0.0449740000476595,11.243500011914875,4.336184501647949,43.09793472290039,60.862632751464844,11.548593521118164,12.796521186828613,0.0,0.7999999999999999
B2_beta_0.80,sequential_stream,0.8,45,stream_tum_fr2_xyz,6,6,4,0.06403899897122756,16.00974974280689,0.2749137282371521,1.9062243700027466,9.35721206665039,11.273680686950684,11.730908393859863,0.0,1.0
B2_beta_0.80,sequential_stream,0.8,45,stream_tum_fr2_xyz,7,7,4,0.06385000233422033,15.962500583555084,1.1241838932037354,9.356234550476074,16.0800724029541,12.397546768188477,13.514362335205078,0.0,0.0
B2_beta_0.80,sequential_stream,0.8,45,stream_tum_fr2_xyz,8,8,4,0.047182998969219625,11.795749742304906,1.2529563903808594,11.401697158813477,17.944948196411133,11.15071964263916,11.604032516479492,1.0,-0.7999999999999999
B2_beta_0.80,sequential_stream,0.8,45,stream_tum_fr2_xyz,9,9,4,0.06050099909771234,15.125249774428084,1.0090075731277466,9.405710220336914,15.17590045928955,10.145857810974121,10.026511192321777,0.0,0.0
B2_beta_0.90,sequential_stream,0.9,45,stream_tum_fr2_xyz,0,0,4,0.07039400225039572,17.59850056259893,0.39740189909935,3.0332601070404053,4.59773588180542,9.174735069274902,11.64633846282959,1.0,-0.6000000000000001
B2_beta_0.90,sequential_stream,0.9,45,stream_tum_fr2_xyz,1,1,4,0.05928899918217212,14.82224979554303,0.2972925901412964,2.4683845043182373,5.51332950592041,8.950799942016602,11.079303741455078,0.0,-0.19999999999999998
B2_beta_0.90,sequential_stream,0.9,45,stream_tum_fr2_xyz,2,2,4,0.05995399988023564,14.98849997005891,0.10061345249414444,0.5300304889678955,3.8784830570220947,9.0457181930542,10.717111587524414,0.0,0.0
B2_beta_0.90,sequential_stream,0.9,45,stream_tum_fr2_xyz,3,3,4,0.06015699909767136,15.03924977441784,0.3929555118083954,3.2920050621032715,7.600644111633301,8.654571533203125,9.84896469116211,1.0,0.0
B2_beta_0.90,sequential_stream,0.9,45,stream_tum_fr2_xyz,4,4,4,0.05629699808196165,14.074249520490412,0.391956627368927,3.290194034576416,6.678772449493408,8.264383316040039,9.082863807678223,0.0,0.0
B2_beta_0.90,sequential_stream,0.9,45,stream_tum_fr2_xyz,5,5,4,0.045035001676296815,11.258750419074204,2.0923426151275635,20.744321823120117,28.456146240234375,10.245464324951172,11.789886474609375,0.0,0.7999999999999999
B2_beta_0.90,sequential_stream,0.9,45,stream_tum_fr2_xyz,6,6,4,0.06152599962661043,15.381499906652607,0.11906401813030243,0.7528953552246094,3.453148603439331,10.238320350646973,11.357742309570312,0.0,0.7999999999999999
B2_beta_0.90,sequential_stream,0.9,45,stream_tum_fr2_xyz,7,7,4,0.06268300057854503,15.670750144636258,0.6667423248291016,5.861268043518066,8.702967643737793,10.903789520263672,12.286785125732422,0.0,0.0
B2_beta_0.90,sequential_stream,0.9,45,stream_tum_fr2_xyz,8,8,4,0.04554500264930539,11.386250662326347,0.47739264369010925,4.1658148765563965,7.5774946212768555,10.4297513961792,11.454377174377441,1.0,-1.0
B2_beta_0.90,sequential_stream,0.9,45,stream_tum_fr2_xyz,9,9,4,0.0589340015721973,14.733500393049326,0.4329754114151001,3.8886313438415527,7.2262468338012695,9.99941635131836,10.680583000183105,1.0,0.0
B2_beta_0.95,sequential_stream,0.95,45,stream_tum_fr2_xyz,0,0,4,0.040449998778058216,10.112499694514554,0.19870060682296753,1.5166263580322266,2.298875331878662,9.285124778747559,11.820588111877441,1.0,-0.6000000000000001
B2_beta_0.95,sequential_stream,0.95,45,stream_tum_fr2_xyz,1,1,4,0.056414999562548473,14.103749890637118,0.15856324136257172,1.309108018875122,2.868849992752075,9.16763687133789,11.528358459472656,1.0,0.39999999999999997
B2_beta_0.95,sequential_stream,0.95,45,stream_tum_fr2_xyz,2,2,4,0.058970999816665426,14.742749954166356,0.039643820375204086,0.22800733149051666,2.1829121112823486,9.204255104064941,11.324810981750488,0.0,0.19999999999999998
B2_beta_0.95,sequential_stream,0.95,45,stream_tum_fr2_xyz,3,3,4,0.05849900117027573,14.624750292568933,0.2043442279100418,1.7575366497039795,4.125658988952637,9.000754356384277,10.860352516174316,0.0,0.6000000000000001
B2_beta_0.95,sequential_stream,0.95,45,stream_tum_fr2_xyz,4,4,4,0.05938100002822466,14.845250007056165,0.21327438950538635,1.8329588174819946,3.8380391597747803,8.788352012634277,10.42673397064209,0.0,0.0
B2_beta_0.95,sequential_stream,0.95,45,stream_tum_fr2_xyz,5,5,4,0.04498699854593724,11.24674963648431,1.0205974578857422,10.11113166809082,13.588883399963379,9.752694129943848,11.713052749633789,0.0,0.7999999999999999
B2_beta_0.95,sequential_stream,0.95,45,stream_tum_fr2_xyz,6,6,4,0.061951999668963253,15.487999917240813,0.0874306857585907,0.6164829730987549,1.6368016004562378,9.773758888244629,11.500822067260742,0.0,0.6000000000000001
B2_beta_0.95,sequential_stream,0.95,45,stream_tum_fr2_xyz,7,7,4,0.06244299947866239,15.610749869665597,0.35704317688941956,3.1996233463287354,4.365286350250244,10.129722595214844,11.9581880569458,0.0,0.0
B2_beta_0.95,sequential_stream,0.95,45,stream_tum_fr2_xyz,8,8,4,0.04710999928647652,11.77749982161913,0.200092613697052,1.6852366924285889,3.564706563949585,9.93140697479248,11.558415412902832,1.0,-1.0
B2_beta_0.95,sequential_stream,0.95,45,stream_tum_fr2_xyz,9,9,4,0.0611100003879983,15.277500096999574,0.19174931943416595,1.6690839529037476,3.5881826877593994,9.741157531738281,11.166316032409668,1.0,0.0
B2_beta_0.80,sequential_stream,0.8,46,stream_tum_fr2_xyz,0,0,4,0.04256100146449171,10.640250366122928,1.2822927236557007,9.91154956817627,7.452662467956543,10.642607688903809,12.888753890991211,1.0,-0.19999999999999998
B2_beta_0.80,sequential_stream,0.8,46,stream_tum_fr2_xyz,1,1,4,0.05975399835733697,14.938499589334242,0.25619423389434814,1.8752951622009277,1.2874363660812378,10.875128746032715,12.845333099365234,0.0,-0.7999999999999999
B2_beta_0.80,sequential_stream,0.8,46,stream_tum_fr2_xyz,2,2,4,0.06167200263007544,15.41800065751886,0.8617522716522217,7.9542717933654785,16.80776023864746,10.067832946777344,11.06094741821289,0.0,0.0
B2_beta_0.80,sequential_stream,0.8,46,stream_tum_fr2_xyz,3,3,4,0.06045900227036327,15.114750567590818,0.7071366906166077,5.581896781921387,13.786413192749023,9.36905574798584,9.467080116271973,0.0,0.0
B2_beta_0.80,sequential_stream,0.8,46,stream_tum_fr2_xyz,4,4,4,0.045618999138241634,11.404749784560408,0.09173399955034256,0.49815359711647034,6.561187267303467,9.27961540222168,8.666540145874023,0.0,0.6000000000000001
B2_beta_0.80,sequential_stream,0.8,46,stream_tum_fr2_xyz,5,5,4,0.06220900104381144,15.55225026095286,0.8640868663787842,6.787363529205322,10.890715599060059,8.415528297424316,7.409093856811523,1.0,0.0
B2_beta_0.80,sequential_stream,0.8,46,stream_tum_fr2_xyz,6,6,4,0.045045999286230654,11.261499821557663,0.909734308719635,8.238876342773438,6.587813377380371,9.142427444458008,7.966923236846924,1.0,0.0
B2_beta_0.80,sequential_stream,0.8,46,stream_tum_fr2_xyz,7,7,4,0.05677300214301795,14.193250535754487,3.0958855152130127,31.353914260864258,36.728206634521484,12.135997772216797,11.570530891418457,1.0,-0.39999999999999997
B2_beta_0.80,sequential_stream,0.8,46,stream_tum_fr2_xyz,8,8,4,0.06180800119182095,15.452000297955237,1.2992550134658813,12.102628707885742,17.881715774536133,10.843423843383789,9.685325622558594,0.0,0.0
B2_beta_0.80,sequential_stream,0.8,46,stream_tum_fr2_xyz,9,9,4,0.05398800203693099,13.497000509232748,1.0713913440704346,9.657901763916016,14.819360733032227,9.942322731018066,8.338763236999512,0.0,-0.7999999999999999
B2_beta_0.90,sequential_stream,0.9,46,stream_tum_fr2_xyz,0,0,4,0.04712200097856112,11.78050024464028,0.6411453485488892,4.955763816833496,3.726327657699585,10.019059181213379,12.44179630279541,1.0,-0.19999999999999998
B2_beta_0.90,sequential_stream,0.9,46,stream_tum_fr2_xyz,1,1,4,0.06276099884416908,15.69024971104227,0.19215582311153412,1.3947882652282715,0.7115327715873718,10.197672843933105,12.464781761169434,0.0,-0.7999999999999999
B2_beta_0.90,sequential_stream,0.9,46,stream_tum_fr2_xyz,2,2,4,0.06360200131894089,15.900500329735223,0.3790784776210785,3.4702308177948,8.12457275390625,9.861771583557129,11.61064338684082,0.0,0.0
B2_beta_0.90,sequential_stream,0.9,46,stream_tum_fr2_xyz,3,3,4,0.06523599950014614,16.308999875036534,0.3320658802986145,2.7143194675445557,7.476301193237305,9.532989501953125,10.758739471435547,0.0,0.0
B2_beta_0.90,sequential_stream,0.9,46,stream_tum_fr2_xyz,4,4,4,0.0464469994767569,11.611749869189225,0.062372565269470215,0.3999682068824768,4.490596771240234,9.471874237060547,10.229303359985352,0.0,0.6000000000000001
B2_beta_0.90,sequential_stream,0.9,46,stream_tum_fr2_xyz,5,5,4,0.060586000472540036,15.146500118135009,0.4512697160243988,3.5992696285247803,6.866369247436523,9.02060604095459,9.444304466247559,0.0,0.0
B2_beta_0.90,sequential_stream,0.9,46,stream_tum_fr2_xyz,6,6,4,0.048366000555688515,12.091500138922129,0.41164666414260864,3.609424114227295,1.5481621026992798,9.323546409606934,9.519698143005371,0.0,0.0
B2_beta_0.90,sequential_stream,0.9,46,stream_tum_fr2_xyz,7,7,4,0.040914997953223065,10.228749488305766,1.554531216621399,15.620707511901855,17.061344146728516,10.80221939086914,11.166223526000977,1.0,-0.39999999999999997
B2_beta_0.90,sequential_stream,0.9,46,stream_tum_fr2_xyz,8,8,4,0.06272300015552901,15.680750038882252,0.5164316892623901,4.549450874328613,8.290529251098633,10.289310455322266,10.26405143737793,0.0,0.0
B2_beta_0.90,sequential_stream,0.9,46,stream_tum_fr2_xyz,9,9,4,0.04782699761562981,11.956749403907452,0.4609570801258087,4.071903705596924,7.699345111846924,9.894171714782715,9.532896995544434,0.0,-0.39999999999999997
B2_beta_0.95,sequential_stream,0.95,46,stream_tum_fr2_xyz,0,0,4,0.048346999392379075,12.086749848094769,0.32057297229766846,2.4778854846954346,1.8631638288497925,9.707286834716797,12.218318939208984,1.0,-0.19999999999999998
B2_beta_0.95,sequential_stream,0.95,46,stream_tum_fr2_xyz,1,1,4,0.0696360002621077,17.409000065526925,0.11210604012012482,0.8158930540084839,0.40508291125297546,9.81218147277832,12.240984916687012,0.0,-0.7999999999999999
B2_beta_0.95,sequential_stream,0.95,46,stream_tum_fr2_xyz,2,2,4,0.06265299816732295,15.663249541830737,0.1745673567056656,1.5922539234161377,3.980922222137451,9.663505554199219,11.825104713439941,0.0,-0.6000000000000001
B2_beta_0.95,sequential_stream,0.95,46,stream_tum_fr2_xyz,3,3,4,0.06022399975336157,15.055999938340392,0.15585766732692719,1.3024702072143555,3.862332582473755,9.509026527404785,11.38843059539795,0.0,0.0
B2_beta_0.95,sequential_stream,0.95,46,stream_tum_fr2_xyz,4,4,4,0.045451000914908946,11.362750228727236,0.03067670576274395,0.2177926003932953,2.549774408340454,9.479668617248535,11.092228889465332,0.0,0.6000000000000001
B2_beta_0.95,sequential_stream,0.95,46,stream_tum_fr2_xyz,5,5,4,0.060171001678099856,15.042750419524964,0.22602397203445435,1.8238050937652588,3.8351662158966064,9.253643989562988,10.65658187866211,0.0,0.0
B2_beta_0.95,sequential_stream,0.95,46,stream_tum_fr2_xyz,6,6,4,0.04709399945568293,11.773499863920733,0.1975996345281601,1.6959971189498901,0.3644914925098419,9.393463134765625,10.63366413116455,0.0,0.0
B2_beta_0.95,sequential_stream,0.95,46,stream_tum_fr2_xyz,7,7,4,0.04142499892623164,10.35624973155791,0.7797443270683289,7.793605804443359,8.046348571777344,10.129303932189941,11.401229858398438,0.0,0.39999999999999997
B2_beta_0.95,sequential_stream,0.95,46,stream_tum_fr2_xyz,8,8,4,0.06145999941509217,15.364999853773043,0.22462159395217896,1.9072442054748535,4.186391830444336,9.906494140625,10.938393592834473,1.0,0.0
B2_beta_0.95,sequential_stream,0.95,46,stream_tum_fr2_xyz,9,9,4,0.05829899964737706,14.574749911844265,0.21132655441761017,1.7966961860656738,4.089234352111816,9.72806453704834,10.53909969329834,0.0,-0.39999999999999997
