seed,budget_pct,policy,latency_ms,delta_quality,delta_psnr_db,efficiency
42,10%,oracle_reference,639.361474000907,8.59569442019303e-05,0.0015627335790160402,1.3444185753645886e-07
42,10%,no_op,0.0,0.0,0.0,0.0
42,10%,random,640.4193460039096,7.16656251443004e-06,0.00012654807984624483,1.1190421649733063e-08
42,10%,random,696.8178309980431,6.941634237277128e-06,3.693470444510183e-05,9.96190672580051e-09
42,10%,random,657.2475400025724,3.7759517142087964e-05,0.000676984302549144,5.745098283964696e-08
42,10%,random,656.8315180047648,4.346452113323297e-05,0.0006385302206108889,6.617301384267262e-08
42,10%,random,723.6946120028733,3.654950647986695e-05,0.000609462794084692,5.050404669825265e-08
42,10%,error_only,710.0170589983463,1.3861830365741842e-05,5.9943367640258316e-05,1.9523235660418305e-08
42,10%,error_influence,708.0896949992166,5.403762345127123e-05,0.000646705469375064,7.631465876837965e-08
42,10%,heuristic,681.5407319954829,7.399790630529757e-06,0.00013078659609888632,1.0857444438960988e-08
42,10%,learned_utility,659.9582249982632,6.8841061607336485e-06,4.450333019967445e-05,1.0431124122669681e-08
42,20%,oracle_reference,774.4061589983176,0.0001929343062626009,0.003307506623990264,2.4913839336215827e-07
42,20%,no_op,0.0,0.0,0.0,0.0
42,20%,random,812.1629410015885,5.7388898789571984e-05,0.0009740308498429329,7.06618042911413e-08
42,20%,random,826.7268019990297,7.199757652275156e-05,0.001206292405601772,8.708750744340337e-08
42,20%,random,693.2936220036936,7.785114926028519e-05,0.0011139313684260799,1.1229174305006144e-07
42,20%,random,799.2226040005335,4.8094295949539754e-05,0.0006291438428593921,6.017634600022856e-08
42,20%,random,782.66712599725,9.725130325102816e-05,0.0016953844075988656,1.2425627705662685e-07
42,20%,error_only,679.3981840019114,3.200973776381953e-05,5.933787494249998e-05,4.711484151351437e-08
42,20%,error_influence,679.0294960010215,9.418955659362758e-05,0.001111205990605768,1.387120252482904e-07
42,20%,heuristic,741.9331130004139,1.8788475383234622e-05,0.00026884338723576207,2.532367817801406e-08
42,20%,learned_utility,758.2951430013054,9.561548834135006e-05,0.0016687327743269975,1.2609270839175805e-07
42,40%,oracle_reference,837.2438759979559,0.000264616729078795,0.0041622771240525935,3.1605692996366697e-07
42,40%,no_op,0.0,0.0,0.0,0.0
42,40%,random,888.0816479941132,6.880282412437356e-05,0.0011236216145231737,7.747353442082346e-08
42,40%,random,1005.7450879976386,0.00012558054704008657,0.0020963900877664088,1.2486319698573702e-07
42,40%,random,853.888026002096,0.00012841538836643143,0.001813804437800215,1.503890257926116e-07
42,40%,random,894.8323989970959,5.9619308238787304e-05,0.0006712313080026178,6.662622889560885e-08
42,40%,random,855.7070380047662,0.00011867183568728945,0.001961606857230791,1.3868278559913919e-07
42,40%,error_only,826.7497769993497,4.778679597675499e-05,0.00021192470480713155,5.780079693543428e-08
42,40%,error_influence,824.4556739955442,0.00019598778035899227,0.0027440136950556138,2.3771778949519546e-07
42,40%,heuristic,869.4018719979795,0.0001182945704065814,0.0017720087643144922,1.360643152685279e-07
42,40%,learned_utility,921.2178319939994,0.0001511204978508482,0.0025543814426054468,1.6404426032846545e-07
42,60%,oracle_reference,947.7516189945163,0.00029052634600463623,0.004414710515112219,3.0654270610780904e-07
42,60%,no_op,0.0,0.0,0.0,0.0
42,60%,random,1071.8615050063818,8.208467757679126e-05,0.001093036848855533,7.658142138083645e-08
42,60%,random,1028.1373289981275,0.00021314129587658736,0.003314172031638307,2.073081969354072e-07
42,60%,random,997.445727000013,0.00023174062311854664,0.003660181331863299,2.3233406775478987e-07
42,60%,random,1187.5567509996472,0.00018083027951942314,0.0025343887483355587,1.5227085304951196e-07
42,60%,random,1036.2287960015237,0.00018547996835229787,0.0026988768329694324,1.789951881939644e-07
42,60%,error_only,927.6512430005823,0.00016222118487520295,0.002087909221851092,1.748730313242313e-07
42,60%,error_influence,962.0789339969633,0.00021284270523460407,0.0029291100289849936,2.2123206081474795e-07
42,60%,heuristic,935.0189629985834,0.00013842829118015042,0.0018044155195973133,1.4804864570469694e-07
42,60%,learned_utility,917.3497059964575,0.000151494967015582,0.002512578641374219,1.6514418222985405e-07
42,80%,oracle_reference,1048.3194050029851,0.0003010088662107737,0.004511687627630323,2.871346888879888e-07
42,80%,no_op,0.0,0.0,0.0,0.0
42,80%,random,1122.8345390045433,0.00014913217042800532,0.002189680705910746,1.3281758375567916e-07
42,80%,random,1114.4467310004984,0.00022687983656725864,0.0033029620337323706,2.035806918860774e-07
42,80%,random,1106.8805119939498,0.00024741984409808274,0.003836832435927917,2.2352895494779038e-07
42,80%,random,1174.995568995655,0.00022608437237896386,0.0033426516159131836,1.9241295741413973e-07
42,80%,random,1182.9691410021042,0.0002571255858818956,0.0037898661752979734,2.1735612280137935e-07
42,80%,error_only,1049.278559999948,0.0002685618967823874,0.003959553127261373,2.559490939969275e-07
42,80%,error_influence,1048.957473001792,0.0002995287622402498,0.004439257642022909,2.8554900455887027e-07
42,80%,heuristic,986.2093260016991,0.00023071371445000522,0.0034132454332009843,2.3393990339289058e-07
42,80%,learned_utility,945.1854369981447,0.000151494967015582,0.002512578641374219,1.6028068258935667e-07
42,10%,oracle_reference,712.9047120033647,5.651963974174674e-05,0.00011217319450196328,7.928077734669256e-08
42,10%,no_op,0.0,0.0,0.0,0.0
42,10%,random,748.7021459965035,4.680590004220516e-06,1.925699477212106e-05,6.251604899556912e-09
42,10%,random,745.6176679988857,3.671445178554234e-05,0.00026142099236636795,4.924031894801775e-08
42,10%,random,734.5357570011402,1.5792645582200258e-05,3.2736941919964124e-05,2.1500172635129788e-08
42,10%,random,764.1837810006109,1.4692292123213529e-05,-4.814237772876595e-07,1.922612398810095e-08
42,10%,random,786.1547949942178,-2.8116960672806e-06,-6.884305804355506e-05,-3.5765170996651874e-09
42,10%,error_only,685.3423829961685,1.4520574717194133e-05,1.925699477212106e-05,2.1187329249525363e-08
42,10%,error_influence,685.6763279938605,4.972414769203285e-05,0.0001988325817183778,7.251839630735813e-08
42,10%,heuristic,687.4584820034215,1.546731888865063e-05,1.6849865756896065e-05,2.2499277110633786e-08
42,10%,learned_utility,807.0383279991802,1.323603163816677e-05,0.00017909334699695023,1.6400747249491498e-08
42,20%,oracle_reference,802.5651839998318,0.0001254213538016854,0.0012663292013872507,1.562755976737108e-07
42,20%,no_op,0.0,0.0,0.0,0.0
42,20%,random,783.1390319988714,6.235122191106277e-05,0.000865686269584387,7.961705312008076e-08
42,20%,random,820.2629619991058,7.412945688875837e-05,0.0012547716760273886,9.037279546073078e-08
42,20%,random,860.6718099981663,5.019122909283049e-05,-8.184196923721743e-06,5.8316339061851494e-08
42,20%,random,911.1382510018302,2.594164586813086e-05,5.295665049587228e-06,2.8471690042215942e-08
42,20%,random,872.9850059971795,6.556968952557642e-05,0.0010765970520889567,7.510975454919584e-08
42,20%,error_only,776.177658000961,5.2131597051549855e-05,0.00015261402668009794,6.716451641472694e-08
42,20%,error_influence,752.7310719960951,0.00010731619585945386,0.0010448153198439059,1.4256910582271084e-07
42,20%,heuristic,828.7895020039286,6.85266370351918e-05,0.0004785616252593883,8.2682800481306e-08
42,20%,learned_utility,905.8341039999505,1.2347914668050543e-05,0.00015116970476292124,1.3631540933958056e-08
42,40%,oracle_reference,886.19662799465,0.00018548177707959163,0.001581765205814989,2.093009285076081e-07
42,40%,no_op,0.0,0.0,0.0,0.0
42,40%,random,1103.4704109988525,9.114117982450339e-05,0.001183982504310066,8.259503736217371e-08
42,40%,random,1014.6985129977111,0.00012769437502599523,0.0016366678588735084,1.2584464586308434e-07
42,40%,random,1018.9925369995763,0.00013019566151778597,0.0011266778294451996,1.27769003982254e-07
42,40%,random,1124.1836600020179,5.9628370158616614e-05,3.8995503031102885e-05,5.304148448351365e-08
42,40%,random,980.3559220017632,0.00010017057847436675,0.0013804614158736683,1.0217776648896154e-07
42,40%,error_only,978.1377530016471,0.00010273163193628787,0.0003187142513230157,1.0502777509714921e-07
42,40%,error_influence,959.4368910038611,0.00020902155905819095,0.002668870593449668,2.1785858040072986e-07
42,40%,heuristic,999.4580970014795,0.00010070147396014882,0.0004212662575291404,1.0075607397875707e-07
42,40%,learned_utility,1115.1992689992767,5.4862799073074904e-05,0.0004323400932015886,4.9195512047193145e-08
42,60%,oracle_reference,1219.0492470035679,0.0002006972363826563,0.001792710767693606,1.646342318622251e-07
42,60%,no_op,0.0,0.0,0.0,0.0
42,60%,random,1211.7357180031831,0.00012753517357119655,0.0012278042364588515,1.0524999112955217e-07
42,60%,random,1252.8707180026686,0.00018514833932938696,0.0024472851649139926,1.4777928533963278e-07
42,60%,random,1067.4917609940167,0.0002010349740340091,0.0022497946377768585,1.8832461418419877e-07
42,60%,random,1184.1115189963602,0.00014476213803524333,0.001288481210968584,1.2225380440344175e-07
42,60%,random,1099.9138150000363,0.00015822778672561932,0.0022194493283684835,1.438547134946333e-07
42,60%,error_only,1200.0453209984698,0.00017173202892756977,0.0012740342353829703,1.4310461940277733e-07
42,60%,error_influence,1161.1969830046291,0.00024414824111796665,0.002722341814026308,2.102556626406541e-07
42,60%,heuristic,1126.500815997133,0.00012111298550516797,0.000440043647715882,1.0751255905479629e-07
42,60%,learned_utility,1125.071342998126,5.4862799073074904e-05,0.0004323400932015886,4.876384010179725e-08
42,80%,oracle_reference,1276.494839003135,0.000206681818037012,0.001799453488887437,1.619135555600193e-07
42,80%,no_op,0.0,0.0,0.0,0.0
42,80%,random,1309.9052649995429,0.00014818602922409316,0.0015167498037573779,1.1312728728069115e-07
42,80%,random,1308.672890998423,0.0002128780614306597,0.002671279192830056,1.6266712858111479e-07
42,80%,random,1291.3745059995563,0.00020835601057580296,0.0022676165849873087,1.613443734623909e-07
42,80%,random,1397.1273509960156,0.00018177247140873043,0.0014791857928635466,1.3010443985592607e-07
42,80%,random,1329.9266230023932,0.00023877627772640812,0.0024631811344431043,1.7954094127941857e-07
42,80%,error_only,1211.754493000626,0.00020004692646506135,0.0014965229882868414,1.6508866079769345e-07
42,80%,error_influence,1343.7246289977338,0.00026413180469326755,0.0027030728298349516,1.9656691482262992e-07
42,80%,heuristic,1304.671532001521,0.00014523048753015382,0.0007318258352366769,1.1131574803916585e-07
42,80%,learned_utility,1149.0180610053358,5.4862799073074904e-05,0.0004323400932015886,4.7747551526798964e-08
43,10%,oracle_reference,757.3057140034507,0.00010002868149970394,0.0006925975178617705,1.3208494224995133e-07
43,10%,no_op,0.0,0.0,0.0,0.0
43,10%,random,700.2755950015853,2.7845960673897358e-06,-1.0277787053425413e-05,3.976428833541503e-09
43,10%,random,692.3939359985525,3.8027285121839325e-06,7.829335269704529e-05,5.492145893363056e-09
43,10%,random,691.8983750001644,2.7094442141498456e-06,3.446099292148119e-05,3.915956897787485e-09
43,10%,random,690.4255640038173,2.5593137022745604e-06,-4.534320815707815e-06,3.706864049808576e-09
43,10%,random,664.9195339996368,2.3467658899353395e-06,5.74347983217649e-06,3.5293983255673484e-09
43,10%,error_only,662.4270760003128,2.3467658899353395e-06,5.74347983217649e-06,3.5426780923644362e-09
43,10%,error_influence,712.7673360009794,7.863363847375514e-05,0.0004963856111519505,1.1032160777026276e-07
43,10%,heuristic,673.3859290034161,7.735206056913495e-05,0.0005099901568783594,1.148703250803189e-07
43,10%,learned_utility,702.4420809975709,1.2865572290563332e-05,0.00015930880972803152,1.831549196524834e-08
43,20%,oracle_reference,832.0406939965324,0.00011673230675522992,0.0008939582441982452,1.4029639126727187e-07
43,20%,no_op,0.0,0.0,0.0,0.0
43,20%,random,733.2937730025151,1.0766280963662834e-05,0.00014207778374952795,1.4682084261509073e-08
43,20%,random,814.3359910027357,8.194699974365397e-05,0.0005922229850483518,1.0063045309190894e-07
43,20%,random,747.3436319996836,7.792130410812993e-05,0.0005350830974606424,1.042643581502584e-07
43,20%,random,796.8061909996322,1.625305439451732e-05,0.00019256186014970922,2.039775114463791e-08
43,20%,random,737.3529019969283,8.254057948249269e-05,0.0005538273163505636,1.1194175714091995e-07
43,20%,error_only,702.9567190038506,8.512311694522249e-05,0.00048701361555103517,1.2109297008477162e-07
43,20%,error_influence,745.5891799982055,8.641359659556662e-05,0.0005190598777069511,1.1589974601800767e-07
43,20%,heuristic,753.1299280017265,8.866890752714843e-05,0.0005692460086628159,1.1773387861827894e-07
43,20%,learned_utility,747.7697680005804,1.574492111329232e-05,0.0001747261014486412,2.105584069732022e-08
43,40%,oracle_reference,936.693137002294,0.00014751033666442857,0.0013054766921527516,1.5747989478871064e-07
43,40%,no_op,0.0,0.0,0.0,0.0
43,40%,random,835.5975979939103,0.00011834859199739566,0.0009214722215844517,1.4163347558863873e-07
43,40%,random,995.2223689979292,3.4312971518397387e-05,0.00048187414268063833,3.4477693214378286e-08
43,40%,random,997.9301759958616,0.00011546981843185914,0.0008310698075675305,1.1570931635234767e-07
43,40%,random,934.5043360008276,2.5094796267806842e-05,0.00021976909078702533,2.6853589973909567e-08
43,40%,random,887.0130309951492,0.00010200411261881124,0.0007899509375306479,1.149973101346344e-07
43,40%,error_only,938.2150039964472,9.12493204586526e-05,0.0005970602587233031,9.725843231025341e-08
43,40%,error_influence,974.3358819978312,0.00012645850726054192,0.0008978888017239228,1.2978943873158458e-07
43,40%,heuristic,830.810872001166,9.3413810269588e-05,0.0006910858360047456,1.124369136438755e-07
43,40%,learned_utility,909.6537879959214,2.432043295287907e-05,0.0001786560080905275,2.6735922252860574e-08
43,60%,oracle_reference,1013.8835129982908,0.0001591248087776828,0.0014291515020818935,1.5694584904247382e-07
43,60%,no_op,0.0,0.0,0.0,0.0
43,60%,random,1086.0586929993588,0.00014313819991918116,0.001219299505695659,1.3179600774970793e-07
43,60%,random,1193.420925999817,5.187053275786867e-05,0.0007110400788832294,4.346373658096609e-08
43,60%,random,1084.6731409983477,0.00013349188032358778,0.0010158071816999126,1.230710665525654e-07
43,60%,random,1096.0966190032195,0.00014730268197513588,0.001235930057644552,1.3438841012856296e-07
43,60%,random,1220.484552999551,0.00011377390825939205,0.0008537458215638338,9.322027712663227e-08
43,60%,error_only,1026.4777230040636,0.0001279165134786183,0.0009876878926871058,1.246169406426679e-07
43,60%,error_influence,1060.2173910010606,0.00014460133031199592,0.0011733390387824727,1.3638837802449446e-07
43,60%,heuristic,1031.0473409990664,0.00010365357069024687,0.00079962593074967,1.0053230978687013e-07
43,60%,learned_utility,1061.6351509961532,5.730015365234822e-05,0.0006393866332210507,5.397348947854859e-08
43,80%,oracle_reference,1173.8138440050534,0.00016748952355518222,0.0015165424277689965,1.4268831843361795e-07
43,80%,no_op,0.0,0.0,0.0,0.0
43,80%,random,1234.7819580027135,0.00016378407960893738,0.0014787433686667129,1.3264210620137474e-07
43,80%,random,1238.067140999192,0.00013794965289565172,0.0012682842229878588,1.114234021139745e-07
43,80%,random,1217.7240629971493,0.00014791665431907928,0.001156103989087498,1.214697638108721e-07
43,80%,random,1175.7121640039259,0.00016845267463663018,0.0015180543969766092,1.4327713856677226e-07
43,80%,random,1298.9701619953848,0.0001468766512908781,0.0011833172567108363,1.1307161287312153e-07
43,80%,error_only,1172.818275001191,0.00015801369994671862,0.0014415494156398978,1.3472990941120708e-07
43,80%,error_influence,1208.5358049953356,0.00016303971636440938,0.0014037510092332894,1.349068150819401e-07
43,80%,heuristic,1186.314828999457,0.0001497059287202141,0.001328759944719593,1.261940970985558e-07
43,80%,learned_utility,1205.0270580002689,7.20869303876977e-05,0.0008643280019473565,5.982183545930104e-08
43,10%,oracle_reference,762.380646992824,5.1708428838670656e-05,0.0005603781265683949,6.782494944307967e-08
43,10%,no_op,0.0,0.0,0.0,0.0
43,10%,random,804.9024260035367,8.222424718654692e-06,2.0558670604131635e-05,1.0215430408727037e-08
43,10%,random,945.3047179995338,-3.833967641088371e-07,-0.00013147756875220296,-4.0558008101365065e-10
43,10%,random,787.3427329977858,4.228404707862702e-06,-1.0996458279066701e-05,5.370475309733497e-09
43,10%,random,754.1744510017452,2.313640798477648e-05,0.0003083902782030634,3.067779338592702e-08
43,10%,random,763.4339639989776,-1.2057952277682656e-05,-0.00026964425170028505,-1.579436185223062e-08
43,10%,error_only,750.3160330015817,-2.946383466356425e-06,-0.00013434612588447692,-3.9268566001044175e-09
43,10%,error_influence,775.2884689980419,3.408536206129094e-05,0.0004657016604951991,4.396474786390383e-08
43,10%,heuristic,757.0195959997363,-9.534435806430935e-06,-6.0719226391725556e-05,-1.259470145398225e-08
43,10%,learned_utility,812.2416510013863,9.321490349192136e-06,1.2430812452279838e-05,1.1476252587761256e-08
43,20%,oracle_reference,865.8537030059961,5.7292967063718147e-05,0.0007583446798964388,6.616933884421048e-08
43,20%,no_op,0.0,0.0,0.0,0.0
43,20%,random,899.0027870022459,1.8953584595634657e-05,0.00019985352794016364,2.108289859571626e-08
43,20%,random,849.7301079987665,1.2264421459976144e-05,7.50635241608677e-05,1.4433313995264421e-08
43,20%,random,856.0107040029834,8.610381739435088e-06,-1.7689940992937636e-05,1.0058731391056389e-08
43,20%,random,890.4686939931707,2.554241460762149e-05,0.00029213349972145863,2.8684236492448077e-08
43,20%,random,830.3026620051241,1.4719864060553326e-05,-0.00015012315623863515,1.772831129434881e-08
43,20%,error_only,857.1532599962666,-8.501189969122744e-07,-3.3467511215690138e-06,-9.917934593353553e-10
43,20%,error_influence,844.1777420011931,3.920767111134818e-05,0.00045183507864798855,4.6444805590826356e-08
43,20%,heuristic,848.8193779994617,-1.1167374070642642e-05,-0.00012621854242489405,-1.3156360893836384e-08
43,20%,learned_utility,938.3393629977945,3.248394353460444e-05,0.0003208219733945583,3.461854507608543e-08
43,40%,oracle_reference,932.2245889998158,8.272721845393683e-05,0.0009783181011542297,8.874172536329996e-08
43,40%,no_op,0.0,0.0,0.0,0.0
43,40%,random,912.177944999712,1.3877835625480786e-05,6.119818952399214e-05,1.5213956554809233e-08
43,40%,random,986.9441499977256,2.6061469309419946e-05,0.00013100342726701797,2.6406225022439217e-08
43,40%,random,1002.4016029929044,2.4607773490377603e-05,0.00011713791403344942,2.4548816978050853e-08
43,40%,random,1045.2276869982597,3.540653616274354e-05,0.0004790901263600489,3.38744721395832e-08
43,40%,random,1021.9505659988499,2.140720982101342e-05,-5.402580999636086e-05,2.094740248036372e-08
43,40%,error_only,998.0278430011822,4.9621022910281045e-05,0.0005116051438651681,4.97190767354396e-08
43,40%,error_influence,1005.9537429988268,3.22445230332898e-05,0.00026774844610244486,3.205368363873905e-08
43,40%,heuristic,951.1899490025826,3.7133168340329366e-05,0.0003533358059844005,3.9038646675427125e-08
43,40%,learned_utility,1002.2642099938821,5.223159227273891e-05,0.000527862743906482,5.211359614752455e-08
43,60%,oracle_reference,1117.3449430061737,9.686272403075115e-05,0.0009917081474100087,8.669008137285314e-08
43,60%,no_op,0.0,0.0,0.0,0.0
43,60%,random,1079.9836229998618,4.738468944619127e-05,0.0006722711565938511,4.3875377771536204e-08
43,60%,random,1098.8719949964434,7.516843044072158e-05,0.0007239150658655547,6.840508337912904e-08
43,60%,random,1177.6324170059524,4.74282833441295e-05,0.0002495792794796614,4.0274267809910136e-08
43,60%,random,1209.837577000144,4.462528110443783e-05,0.0003734180006613741,3.68853488706216e-08
43,60%,random,1225.5910329986364,5.38783064680557e-05,0.00027396423108072554,4.3961080831533506e-08
43,60%,error_only,1063.60758899973,7.235103112580218e-05,0.0007267841899434302,6.80241772191986e-08
43,60%,error_influence,1178.5021030009375,4.88037733422816e-05,0.000400672556253312,4.141169813614051e-08
43,60%,heuristic,1120.236616996408,5.431140677010684e-05,0.0005799831072845762,4.848208489714186e-08
43,60%,learned_utility,1140.7041280035628,5.374025506970566e-05,0.0005469894101075568,4.7111475930012424e-08
43,80%,oracle_reference,1269.4225009981892,9.973087561364064e-05,0.0009697102360739507,7.85639734093408e-08
43,80%,no_op,0.0,0.0,0.0,0.0
43,80%,random,1267.3510229942622,4.0958669311977095e-05,0.0004819590887006342,3.2318330572067985e-08
43,80%,random,1255.2658499989775,8.801042078637636e-05,0.0008377251078997006,7.01129731095991e-08
43,80%,random,1334.2824930005008,5.409341843223798e-05,0.0004504006071908151,4.0541203767572536e-08
43,80%,random,1222.8735759999836,6.410348632864159e-05,0.0005928937526746836,5.242037082714955e-08
43,80%,random,1392.4015700031305,5.331126316085019e-05,0.00021802248653202128,3.8287275962156764e-08
43,80%,error_only,1365.9819189997506,7.15895681900061e-05,0.000597675482927329,5.240886954230553e-08
43,80%,error_influence,1302.733762000571,6.6771980012555e-05,0.0005771140801886787,5.1255277141213545e-08
43,80%,heuristic,1236.3495500030695,6.378913892052237e-05,0.0006397549361878418,5.15947443183556e-08
43,80%,learned_utility,1253.7396909974632,5.130100483389331e-05,0.000481480928177902,4.091838617079972e-08
44,10%,oracle_reference,662.1651790046599,9.511668908815354e-05,0.00037699043897632123,1.4364495763901255e-07
44,10%,no_op,0.0,0.0,0.0,0.0
44,10%,random,717.9000560063287,1.85341027349575e-05,0.0002249205903179785,2.5817107242005998e-08
44,10%,random,723.2586220052326,3.0945673691042665e-05,5.774059932939224e-05,4.2786456669186836e-08
44,10%,random,699.5912490019691,1.1978640710798557e-05,0.00017745653905087977,1.712234212175636e-08
44,10%,random,656.2730880032177,1.556043974348494e-05,0.0004308056967978757,2.3710312106244172e-08
44,10%,random,657.3583400022471,8.67198591215361e-06,6.862373021299106e-05,1.3192174472334168e-08
44,10%,error_only,646.8171649976284,7.341555044758245e-05,0.00034826908553498015,1.1350278629023649e-07
44,10%,error_influence,648.9078390004579,7.341555044758245e-05,0.00034826908553498015,1.1313709903808181e-07
44,10%,heuristic,672.8815280002891,6.968660349364903e-05,0.00036943216965568126,1.0356444722260095e-07
44,10%,learned_utility,703.1099269952392,3.483564282597488e-05,0.0003234781752965432,4.9545087458579934e-08
44,20%,oracle_reference,713.9084749942413,0.0001254015974326688,0.001098714587650207,1.7565500596372713e-07
44,20%,no_op,0.0,0.0,0.0,0.0
44,20%,random,778.4893349962658,8.883295214182928e-05,0.0005653467588828676,1.1410940156586138e-07
44,20%,random,764.0274809964467,3.521783276811935e-05,9.583167673810067e-05,4.6094981717396024e-08
44,20%,random,773.0879539958551,4.206559310695224e-05,0.0007739692320924974,5.441242861116651e-08
44,20%,random,774.7969269985333,2.4108270822707783e-05,0.0004453177905929806,3.111559943338988e-08
44,20%,random,802.4435199986328,1.7397384113871308e-05,7.648378614533158e-05,2.16805091950907e-08
44,20%,error_only,726.4363100039191,0.00011704182562752053,0.0011721938608868498,1.611178075981487e-07
44,20%,error_influence,687.9269600030966,8.89785870947801e-05,0.0007785046145478702,1.293430731285478e-07
44,20%,heuristic,772.1782959997654,8.316002989916261e-05,0.0007549206774921657,1.0769537337421859e-07
44,20%,learned_utility,786.545291004586,0.0001312381304638508,0.001032493591665684,1.6685387601295242e-07
44,40%,oracle_reference,852.7384379995055,0.00017154990612177912,0.0017289229030676978,2.0117529417839918e-07
44,40%,no_op,0.0,0.0,0.0,0.0
44,40%,random,955.3678849988501,0.00010574121323933465,0.0006391193576966714,1.1068114691699306e-07
44,40%,random,900.452387999394,6.542599367976974e-05,0.0007933202302492504,7.265902623139445e-08
44,40%,random,950.590670996462,9.704914764913048e-05,0.0014029208117598557,1.0209351996627336e-07
44,40%,random,899.8237400010112,7.651097588519833e-05,0.0009514573996707298,8.50288478553726e-08
44,40%,random,898.6595230016974,1.603038850055118e-05,6.832142065249514e-05,1.7838111198117135e-08
44,40%,error_only,847.8293539956212,0.00017826158755267086,0.0016248898925450561,2.102564469047524e-07
44,40%,error_influence,863.9229039981728,0.00016547537430945024,0.001915523238221084,1.9153951532439082e-07
44,40%,heuristic,840.3782280001906,0.00012874369834632585,0.0013711686691362246,1.5319732717575432e-07
44,40%,learned_utility,940.7821869972395,0.0001367286830552009,0.0010457981856024645,1.453351104484742e-07
44,60%,oracle_reference,1001.2477620039135,0.00018316972379116902,0.0018517092555505599,1.829414563929413e-07
44,60%,no_op,0.0,0.0,0.0,0.0
44,60%,random,1199.1260750000947,0.00012747739433255047,0.0009925800544028363,1.0630858338439551e-07
44,60%,random,1143.136382001103,0.00017817681722234508,0.0016844666314366208,1.558666315128908e-07
44,60%,random,1056.3259129994549,0.00017824938433206488,0.0020697694383180476,1.6874468583841025e-07
44,60%,random,1006.7530829983298,0.00019204449935058773,0.0016684382913716433,1.9075630618248262e-07
44,60%,random,1070.7929720010725,6.387595837424557e-05,0.0007225685619260958,5.965294883741691e-08
44,60%,error_only,973.2218080025632,0.0001953984887187514,0.0019022159796229232,2.0077487692120929e-07
44,60%,error_influence,1033.2036949985195,0.00020177359198425302,0.0019748015219001047,1.9528926673509636e-07
44,60%,heuristic,969.287059000635,0.00019973267869296456,0.002051320094574649,2.0606143127392533e-07
44,60%,learned_utility,1055.8262859995011,0.00015622464469519496,0.0014579584089133846,1.4796434486124242e-07
44,80%,oracle_reference,1117.0900270008133,0.00018957822279341946,0.0018798356821143614,1.6970720193644827e-07
44,80%,no_op,0.0,0.0,0.0,0.0
44,80%,random,1296.6996229952201,0.00017908800870114548,0.0017349714105687752,1.3811063528149545e-07
44,80%,random,1285.1684760025819,0.00012205829733509524,0.0014071544483176268,9.497454972965741e-08
44,80%,random,1228.8137299983646,0.00017967304096323973,0.001998089640430578,1.462166613026686e-07
44,80%,random,1182.4848679971183,0.00019668372219039086,0.001713196822990426,1.663308575978075e-07
44,80%,random,1278.39768800186,0.00011845065551617658,0.0013669350676579484,9.265556143277713e-08
44,80%,error_only,1189.8918349979795,0.00020547403744340613,0.0021284449213894163,1.726829543659782e-07
44,80%,error_influence,1110.5989839998074,0.00021376671550714282,0.0021284449213894163,1.9247876018872703e-07
44,80%,heuristic,1131.580932000361,0.0002102928019674169,0.0021499191365421666,1.8583982463867623e-07
44,80%,learned_utility,1142.2061490011401,0.00020376222248389434,0.001809671172637195,1.7839356114663233e-07
44,10%,oracle_reference,725.818518003507,3.7855388455476535e-05,0.0001804688642117469,5.2155445908991845e-08
44,10%,no_op,0.0,0.0,0.0,0.0
44,10%,random,742.9815480063553,-4.0098977984355e-06,-5.7114913369460396e-05,-5.397035510767758e-09
44,10%,random,752.1216059976723,2.8152543927205046e-06,-0.00014638545832568184,3.743084057512393e-09
44,10%,random,798.713381998823,1.0422701518457637e-05,1.3438912304764017e-05,1.304936383108327e-08
44,10%,random,800.5355339992093,1.4409741832718653e-06,-1.919841221109664e-06,1.8000127690437894e-09
44,10%,random,726.4894469990395,4.032425271241502e-05,0.0003844653065510073,5.550562761645777e-08
44,10%,error_only,680.7241120040999,3.7855388455476535e-05,0.0001804688642117469,5.5610470949864835e-08
44,10%,error_influence,723.6120929956087,2.2744536118309104e-05,-5.327527887999395e-05,3.143194584290499e-08
44,10%,heuristic,763.7748929992085,2.5157544028579506e-05,0.0001862286323053297,3.293842761679465e-08
44,10%,learned_utility,760.102915999596,7.611385614010688e-06,1.1519065143517082e-05,1.0013625068127924e-08
44,20%,oracle_reference,719.5263620014885,8.060950044209159e-05,0.0003470252415578301,1.1203133713942345e-07
44,20%,no_op,0.0,0.0,0.0,0.0
44,20%,random,881.5572270032135,3.901954265085033e-05,8.9753524337155e-05,4.426206428310308e-08
44,20%,random,868.7091930041788,1.2767839466742254e-05,-0.00011998844524896413,1.4697484002199152e-08
44,20%,random,790.8864130004076,2.4104958639522397e-05,0.000179028923382063,3.0478407826067906e-08
44,20%,random,865.2677130012307,-5.91227982702702e-06,-0.0001310272156906933,-6.8328908362013624e-09
44,20%,random,762.6402060050168,2.236379074563259e-05,-2.927748639969252e-05,2.9324169601262115e-08
44,20%,error_only,800.6042720007827,5.16904031845465e-05,6.575507412165393e-05,6.456423603057662e-08
44,20%,error_influence,771.9274190021679,5.4207609793947994e-05,-0.00018670058683412094,7.022371334343774e-08
44,20%,heuristic,810.4883650012198,6.662455407099941e-05,0.00016942933005026362,8.220297409315573e-08
44,20%,learned_utility,811.357031998341,2.70416936798603e-05,6.287526900727869e-05,3.332896938510245e-08
44,40%,oracle_reference,922.5562820065534,0.00011726289277195686,0.000602392091819226,1.2710649210139343e-07
44,40%,no_op,0.0,0.0,0.0,0.0
44,40%,random,963.9465250002104,2.9797716234870223e-05,-0.0002654099972527746,3.091220878135716e-08
44,40%,random,926.0203439989709,3.2573626619763816e-05,-3.93565753924463e-05,3.517592980635425e-08
44,40%,random,1041.9468019972555,4.991497792755386e-05,0.0005327887361499251,4.790549558948148e-08
44,40%,random,965.6156499986537,4.6576374635665774e-05,0.0003940653752074752,4.8234900330924334e-08
44,40%,random,940.8906070020748,3.908292518526994e-05,0.00012335157742882075,4.1538224416755976e-08
44,40%,error_only,941.1371999958646,9.679878947657804e-05,0.00024046682316480883,1.0285300536096478e-07
44,40%,error_influence,987.2611539976788,8.350145118224503e-05,7.871422076810575e-05,8.457888861941525e-08
44,40%,heuristic,948.7693449991639,8.326130401014834e-05,0.0002399868362026325,8.775716084104901e-08
44,40%,learned_utility,935.240546001296,5.527614337142403e-05,-0.00033931875472781314,5.91036644077955e-08
44,60%,oracle_reference,1032.7968480050913,0.00012141729392457219,0.0003734252538301064,1.1756164260095965e-07
44,60%,no_op,0.0,0.0,0.0,0.0
44,60%,random,1084.8296490003122,4.853914137225894e-05,-0.00018046136523253153,4.474356081343143e-08
44,60%,random,1058.10529399605,4.137135290388823e-05,7.487446958265309e-05,3.9099466885421964e-08
44,60%,random,1081.767090006906,8.090459889951028e-05,0.0007320013128833125,7.478929581689694e-08
44,60%,random,1120.4659909999464,7.296612355588874e-05,9.983291297288588e-05,6.512123004355625e-08
44,60%,random,1184.0479029997368,7.342521420940334e-05,0.0005721504967937108,6.201203010738296e-08
44,60%,error_only,1147.7303619976738,0.00010745943151749249,0.00037198524902315455,9.362776752760532e-08
44,60%,error_influence,1083.397436006635,0.00011409593218704735,0.00019582826277009246,1.05313090464383e-07
44,60%,heuristic,1051.862385997083,0.00012035880964781369,0.00044638612236802544,1.1442448294576384e-07
44,60%,learned_utility,1047.8199209974264,9.639401066000158e-05,8.879358378344193e-05,9.199482537824202e-08
44,80%,oracle_reference,1206.3241449941415,0.00012714157712560734,0.000431025837656307,1.0539586532625093e-07
44,80%,no_op,0.0,0.0,0.0,0.0
44,80%,random,1231.6840090061305,9.106756828446029e-05,0.0003575852272081903,7.393744468432651e-08
44,80%,random,1178.647771004762,8.214803611722023e-05,0.00026734617762613766,6.969684933709372e-08
44,80%,random,1173.9368589987862,0.0001196856700762289,0.000671996563024635,1.0195239135629921e-07
44,80%,random,1261.2406059997738,9.381920985480956e-05,0.0002543864681001651,7.438644887304428e-08
44,80%,random,1248.779232002562,8.171968221279049e-05,0.0004454261029849249,6.543965507958002e-08
44,80%,error_only,1245.232762004889,0.00012837875532948988,0.000528948583479405,1.0309619152871745e-07
44,80%,error_influence,1206.7343219969189,0.00013196538783745318,0.00042670576737080523,1.0935744963238903e-07
44,80%,heuristic,1267.1765760023845,0.00012729310369257983,0.0005385489715195035,1.0045411673735066e-07
44,80%,learned_utility,1278.7770479990286,9.355082988670266e-05,3.167750266719338e-05,7.315648183792998e-08
45,10%,oracle_reference,748.0906030032202,0.000355911554408039,0.004533674700208934,4.7575995872589106e-07
45,10%,no_op,0.0,0.0,0.0,0.0
45,10%,random,685.0819059982314,5.011401364681933e-07,-8.766366391910196e-06,7.315039735839806e-10
45,10%,random,769.4949049982824,0.00015612055843627047,0.0015005185114382869,2.0288705931928027e-07
45,10%,random,710.2197169951978,6.575707257547545e-08,-7.829209385334934e-05,9.258694316975724e-11
45,10%,random,713.4837160047027,7.360073934442679e-05,0.001372003276435052,1.0315685935562637e-07
45,10%,random,787.637175002601,1.658721900544629e-05,6.529487194484318e-05,2.105946688637635e-08
45,10%,error_only,716.1768000005395,0.00010921890736034395,0.0005278283212710733,1.5250271631287367e-07
45,10%,error_influence,686.5852679984528,0.00010921890736034395,0.0005278283212710733,1.5907551829467753e-07
45,10%,heuristic,754.6994220028864,0.0002224589014226127,0.0028182458464982574,2.947649023398376e-07
45,10%,learned_utility,733.1834270007676,0.00027560830087468996,0.005019079492850409,3.759063431126921e-07
45,20%,oracle_reference,859.0465800007223,0.0005653637833109865,0.00704480772730065,6.581293686199311e-07
45,20%,no_op,0.0,0.0,0.0,0.0
45,20%,random,738.3616220031399,2.986245375427615e-05,0.000295950820156321,4.04442117038271e-08
45,20%,random,799.0589210021426,0.00017422446616949342,0.0018718733140286048,2.180370703464385e-07
45,20%,random,805.8318420007708,4.3738500283361775e-05,0.0005689447897374578,5.427745343838117e-08
45,20%,random,737.7885069945478,7.64056659681152e-05,0.001382284355287311,1.0356039060483744e-07
45,20%,random,788.4885969979223,1.9590886443602522e-05,3.1740440133987136e-05,2.4846125255574427e-08
45,20%,error_only,741.3685259962222,0.0002686755683963075,0.0015343866888848368,3.624048755445502e-07
45,20%,error_influence,839.1188929963391,0.0003848441493733357,0.005547215532383021,4.586288696219532e-07
45,20%,heuristic,838.8517730054446,0.00037340257934948993,0.005574153705135032,4.451353521154999e-07
45,20%,learned_utility,830.7923340034904,0.0003233527132854245,0.0057951135630816,3.8921003486783014e-07
45,40%,oracle_reference,949.2204959969968,0.0006144168621410256,0.007697346678217087,6.472857094132631e-07
45,40%,no_op,0.0,0.0,0.0,0.0
45,40%,random,989.3259710006532,0.0002384681332229571,0.0019931450744863355,2.410410119748081e-07
45,40%,random,939.5692440011771,0.00020077397355508638,0.002081152387676255,2.1368725598135355e-07
45,40%,random,902.5289290002547,0.000175186511223474,0.0029522487811650677,1.9410625587096782e-07
45,40%,random,946.4571080025053,0.00019330766893925635,0.003029385528313,2.0424345414577907e-07
45,40%,random,986.0681800055318,6.631931512064422e-05,0.0006611559322333704,6.725631803702678e-08
45,40%,error_only,909.385821003525,0.000548489414382506,0.0066218452927522264,6.031426944585932e-07
45,40%,error_influence,965.662867994979,0.0005595434102388734,0.006749304939916101,5.794397079807595e-07
45,40%,heuristic,913.0862029996933,0.0005637797387037824,0.007122017198899044,6.174441546172084e-07
45,40%,learned_utility,963.088220996724,0.0003691579312561986,0.006323343988594132,3.833064543912165e-07
45,60%,oracle_reference,1078.6321199993836,0.0006255394969161258,0.00779031496270477,5.799377612790571e-07
45,60%,no_op,0.0,0.0,0.0,0.0
45,60%,random,1023.7753080000402,0.0002973564560696845,0.002955576220413647,2.904508965454291e-07
45,60%,random,1068.347149004694,0.00026294292336340814,0.0030877683694043867,2.4612123840867087e-07
45,60%,random,1039.1476669974509,0.00019034450626052366,0.002957693683081075,1.8317368388124438e-07
45,60%,random,1050.1626690020203,0.00016966060919588262,0.0025333142973522627,1.6155650377204204e-07
45,60%,random,1108.9220309950178,0.00017758040744447163,0.0013825867403269854,1.6013786585620596e-07
45,60%,error_only,980.6002430050285,0.0005698667657522155,0.006913403390516493,5.811407551826328e-07
45,60%,error_influence,1070.941350000794,0.0006246815970116967,0.007711882304796802,5.833014076926187e-07
45,60%,heuristic,1004.8003569972934,0.0006216373175791208,0.0077736592605184285,6.186674927512942e-07
45,60%,learned_utility,993.7005469982978,0.00046416108002970264,0.00682772021564837,4.6710357706032113e-07
45,80%,oracle_reference,1142.8773939987877,0.0006277481876005183,0.00775094704229673,5.492699312251722e-07
45,80%,no_op,0.0,0.0,0.0,0.0
45,80%,random,1093.0904550041305,0.0003093288760516135,0.0030079081003044905,2.8298561627312413e-07
45,80%,random,1190.0237590016332,0.00038115037880721576,0.005268158000859557,3.2028804124631994e-07
45,80%,random,1173.2277320043067,0.00031295949199858155,0.0038958311915955335,2.667508476499537e-07
45,80%,random,1191.9954490003875,0.0003216032261141329,0.003953015425215867,2.698023942824872e-07
45,80%,random,1209.0046980010811,0.0002745360700035372,0.0031295140945228894,2.2707609859369767e-07
45,80%,error_only,1150.57217899448,0.0006137164081810348,0.007454790589171978,5.334010498301638e-07
45,80%,error_influence,1150.7961840034113,0.000626650106636455,0.007657676778244138,5.44536135370603e-07
45,80%,heuristic,1181.6331209993223,0.000626691486591831,0.007738531079882094,5.303604608356187e-07
45,80%,learned_utility,930.7683570004883,0.00046416108002970264,0.00682772021564837,4.986859260294547e-07
45,10%,oracle_reference,733.7832609991892,0.00010022017459096414,0.0011277957982507303,1.3658007741208869e-07
45,10%,no_op,0.0,0.0,0.0,0.0
45,10%,random,843.3672910032328,7.069795513563746e-05,0.001145097034617848,8.382819192755065e-08
45,10%,random,896.186732003116,4.70385375407723e-06,-0.00038531516003104116,5.248742908259073e-09
45,10%,random,746.8493109990959,4.804886288913023e-06,-2.7866831670664283e-05,6.433541837891366e-09
45,10%,random,743.9874580013566,7.080951994439713e-05,0.0011921951939282138,9.517569037335574e-08
45,10%,random,841.1869069968816,9.384743568121965e-06,1.9218608784399294e-05,1.1156549739494169e-08
45,10%,error_only,742.0614250004292,1.1866469225457898e-05,3.074981487927175e-05,1.5991222324285398e-08
45,10%,error_influence,751.239903998794,1.1866469225457898e-05,3.074981487927175e-05,1.5795845191787025e-08
45,10%,heuristic,907.0701169985114,1.8712591168587298e-05,1.9218608784399294e-05,2.0629707470142586e-08
45,10%,learned_utility,996.1003640055424,4.03259245490286e-05,0.00018354118613572723,4.048379661951838e-08
45,20%,oracle_reference,861.9336999981897,0.00016604669255329793,0.002094367713127099,1.9264439080830308e-07
45,20%,no_op,0.0,0.0,0.0,0.0
45,20%,random,988.8680119984201,0.0001631721862083652,0.0021188832739511554,1.6500906514167422e-07
45,20%,random,911.8797460032511,2.4285756843622708e-05,-0.000184974760976786,2.6632631056964087e-08
45,20%,random,798.0870770043111,3.59186365587594e-06,-0.000209957761153845,4.500591175286675e-09
45,20%,random,867.6401650009211,8.626365062538909e-05,0.001209496686850997,9.94233025453559e-08
45,20%,random,951.6379780034185,-2.6686441836114172e-05,-0.0005741167176065431,-2.804264063956715e-08
45,20%,error_only,780.9785010031192,5.5396409226278064e-05,6.438267419639487e-05,7.09320540259748e-08
45,20%,error_influence,902.8396840003552,7.738329062746544e-05,0.00039544000334679197,8.571099830768515e-08
45,20%,heuristic,870.459251003922,6.42453374131729e-05,0.00023207038796435597,7.38062549614783e-08
45,20%,learned_utility,893.4040120002464,9.957298936350524e-05,0.0011556700463284386,1.1145348355954973e-07
45,40%,oracle_reference,974.8084849998122,0.0001917428058352184,0.001797307797854586,1.9669792455207788e-07
45,40%,no_op,0.0,0.0,0.0,0.0
45,40%,random,1047.4355830010609,0.0002006784024036838,0.00236308504242011,1.9159020913602145e-07
45,40%,random,955.273056999431,4.098007584200413e-05,-0.00017344409703845542,4.2898808400108094e-08
45,40%,random,968.3960809998098,8.855587189416167e-05,0.000981699217298626,9.144592138656028e-08
45,40%,random,976.0430739988806,7.282359816598246e-05,0.0007505498639375219,7.461104955913654e-08
45,40%,random,1001.0542680029175,-2.499771895667851e-06,-0.0005563418573437673,-2.497139241666532e-09
45,40%,error_only,864.3747610040009,4.923273527461552e-05,-0.0003358314604717805,5.6957627056845125e-08
45,40%,error_influence,936.7263690000982,0.0001638427485752576,0.0015286254723569925,1.7490993527827166e-07
45,40%,heuristic,1019.7833179990994,7.734801758971745e-05,-0.0003079666048133589,7.584750233165293e-08
45,40%,learned_utility,938.119236001512,0.00012398129178697404,0.0007409389306172187,1.3215941751222572e-07
45,60%,oracle_reference,957.7929690058227,0.00022325854659550204,0.0018290316740667834,2.3309687356260474e-07
45,60%,no_op,0.0,0.0,0.0,0.0
45,60%,random,1077.2610229978454,0.00022714092325948294,0.0025476876184313824,2.10850405250332e-07
45,60%,random,1099.571468999784,6.442214086826004e-05,-0.000388197688259595,5.85884071063258e-08
45,60%,random,988.4036770017701,0.00010851797314136689,0.0011523059034459493,1.0979114674132536e-07
45,60%,random,1099.7723059990676,0.00011517794278626862,0.0007005732429270495,1.0472889902572822e-07
45,60%,random,1179.5695459950366,6.741581724487692e-05,0.0005025945883918581,5.715289740547489e-08
45,60%,error_only,1047.5950869949884,6.476356109563907e-05,-0.00041510119278775903,6.18211768073602e-08
45,60%,error_influence,1102.2437869978603,0.0001504501240000593,0.0007899549129177785,1.364944178182529e-07
45,60%,heuristic,1063.673838005343,0.0001491625295835363,0.0007553553385726275,1.4023333493211953e-07
45,60%,learned_utility,1017.8501699992921,0.00014861032444926815,0.0008183075473855439,1.4600412597992836e-07
45,80%,oracle_reference,1188.5858649984584,0.0002418742776334005,0.0019818863258169728,2.0349752151369747e-07
45,80%,no_op,0.0,0.0,0.0,0.0
45,80%,random,1244.4572259992128,0.0001982668308031074,0.001980444275663018,1.59319924109013e-07
45,80%,random,1314.70691600407,0.0001406679933482626,0.0006549220244149723,1.0699570500154508e-07
45,80%,random,1229.304977998254,0.00020768249459763866,0.0022698252660937612,1.6894301927892596e-07
45,80%,random,1190.38003100286,0.0001988613758323945,0.0016555145171039953,1.6705704955824877e-07
45,80%,random,1283.8683149966528,0.00015430473780749573,0.0007366140175601998,1.2018735566964906e-07
45,80%,error_only,1177.7628510026261,0.00010323464194972877,-2.210129496127422e-05,8.765316537352611e-08
45,80%,error_influence,1295.071241002006,0.0001856616872226408,0.0009144195499253271,1.4336021165831232e-07
45,80%,heuristic,1207.056362000003,0.00017457795751962731,0.0008293603194395871,1.4463115643611255e-07
45,80%,learned_utility,1038.186753001355,0.00014861032444926815,0.0008183075473855439,1.4314411546828335e-07
46,10%,oracle_reference,690.3199770022184,7.043831433315265e-05,-0.0005201830335277435,1.0203719532938607e-07
46,10%,no_op,0.0,0.0,0.0,0.0
46,10%,random,778.4764659954817,5.2998002934605375e-06,8.765965521462249e-06,6.807913308828654e-09
46,10%,random,746.8930239992915,2.707901933900944e-05,3.264575446237927e-05,3.6255552627888954e-08
46,10%,random,744.3270730000222,1.3681169413766568e-05,4.806189047990017e-05,1.8380588198443993e-08
46,10%,random,730.4218499994022,2.338548124492557e-05,0.0003875330298175328,3.201640428054652e-08
46,10%,random,721.4544860034948,8.61514022036683e-06,5.471200526585562e-05,1.1941349575758403e-08
46,10%,error_only,667.207614002109,4.322076129118643e-05,0.00010368134589455735,6.477857923703163e-08
46,10%,error_influence,661.1579270029324,4.322076129118643e-05,0.00010368134589455735,6.537131224775399e-08
46,10%,heuristic,728.7765049986774,7.079235027311636e-05,-0.0005286456939010975,9.71386286296988e-08
46,10%,learned_utility,926.6415930032963,2.7185600026253752e-05,0.00039388136264406626,2.9337772264402388e-08
46,20%,oracle_reference,741.0636249987874,0.00011277876081033386,-0.00010670154118841424,1.5218499060795004e-07
46,20%,no_op,0.0,0.0,0.0,0.0
46,20%,random,899.1673929995159,1.0664918956277093e-05,6.650087013859718e-05,1.1860882678029712e-08
46,20%,random,793.612949004455,2.4028097750847473e-05,4.534117888255196e-06,3.0276846894937184e-08
46,20%,random,784.0616920002503,3.0714637381758475e-05,0.00028112426097415266,3.917375086060022e-08
46,20%,random,822.2312289944966,2.0335505519005367e-05,0.00031165605577321287,2.473210065722458e-08
46,20%,random,756.7497749987524,1.4720289106486077e-05,2.6600225861983517e-05,1.9451990067007745e-08
46,20%,error_only,755.173969999305,6.533143773752127e-05,0.00042834390275992007,8.651177123806505e-08
46,20%,error_influence,760.7381000052555,7.946119359977758e-05,0.0006030792356188641,1.0445275923373448e-07
46,20%,heuristic,746.0319580059149,0.00012075693630481788,-4.8665900607147705e-05,1.6186563458701117e-07
46,20%,learned_utility,822.8283999997075,3.626434046803272e-05,0.00048245668862101354,4.407278658350345e-08
46,40%,oracle_reference,778.2645960032823,0.00017973041143750935,0.0006054977670615358,2.3093741172411153e-07
46,40%,no_op,0.0,0.0,0.0,0.0
46,40%,random,991.7981190010323,6.697190821649071e-05,0.0005810101984202731,6.75257463524399e-08
46,40%,random,1010.6887739966623,4.4067787925026694e-05,0.00026117290706473284,4.3601738793204624e-08
46,40%,random,918.7404350013821,8.514312699950841e-05,0.0008080545553816876,9.267375610759999e-08
46,40%,random,919.2937940024422,0.00012419238876314358,0.00023154833852956358,1.3509542822260547e-07
46,40%,random,962.9334790006396,5.514651850459792e-05,0.0003016802972304333,5.726929191602163e-08
46,40%,error_only,817.2251920041163,0.00015194198653668915,0.00020252854895730366,1.8592425689187984e-07
46,40%,error_influence,889.5899449998979,0.0001423773362299609,0.00011940001673949041,1.6004827508473834e-07
46,40%,heuristic,863.3968880021712,0.0001358602656796035,0.00018408899175526017,1.5735551930697003e-07
46,40%,learned_utility,874.1457120049745,7.919426976480925e-05,0.0008700327737027891,9.059618857268796e-08
46,60%,oracle_reference,949.9172479991103,0.00021320560940405275,0.0008219617859381856,2.2444650821231584e-07
46,60%,no_op,0.0,0.0,0.0,0.0
46,60%,random,1093.9427750054165,0.00010278228473316621,0.001013644239698408,9.395581476614012e-08
46,60%,random,1082.6361889994587,9.943278026410763e-05,0.0004482960246647849,9.18432076023623e-08
46,60%,random,1038.128036998387,0.0001028773438493793,0.000900568708946281,9.909889742197489e-08
46,60%,random,1166.6566310013877,0.00018502876128366757,0.00046220210322900357,1.5859744535532278e-07
46,60%,random,1035.5025850003585,0.00011892077801618423,-0.0001366258653217045,1.1484353563071313e-07
46,60%,error_only,965.0577369975508,0.00018029341250002455,0.00034702483888437996,1.8682137408788227e-07
46,60%,error_influence,997.0853880004142,0.0001943109883877904,0.0008585440615753726,1.9487898501598508e-07
46,60%,heuristic,935.4423739932827,0.00018213190025866206,0.00042199551955945935,1.947013576915107e-07
46,60%,learned_utility,1011.2685800049803,0.00017176131153812552,0.0006704963040782275,1.6984737282876882e-07
46,80%,oracle_reference,1012.4463440006366,0.00022633470977158752,0.0009332212336765622,2.2355230093205334e-07
46,80%,no_op,0.0,0.0,0.0,0.0
46,80%,random,1194.6702139975969,0.00017421181902967748,0.00044134300208042987,1.458241923072068e-07
46,80%,random,1162.6345429976936,0.00018141395892132004,0.0003164927954344421,1.5603695934714708e-07
46,80%,random,1322.3531320036273,0.00017807510673818402,0.0004159494489464066,1.3466531929210536e-07
46,80%,random,1113.9642009948147,0.0002011550887512904,0.0005559181416838754,1.8057590052862635e-07
46,80%,random,1171.3306239980739,0.00014671526609473282,0.000284449495538297,1.252552123959273e-07
46,80%,error_only,1122.029823003686,0.00021143078325699266,0.0008089615473210188,1.884359746258706e-07
46,80%,error_influence,1126.7310559996986,0.0002227465262775568,0.0009220346929286194,1.9769271920877664e-07
46,80%,heuristic,1084.2060479990323,0.0001930040017404288,0.00045192369304025704,1.7801413494845313e-07
46,80%,learned_utility,1018.2454770038021,0.0001924439712996092,0.0007085889220714847,1.8899565541491782e-07
46,10%,oracle_reference,716.9695420016069,0.00015640149322835797,0.0015086084034070524,2.1814245106106257e-07
46,10%,no_op,0.0,0.0,0.0,0.0
46,10%,random,805.9151340057724,3.7972597521832096e-06,2.6327928935643286e-05,4.71173649923791e-09
46,10%,random,713.7926520008477,1.325663020848355e-05,3.1114842254709174e-05,1.8572102376402448e-08
46,10%,random,752.1683249942726,9.684841608407325e-06,-5.265566633383401e-06,1.287589663986591e-08
46,10%,random,729.117253998993,1.2137794891076464e-05,2.5370546904213143e-05,1.6647246824162015e-08
46,10%,random,760.8671100024367,1.156671079938412e-05,4.260345574280677e-05,1.5202011819576586e-08
46,10%,error_only,794.2913590013632,1.670334346605975e-05,5.935773822685064e-05,2.102923980824911e-08
46,10%,error_influence,753.6018829996465,8.373409217941529e-05,0.0003250414280593361,1.1111184044036494e-07
46,10%,heuristic,768.4638810023898,-3.259705194922094e-07,-0.0001397746951781187,-4.241845681374264e-10
46,10%,learned_utility,739.169608001248,1.156671079938412e-05,4.260345574280677e-05,1.5648249974266516e-08
46,20%,oracle_reference,784.3018580024363,0.00022300807173176546,0.0023921847892154346,2.843395938137287e-07
46,20%,no_op,0.0,0.0,0.0,0.0
46,20%,random,878.6711119973916,0.00016014762137483922,0.0015349454794897355,1.8226116596776729e-07
46,20%,random,812.2677080027643,2.3128245273135162e-05,0.0001196736903494866,2.847367320560336e-08
46,20%,random,808.5178769979393,2.370897623838692e-05,0.00021014918922190873,2.9323997542786982e-08
46,20%,random,799.2799249987002,2.4153837849773323e-05,0.00015366161968266567,3.0219497693267606e-08
46,20%,random,801.8717280065175,2.1145393274106994e-05,3.6859145199130694e-05,2.6370044653744328e-08
46,20%,error_only,750.4753120010719,3.012304931247371e-05,5.648557092285955e-05,4.0138627921221595e-08
46,20%,error_influence,776.766974995553,0.00011691421324293236,0.0007449026656072277,1.5051388254965613e-07
46,20%,heuristic,778.586066000571,6.759911404869913e-06,-0.00010339541304915656,8.682291785151155e-09
46,20%,learned_utility,884.7095439996338,3.026408099149248e-05,0.000283871359709309,3.4207928688859055e-08
46,40%,oracle_reference,885.4175980013679,0.00027611169152033654,0.002779674170408697,3.118434647601278e-07
46,40%,no_op,0.0,0.0,0.0,0.0
46,40%,random,947.5979239941807,0.00023710256971370557,0.0024601964929900078,2.5021431950199335e-07
46,40%,random,938.2707900003879,9.217883922130014e-05,0.0009378513736439942,9.824332186794607e-08
46,40%,random,955.4011510044802,3.229368417334252e-05,0.0001890859417965629,3.380117779781813e-08
46,40%,random,1001.3833539996995,7.496946538774174e-05,0.0005361638409873137,7.486589934643974e-08
46,40%,random,935.3421679988969,5.137308854696388e-05,0.0003542436898769097,5.492437987359559e-08
46,40%,error_only,882.9371179963346,7.698714206661734e-05,0.0005012154311359041,8.719436582451724e-08
46,40%,error_influence,959.2269249988021,0.00021437749039886163,0.002040169401896108,2.234898591896066e-07
46,40%,heuristic,938.417296994885,0.0001344253178099378,0.0008626817509806983,1.4324684576937258e-07
46,40%,learned_utility,1006.0801430008723,0.00015967021450137822,0.0018984134406405673,1.5870526380246805e-07
46,60%,oracle_reference,1081.5998980033328,0.0003056653317022144,0.0029147527610664525,2.826048081795146e-07
46,60%,no_op,0.0,0.0,0.0,0.0
46,60%,random,1201.7761929964763,0.00026731100773235,0.0027375228461661294,2.224299410240803e-07
46,60%,random,1082.8359690058278,0.00014442115329619835,0.0014176270058214868,1.3337306612449726e-07
46,60%,random,1040.2436559961643,0.00014057747877796938,0.000968972935842416,1.3513899168493246e-07
46,60%,random,1071.5408140022191,0.00018294410305907802,0.0009584394590547163,1.7072994389805776e-07
46,60%,random,1084.7755069989944,8.331479931240759e-05,0.0008229429220438789,7.680372461846599e-08
46,60%,error_only,939.2675969938864,0.00016048887827290175,0.0008612454014311766,1.7086597981932337e-07
46,60%,error_influence,1108.5333460068796,0.00022926313728811057,0.0020229285648607487,2.0681663579535456e-07
46,60%,heuristic,971.172398996714,0.000274669286003775,0.002516714071198578,2.82822376632127e-07
46,60%,learned_utility,1140.718663998996,0.00017848038173843135,0.002043521794821146,1.5646310292910966e-07
46,80%,oracle_reference,1206.5037790016504,0.00032288343547772007,0.0031710304283425472,2.676190834187834e-07
46,80%,no_op,0.0,0.0,0.0,0.0
46,80%,random,1270.657533998019,0.0002817393331724232,0.0027260271014668547,2.2172719685213188e-07
46,80%,random,1202.9772280002362,0.0002269219368454546,0.002556947371633811,1.8863360965084707e-07
46,80%,random,1220.088381000096,0.00027308347580619254,0.002748060638873895,2.2382270010828917e-07
46,80%,random,1177.3438159943908,0.00021750465054482974,0.0013884175928886577,1.8474182952337008e-07
46,80%,random,1213.3765120015596,0.00016134570200488277,0.0018624962797577638,1.329724948595967e-07
46,80%,error_only,1116.0224210034357,0.00028493390332910815,0.002487018302813837,2.5531198833166717e-07
46,80%,error_influence,1214.3723929984844,0.00030629157517449824,0.002709262528323819,2.5222211649444216e-07
46,80%,heuristic,1153.5329819962499,0.0002992324729857458,0.0027523715614421462,2.594052165443143e-07
46,80%,learned_utility,1183.610742999008,0.00029916635800970247,0.0026532214249890274,2.527573864796809e-07
